description,category,source_bank,transaction_type
PYMNT NETFLIX.COM,hiburan,BSI,debit
PYMNT GOFOOD,makanan,BNI,debit
DB EDC HAPPY PUPPY KTV,hiburan,BRI,debit
QRIS PMT FOTOKOPI PRINT DPS,lainnya,Danamon,debit
TRSF E-BANKING DB GRABFOOD,makanan,Danamon,debit
BIAYA BEROBAT RS ADVENT,kesehatan,BNI,debit
DEBIT EDC LRT JABODEBEK DPS,transport,Danamon,debit
DB MYREPUBLIC,tagihan,Mandiri,debit
DEBIT EDC BIMBEL ONLINE YK,pendidikan,BCA,debit
QRIS PMT BARBERSHOP BPN,lainnya,BRI,debit
TRF BULANAN KE TONO HARTONO,transfer_keluarga,Mandiri,transfer
TRSF E-BANKING DB TIKTOK SHOP,belanja,BRI,debit
NP DUFAN SOL,hiburan,BRI,debit
BYR VIA M-BANKING TAGIHAN KARTU KREDIT MANDIRI,tagihan,Danamon,debit
TRSF E-BANKING DB BIAYA UJIAN NASIONAL,pendidikan,BCA,debit
BYR BPJS KESEHATAN 6943051486,tagihan,Danamon,debit
DEBIT EDC WATERBOM BTM,hiburan,BCA,debit
QRIS PMT BIOSKOP CGV CRB,hiburan,Mandiri,debit
PYMNT GRAB,transport,BRI,debit
PATUNGAN KADO DEWI LESTARI,transfer_sosial,Mandiri,transfer
DEBIT EDC BIAYA KULIAH SWASTA LPG,pendidikan,BRI,debit
BAYAR  TAGIHAN INDOSAT OOREDOO,tagihan,BCA,debit
QRIS PMT ANYTIME FITNESS BPN,hiburan,BNI,debit
DEBIT EDC TOGA MAS SBY,pendidikan,Danamon,debit
PEMBAYARAN PDAM TIRTA BHAGASASI 17360621,tagihan,BSI,debit
TRSF E-BANKING DB UKT SEMESTER GENAP,pendidikan,CIMB,debit
NP AQIQAH JKT,lainnya,BRI,debit
IPY PERIPLUS BOOKSTORE,pendidikan,Mandiri,debit
TRSF E-BANKINGDB KURSUS KOMPUTER,pendidikan,Mandiri,debit
DB FLAZZ TOPUP,transport,BRI,debit
TRF 139124 BNI,tidak_diketahui,Danamon,transfer
IPY LES PRIVAT,pendidikan,BNI,debit
E-BANKING DB 6669184950 KIRIMAN OKI PRATAMA,transfer_keluarga,BRI,transfer
DB EDC AHASS HONDA,transport,BSI,debit
TRF BULANAN KE DEWI LESTARI,transfer_keluarga,BSI,transfer
PYMNT PDAM KOTA 716921,tagihan,BNI,debit
PATUNGAN KADO SARI INDAH,transfer_sosial,Mandiri,transfer
NP GIANT HYPERMARKET YK,belanja,BRI,debit
NP AMAZONE SOL,hiburan,BRI,debit
PEMBAYARAN PDAM TIRTA JAYA 980266,tagihan,BCA,debit
DB TRAVELOKA RIDE,transport,Permata,debit
RETAIL ADIDAS STORE DPS,belanja,BSI,debit
DB GRABFOOD FOOD,makanan,CIMB,debit
PEMBAYARAN RAWAT RS PONDOK INDAH,kesehatan,Danamon,debit
TRF KE KARTINI SARI PATUNGAN WISATA,transfer_sosial,CIMB,transfer
KIRIM UANG ISTRI ZAKI ABDILLAH,transfer_keluarga,Permata,transfer
PEMBAYARAN GRABFOOD,makanan,BSI,debit
IPY KAI ACCESS,transport,Permata,debit
NP SUPERINDO PBR,belanja,BRI,debit
QRIS PMT PARKIR SOL,transport,Permata,debit
DB VIDIO PREMIER,hiburan,BNI,debit
PEMBAYARAN SHOPEEFOOD,makanan,BRI,debit
DB MAXIM RIDE,transport,Mandiri,debit
IPY SHOPEE,belanja,Permata,debit
QRIS PMT KURSUS KOMPUTER,pendidikan,Permata,debit
BAYAR TAGIHAN IURAN IPL APARTEMEN,tagihan,CIMB,debit
TRSF E-BANKING DB GOP,topup_ewallet,CIMB,transfer
PYMNT SPOTIFY PREMIUM,hiburan,BNI,debit
AUTODEBET PLN PREPAID,tagihan,Danamon,debit
PYMNT VIDIO PREMIER,hiburan,BNI,debit
IPY GRABFOOD,makanan,Mandiri,debit
IPY ZALORA,belanja,BNI,debit
BYR TAGIHAN TELKOMSEL HALO,tagihan,Permata,debit
BYR TAGIHAN CICILAN KPR BTN,tagihan,BCA,debit
SWITCHING DB PDAM TIRTA JAYA,tagihan,BCA,debit
QRIS SATE KHAS SENAYAN,makanan,Permata,debit
PEMBAYARAN GOFOOD,makanan,Permata,debit
DB TRAVELOKA EATS FOOD,makanan,Danamon,debit
NP ERIGO MDN,belanja,BRI,debit
DB EDC LABORATORIUM PRAMITA,kesehatan,Permata,debit
BYR BIAYA WISUDA 9176510107,pendidikan,Mandiri,debit
DB AQIQAH,lainnya,Mandiri,debit
AUTODEBET CICILAN ADIRA FINANCE,tagihan,BCA,debit
BYR VIA M-BANKING PDAM KOTA,tagihan,BCA,debit
RESTO TOMORO COFFEE SMG,makanan,CIMB,debit
BYR PET SHOP 139961,lainnya,BCA,debit
KONDANGAN PERNIKAHAN PUTRI MAHARANI,transfer_sosial,Mandiri,transfer
QRIS PMT INDOMARET BDG,belanja,Mandiri,debit
DB EDC RS MEDISTRA,kesehatan,BSI,debit
PEMBAYARAN LAZADA ORDER,belanja,CIMB,debit
TRSF E-BANKING DB 9430404059 ENDAH PURWANTI,transfer_sosial,BNI,transfer
QRIS PMT KURSUS LIA LANGUAGE,pendidikan,Permata,debit
TRSF E-BANKING DB KURSUS BAHASA EF ENGLISH,pendidikan,Danamon,debit
TRSF E-BANKING DB GRABFOOD,makanan,Danamon,debit
DB TRAVELOKA EATS FOOD,makanan,Permata,debit
DB E-TOLL PLB,transport,Permata,debit
makan a&w restaurant lpg,makanan,BNI,debit
TOP UP LINKAJA 564757,topup_ewallet,LinkAja,ewallet
TRANSFER KE BUDI SANTOSO NAFKAH BULANAN,transfer_keluarga,BSI,transfer
PBK GIRO KE TABUNGAN 8081825978,transfer_internal,BSI,transfer
BIAYA HIDUP KELUARGA GILANG RAMADHAN,transfer_keluarga,BCA,transfer
TRSF DEBIT 60448444,tidak_diketahui,Mandiri,transfer
SWITCHING DB YOUTUBE PREMIUM,hiburan,BNI,debit
KIRIM UANG ISTRI KURNIA SARI,transfer_keluarga,Danamon,transfer
BYR CICILAN FIF MOTOR 7925154852,tagihan,Mandiri,debit
TRF KE DINA FITRIANI PATUNGAN WISATA,transfer_sosial,BCA,transfer
BYR FOTOKOPI PRINT 75628988,lainnya,BSI,debit
TRSF E-BANKING DB KURSUS MUSIK YAMAHA,pendidikan,Danamon,debit
vis solaria bgr,makanan,Mandiri,debit
TRF PATUNGAN ZAHRA NURLAILA,transfer_sosial,BNI,transfer
KIRIM KE ADIK KARTINI SARI 5794323394,transfer_keluarga,CIMB,transfer
DB SMARTFREN,tagihan,BNI,debit
NP ALFAMIDI SBY,belanja,BRI,debit
kirim nafkah sari indah,transfer_keluarga,Mandiri,transfer
BYR VIA M-BANKING BIZNET HOME,tagihan,Permata,debit
TRANSFER KAS RT PANDU ADITYA,transfer_sosial,BNI,transfer
TRF ARISAN SURYA DARMA 746078,transfer_sosial,BRI,transfer
IPY TRAVELOKA EATS,makanan,Permata,debit
BAYAR TAGIHAN CICILAN KENDARAAN,tagihan,BCA,debit
TRAVELOKA EATS,makanan,BCA,debit
PYMNT TRAVELOKA,transport,BNI,debit
BAYAR TAGIHAN XL AXIATA,tagihan,BNI,debit
BAYAR KLINIK RS SILOAM CRB,kesehatan,Danamon,debit
KIRIMAN IBU HADI SUSANTO 6316125721,transfer_keluarga,Permata,transfer
TOP UP LinkAja VIA Mandiri,topup_ewallet,LinkAja,ewallet
DB  SOLARIA MKS,makanan,CIMB,debit
PEMBAYARAN GOFOOD,makanan,Danamon,debit
QRIS  PMT PARKIR LPG,transport,Permata,debit
KIRIMAN BULANAN SUAMI NURI RAHAYU,transfer_keluarga,Danamon,transfer
DB ZENIUS EDUCATION,pendidikan,BCA,debit
DB E-TOLL TNG,transport,CIMB,debit
NP ZAKAT INFAQ MKS,lainnya,BRI,debit
KIRIMAN IBU VINA OKTAVIA 0894033457,transfer_keluarga,BCA,transfer
QRIS PMT BIMBEL NEUTRON,pendidikan,BRI,debit
NP AHASS HONDA TNG,transport,BRI,debit
DB PET SHOP 351,lainnya,BNI,debit
VIS GIANT HYPERMARKET,belanja,Mandiri,debit
DEBIT EDC SHELL SPBU MLG,transport,Mandiri,debit
BYR KURSUS LIA LANGUAGE 75401965,pendidikan,Danamon,debit
QRIS PMT ACE HARDWARE BKS,belanja,BRI,debit
BYR KURSUS BAHASA EF ENGLISH 747546,pendidikan,BSI,debit
TOP UP OVO VIA BRI,topup_ewallet,OVO,ewallet
DB FIRSTMEDIA,tagihan,BSI,debit
QRIS PMT FISIOTERAPI KLINIK MDN,kesehatan,BCA,debit
TIKET.COM TIKET,transport,Mandiri,debit
TRSF E-BANKING DB GOPAY 035859,topup_ewallet,GoPay,ewallet
QRIS PMT LABORATORIUM PRODIA SBY,kesehatan,Mandiri,debit
DB PLN TOKEN LISTRIK,tagihan,CIMB,debit
NP DOMINO'S PIZZA BPN,makanan,BRI,debit
IPY BPJSTK 221759,tagihan,CIMB,debit
APY FIRSTMEDIA 3916216484,tagihan,BCA,debit
SWITCHING DB Mandiri 5807551515 SARI INDAH,transfer_sosial,BNI,transfer
ipy maxim,transport,CIMB,debit
TRSF E-BANKING DB BARBERSHOP,lainnya,Danamon,debit
QRIS PMT BAKSO MALANG MKS,makanan,BNI,debit
PYMNT GARENA TOP UP,hiburan,Permata,debit
AUTODEBET TAGIHAN INTERNET INDIHOME,tagihan,Mandiri,debit
TAGIHAN INDIHOME TELKOM,tagihan,Permata,debit
BYR SEDEKAH 420981,lainnya,Permata,debit
DB GOFOOD ORDER,makanan,BSI,debit
PYMNT SHOPEEFOOD,makanan,Danamon,debit
MAKAN AYAM GEPREK BENSU YK,makanan,CIMB,debit
SUMBANGAN MASJID NURI RAHAYU,transfer_sosial,CIMB,transfer
DB TRF 1201298371,tidak_diketahui,BNI,transfer
TRANSFER KAS RT AHMAD FAUZI,transfer_sosial,Mandiri,transfer
IPY TRI HUTCHISON 128755528076,tagihan,Mandiri,debit
DEBIT EDC PERIPLUS BOOKSTORE BKS,pendidikan,Permata,debit
TRSF E-BANKING DB UKT SEMESTER GENAP 753,pendidikan,BSI,debit
DB VIDIO PREMIER,hiburan,Permata,debit
TRSF E-BANKING DB ASURANSI JIWA,lainnya,BSI,debit
TRSF E-BANKING DB SPOTIFY PREMIUM,hiburan,BCA,debit
BAYAR KLINIK OPTIK  MELAWAI PBR,kesehatan,BCA,debit
PMT SPP SMA,pendidikan,BCA,debit
PYMNT SEHATQ,kesehatan,Danamon,debit
IPY BIAYA KULIAH SWASTA,pendidikan,CIMB,debit
DB TAGIHAN BPJS KESEHATAN,tagihan,Permata,debit
VIS MIXUE BKS,makanan,Mandiri,debit
DB SUNATAN,lainnya,Mandiri,debit
PLN TOKEN LISTRIK 212213298366,tagihan,BCA,debit
TRSF E-BANKING DB SHOPE,makanan,BRI,debit
DB INDIHOME TELKOM,tagihan,BCA,debit
TRSF E-BANKING DB SPP SMA,pendidikan,Mandiri,debit
DB SHOPEEFOOD FOOD,makanan,Danamon,debit
BULANAN KE ZAKI ABDILLAH,transfer_keluarga,BSI,transfer
TRSF E-BANKING DB GRAB,transport,Permata,debit
PRC MARUGAME UDON BDG,makanan,BCA,debit
TRSF E-BANKING DB BUKALAPAK,belanja,BSI,debit
DB TOPUP EWALLET LinkAja,topup_ewallet,LinkAja,ewallet
DB EDC APOTEK VIVA GENERIK,kesehatan,CIMB,debit
SWITCHING DB TOL SBY,transport,BCA,debit
NP HAPPY PUPPY KTV SMG,hiburan,BRI,debit
VIS ES TEH INDONESIA TNG,makanan,Mandiri,debit
SA OB TABUNGAN BISNIS,transfer_internal,Mandiri,transfer
PRC H&M BPN 941,belanja,Mandiri,debit
IPY CICILAN ADIRA FINANCE 487450176468,tagihan,Danamon,debit
RESTO KFC BGR,makanan,BSI,debit
DONASI SARI INDAH 415514,transfer_sosial,Permata,transfer
DB PET SHOP,lainnya,BNI,debit
PATUNGAN ULANG TAHUN JOKO WIDODO,transfer_sosial,Danamon,transfer
QRIS PMT KLINIK GIG,kesehatan,BSI,debit
PYMNT ZENIUS EDUCATION,pendidikan,Danamon,debit
DONASI SOSIAL RATNA SARI,transfer_sosial,BSI,transfer
PEMBELIAN E-MONEY GoPay,topup_ewallet,GoPay,ewallet
TRSF E-BANKING DB APPLE STORE 316,hiburan,Danamon,debit
DB E-TOLL PLB,transport,Danamon,debit
PYMNT TRAVELOKA EATS,makanan,BNI,debit
QRIS PMT BIMBEL PRIMAGAMA,pendidikan,BSI,debit
PYMNT BLIBLI,belanja,BNI,debit
DB BUKALAPAK BELANJA,belanja,Danamon,debit
DB TIKTOK SHOPBELANJA,belanja,CIMB,debit
QRIS PMT APOTEK GUARDIAN DPS 920,kesehatan,CIMB,debit
QRIS PMT AHASS HONDA SMG,transport,Permata,debit
PYMNT XL PRABAYAR 9177509,tagihan,BCA,debit
TRSF NAFKAH IRA YUNITA BULANAN,transfer_keluarga,BCA,transfer
qris pmt nav karaoke dpk,hiburan,BSI,debit
DEBIT EDC APOTEK KIMIA FARMA SOL,kesehatan,BRI,debit
IPY STEAM PURCHASE,hiburan,Danamon,debit
TRSF NAFKAH DINA FITRIANI BULANAN,transfer_keluarga,BCA,transfer
KIRIM KONDANGAN YANTI PERMATA,transfer_sosial,Danamon,transfer
DB EDC SHELL SPBU,transport,Danamon,debit
DB EDC NEW ERA DPK,belanja,BSI,debit
TRSF E-BANKING DB DONASI PMI,lainnya,BNI,debit
TRSF NAFKAH RINA WATI BULANAN,transfer_keluarga,BNI,transfer
INFAQ JUMAT 545767,transfer_sosial,BSI,transfer
SUMBANGAN MASJID HENDRA GUNAWAN,transfer_sosial,Mandiri,transfer
TRSF E-BANKING DB SKILL ACADEMY,pendidikan,BSI,debit
TRSF E-BANKING DB XL PRABAYAR 502,tagihan,Danamon,debit
BIAYA BEROBAT APOTEK VIVA GENERIK,kesehatan,CIMB,debit
KIRIM UANG ISTRI TIKA RAHMADHANI,transfer_keluarga,BRI,transfer
TRANSFER BELANJA KELUARGA EKO PRASETYO,transfer_keluarga,BSI,transfer
QRIS PMT  PARKIR SOL,transport,BCA,debit
PRC LAWSON PLB,belanja,BRI,debit
IPY LINKEDIN LEARNING,pendidikan,BRI,debit
QRIS PMT YAMAHA SERVICE SOL,transport,BRI,debit
TRF ARISAN EKO PRASETYO 523478,transfer_sosial,BCA,transfer
DB SHOPEEFOOD FOOD,makanan,BRI,debit
IPY GRABFOOD,makanan,Mandiri,debit
DEBIT EDC APOTEK CENTURY SBY,kesehatan,BCA,debit
PYMNT TAGIHAN GAS PGN 652393,tagihan,Mandiri,debit
DEBIT EDC WARUNG NASI GORENG YK,makanan,BSI,debit
KONDANGAN PERNIKAHAN RATNA SARI,transfer_sosial,BRI,transfer
QRIS PMT PARKIR PLB,transport,BRI,debit
RETAIL RAMAYANA PBR,belanja,BNI,debit
ipy dokterku,kesehatan,BNI,debit
IPY TIKET.COM,transport,BRI,debit
DB GOJEK RIDE,transport,Mandiri,debit
EDC LES PRIVAT MLG,pendidikan,Danamon,debit
DB SHOPEEFOOD ORDER,makanan,Permata,debit
BIAYA BEROBAT APOTEK WATSONS 030,kesehatan,Danamon,debit
SWITCHING DB TOPUP OVO,topup_ewallet,OVO,ewallet
AUTODEBET PDAM KOTA,tagihan,Permata,debit
PYMNT TAGIHAN LISTRIK PLN 89075007,tagihan,Danamon,debit
trf 2289253711 bni,tidak_diketahui,BNI,transfer
PEMBAYARAN QRIS SUSHI TEI,makanan,Permata,debit
IPY GRABFOOD,makanan,BSI,debit
SA IB PRIMA Dr Trf GOPAY,topup_ewallet,GoPay,ewallet
DB EDC WARUNG NASI GORENG CRB,makanan,BNI,debit
PEMBAYARAN SHOPEEFOOD,makanan,BCA,debit
PEMBAYARAN SHOPEEFOOD,makanan,BRI,debit
TRSF E-BANKING DB 0815755690 SURYA DARMA RUTIN,transfer_keluarga,BRI,transfer
BIAYA HIDUP KELUARGA BUDI SANTOSO,transfer_keluarga,Danamon,transfer
KIRIMAN BULANAN SUAMI SARI INDAH,transfer_keluarga,BCA,transfer
TRSF E-BANKING DB TRAVELOKA,transport,BSI,debit
TRF IURAN RT YUSUF RAHMAN 3944290395,transfer_sosial,CIMB,transfer
QRIS PMT PARKIR LPG,lainnya,BRI,debit
KIRIMAN BULANAN SUAMI LESTARI  NINGRUM,transfer_keluarga,Danamon,transfer
BYR CICILAN KENDARAAN 625194 664,tagihan,BCA,debit
NP DUFAN PLB,hiburan,BRI,debit
IPY GARENA TOP UP,hiburan,BRI,debit
BYR KURSUS KOMPUTER 3042385858,pendidikan,BCA,debit
BIAYA BEROBAT APOTEK GUARDIAN,kesehatan,Danamon,debit
TRSF E-BANKING DB BIAYA UJIAN NASIONAL,pendidikan,BNI,debit
TRSF E-BANKING DB 6843849565,tidak_diketahui,BRI,transfer
TRSF E-BANKING DB DONASI PMI,lainnya,Danamon,debit
PEMBAYARAN RAWAT APOTEK WATSONS,kesehatan,BRI,debit
PRC HOKBEN SOL,makanan,BSI,debit
DB E-TOLL BPN,transport,Mandiri,debit
NP AQIQAH BKS,lainnya,BRI,debit
AUTODEBET TELKOMSEL KARTU AS,tagihan,Permata,debit
DB WARUNG PADANG SEDERHANA SBY,makanan,Danamon,debit
QRIS PMT BIAYA WISUDA,pendidikan,BNI,debit
TRF RUTIN BULANAN FAJAR SIDIQ 7540156469,transfer_keluarga,Danamon,transfer
pembayaran qris kopitiam,makanan,Permata,debit
BAYAR KLINIK PUSKESMAS BTM,kesehatan,BNI,debit
KIRIM KE ADIK JULIANA PUTRI 5727496220,transfer_keluarga,BRI,transfer
IPY MAXIM,transport,CIMB,debit
AUTODEBET BPJS KESEHATAN,tagihan,Permata,debit
TRF BULANAN KE NURI RAHAYU,transfer_keluarga,BRI,transfer
QRIS PMT LABORATORIUM CITO MLG,kesehatan,CIMB,debit
TRF IURAN RT LESTARI NINGRUM 4014494828,transfer_sosial,BNI,transfer
PYMNT TELKOMSEL SIMPATI 704477844225,tagihan,BSI,debit
NP WATERBOM YK,hiburan,BRI,debit
IPY TAGIHAN KARTU KREDIT BCA 568181,tagihan,Danamon,debit
DEBIT EDC APOTEK VIVA GENERIK BPN,kesehatan,BNI,debit
IPY GARENA TOP UP,hiburan,BCA,debit
PATUNGAN ULANG TAHUN WAHYU HIDAYAT,transfer_sosial,Permata,transfer
DB KAI ACCESS RIDE,transport,BNI,debit
DB YOSHINOYA MKS,makanan,BNI,debit
IPY SHOPEEFOOD,makanan,CIMB,debit
DONASI MEGA PUSPITA 822539 789,transfer_sosial,CIMB,transfer
NP CUCI MOBIL PLB,lainnya,BRI,debit
TRANSFER ANAK KOS TONO HARTONO,transfer_keluarga,Mandiri,transfer
TRANSFER KAS RT FAJAR SIDIQ,transfer_sosial,BSI,transfer
SA IB PRIMA Dr Trf 4391079082,tidak_diketahui,BCA,transfer
PEMBAYARAN GOFOOD,makanan,Danamon,debit
BYR UKT SEMESTER GENAP 510527,pendidikan,BSI,debit
DB EDC LABORATORIUM PRAMITA,kesehatan,BNI,debit
SWITCHING DB INDOSAT OOREDOO,tagihan,Permata,debit
DEBIT EDC ALFAMIDI PLB,belanja,Permata,debit
KIRIMAN AYAH VINA OKTAVIA,transfer_keluarga,BSI,transfer
DB BOBA THAI TEA MLG,makanan,BRI,debit
QRIS PMT PERIPLUS BOOKSTORE,pendidikan,BNI,debit
IPY BUKALAPAK,belanja,Mandiri,debit
DB EDC PERTAMINA SPBU,transport,Danamon,debit
BYR BPJS KETENAGAKERJAAN 27170324,tagihan,Danamon,debit
DB EDC BP SPBU,transport,CIMB,debit
MAKAN YOSHINOYA MDN 336,makanan,BNI,debit
SWITCHING DB PDAM KOTA,tagihan,Mandiri,debit
DB E-TOLL BGR,transport,BNI,debit
BPJS KETENAGAKERJAAN 7679335857,tagihan,CIMB,debit
SA OB CA TABUNGAN KE DEPOS,transfer_internal,Mandiri,transfer
DB EDC APOTEK CENTURY,kesehatan,Danamon,debit
BYR TAGIHAN TRI HUTCHISON,tagihan,BRI,debit
DB DISNEY+ HOTSTAR,hiburan,BSI,debit
BAYAR TAGIHAN CICILAN KPR BTN,tagihan,CIMB,debit
PYMNT SKILL ACADEMY,pendidikan,BRI,debit
E-BANKING DB BIMBEL ONLINE,pendidikan,Danamon,debit
TRF 727922 Danamon,tidak_diketahui,DANA,ewallet
PYMNT VIDIO PREMIER,hiburan,BCA,debit
QRIS PMT GOLD GYM BTM,hiburan,BRI,debit
VIS DAISO,belanja,Mandiri,debit
DEBIT EDC LABORATORIUM PRAMITA YK,kesehatan,Danamon,debit
DB EDC WATERBOM,hiburan,BCA,debit
DB SEDEKAH,lainnya,BRI,debit
PYMNT TRAVELOKA EATS,makanan,Permata,debit
AUTODEBET AXIS,tagihan,BSI,debit
QRIS PMT HYPERMART JKT,belanja,Permata,debit
IPY MAXIM,transport,CIMB,debit
E-BANKING DB TOGA MAS,pendidikan,BCA,debit
PRC UNIQLO MKS,belanja,CIMB,debit
ipy gramedia bookstore,pendidikan,BCA,debit
PEMBAYARAN INDOSAT IM3 47645581,tagihan,BNI,debit
DB EDC TIMEZONE,hiburan,BNI,debit
SWITCHING DB  UNIPIN,hiburan,BSI,debit
TRSF E-BANKING DBSALON,lainnya,BRI,debit
DB WARUNG KOPI TNG,makanan,BSI,debit
PYMNT RUANGGURU,pendidikan,Danamon,debit
DB EDC LABORATORIUM CITO,kesehatan,BCA,debit
SWITCHING DB XL PRABAYAR,tagihan,BNI,debit
VIS HERO SUPERMARKET,belanja,Mandiri,debit
RETAIL HERO SUPERMARKET BPN,belanja,BRI,debit
DEBIT EDC EXPRESS TAXI DPS,transport,BCA,debit
TRANSFER ANTAR REK BRI,transfer_internal,Danamon,transfer
TRSF E-BANKING DB DUOLINGO PLUS,pendidikan,Permata,debit
DB GRABFOOD FOOD,makanan,BCA,debit
PEMBAYARAN RAWAT RS MEDISTRA,kesehatan,BSI,debit
QRIS PMT PARKIR BDG,transport,Permata,debit
FOOD MARUGAME UDONSBY,makanan,BRI,debit
DB EDC RS ADVENT,kesehatan,BRI,debit
TOP UP OVO VIA ,topup_ewallet,OVO,ewallet
DEBIT EDC APOTEK W,kesehatan,Danamon,debit
DB TRAVELOKA TIKET 645,transport,Mandiri,debit
PEMBAYARAN RAWAT APOTEK K24,kesehatan,Permata,debit
IPY TRAVELOKA EATS,makanan,Danamon,debit
PEMBAYARAN QRIS KAFE KITA,makanan,BRI,debit
QRIS PMT PARKIR JKT,transport,BRI,debit
TRF KE DANA 053049,topup_ewallet,DANA,ewallet
BIAYA BEROBAT OPTIK MELAWAI,kesehatan,BRI,debit
PYMNT YOUTUBE PREMIUM,hiburan,Danamon,debit
FOOD HOKA HOKA BENTO PBR,makanan,Mandiri,debit
TRSF E-BANKING DB GOPAY 114452836531,topup_ewallet,GoPay,ewallet
QRIS PMT H&M LPG,belanja,CIMB,debit
IPY TIKET.COM,transport,Permata,debit
BYR VIA M-BANKING PLN PREPAID,tagihan,CIMB,debit
NP NAV KARAOKE BTM,hiburan,BRI,debit
SA IB PRIMA Dr Trf 8360286533 KARTINI SARI,transfer_keluarga,BCA,transfer
PRC SABANA FRIED CHICKEN PBR,makanan,CIMB,debit
TRF UANG JAJAN ANAK INDRA KUSUMA,transfer_keluarga,Mandiri,transfer
OVERBOOKING BRI INTERNAL,transfer_internal,Mandiri,transfer
SA IB PRIMA Dr Trf GOPAY,topup_ewallet,GoPay,ewallet
IPY UANG PANGKAL SEKOLAH,pendidikan,BCA,debit
PYMNT SHOPEE,belanja,Danamon,debit
PEMBAYARAN GOFOOD,makanan,CIMB,debit
NP RUMAH SAKIT UMUM SOL,kesehatan,BRI,debit
TRSF E-BANKING DB PLN PASCABAYAR,tagihan,CIMB,debit
DB TOKOPEDIA BELANJA,belanja,CIMB,debit
BYR TAGIHAN INTERNET INDIHOME 30636545,tagihan,BSI,debit
BYR VIA M-BANKING PLN PASCABAYAR,tagihan,BRI,debit
QRIS PMT BIMBEL ONLINE,pendidikan,BNI,debit
IPY PERIPLUS BOOKSTORE,pendidikan,BNI,debit
QRIS PMT CONVERSE STORE BKS,belanja,Permata,debit
NP PET SHOP MKS,lainnya,BRI,debit
FOOD WARUNG KOPI CRB,makanan,BNI,debit
QRIS PMT SPP SMA,pendidikan,Danamon,debit
QRIS PMT KLINIK ESTETIKA BKS,kesehatan,Danamon,debit
DB EDC GUARDIAN DPK,belanja,BCA,debit
BYR VIA M-BANKING BPJS KETENAGAKERJAAN,tagihan,Mandiri,debit
TRANSFER 3026486639,tidak_diketahui,Permata,transfer
TRANSFER BELANJA KELUARGA KURNIA SARI,transfer_keluarga,BRI,transfer
TRSF NAFKAH EKO PRASETYO BULANAN,transfer_keluarga,Permata,transfer
QRIS PMT UKT SEMESTER GENAP,pendidikan,BCA,debit
SWITCHING DB BSI 7099054412,tidak_diketahui,Permata,transfer
DB APPLE STORE,hiburan,BCA,debit
DB TRAVELOKA RIDE,transport,Permata,debit
TRF IURAN RT AHMAD FAUZI 9726300673,transfer_sosial,Danamon,transfer
KIRIMAN IBU JULIANA PUTRI 4009688999,transfer_keluarga,BCA,transfer
PRC GIANT HYPERMARKET BPN,belanja,Permata,debit
TRF KE IRA YUNITA PATUNGAN WISATA,transfer_sosial,BNI,transfer
NP HAPPY PUPPY KTV MLG,hiburan,BRI,debit
INFAQ JUMAT 743874,transfer_sosial,BRI,transfer
TRSF DB SUMBANGAN IRA YUNITA 333,transfer_sosial,Mandiri,transfer
APY LRT JABODEBEK,transport,BCA,debit
SA IB PRIMA Dr Trf GOPAY,topup_ewallet,GoPay,ewallet
QRIS PMT CINEPOLIS BDG,hiburan,BNI,debit
TRSF E-BANKING DB GOPAY 97346693,topup_ewallet,GoPay,ewallet
BYR UKT SEMESTER GENAP 3858636534,pendidikan,Mandiri,debit
SWITCHING DB APPLE STORE,hiburan,BNI,debit
PYMNT GRABFOOD,makanan,BRI,debit
DB EDC MATAHARI DEPT STORE SBY,belanja,Mandiri,debit
NP PECEL LELE LAMONGAN MLG,makanan,BRI,debit
AUTODEBET BIZNET ,tagihan,Danamon,debit
SWITCHING DB BSI 9938719392 LESTARI NIN,transfer_sosial,BCA,transfer
DB EDC LAWSON TNG,belanja,Danamon,debit
DB TOP UP EWALLET DANA,topup_ewallet,DANA,ewallet
DB SHOPEEFOOD FOOD,makanan,Permata,debit
DB EDC PUSKESMAS,kesehatan,BRI,debit
PYMNT APPLE MUSIC,hiburan,BRI,debit
TRF IURAN MUSHOLA WAHYU HIDAYAT,transfer_sosial,BSI,transfer
PYMNT CODASHOP,hiburan,Danamon,debit
donasi wati susanti 534706,transfer_sosial,BNI,transfer
PRC MATAHARI DEPT STORE DPK,belanja,Permata,debit
TRSF DB KIRIMAN KELUARGA ENDAH PURWANTI,transfer_keluarga,Permata,transfer
ipy ukt semester ganjil,pendidikan,BNI,debit
KIRIM NAFKAH TONO HARTONO,transfer_keluarga,CIMB,transfer
PRC WINGSTOP LPG,makanan,CIMB,debit
PRC KAFE KITA DPS,makanan,BNI,debit
TRSF NAFKAH YUSUF RAHMAN BULANAN,transfer_keluarga,BNI,transfer
TRF BULANAN KE UMI KALSUM,transfer_keluarga,Mandiri,transfer
BAYAR TAGIHAN CICILAN FIF MOT,tagihan,BNI,debit
DB EDC BOBA THAI TEA BPN,makanan,BRI,debit
DB GOFOOD FOOD,makanan,BCA,debit
DB EDC TRANS STUDIO BANDUNG 584,hiburan,BCA,debit
BYR BPJSTK 506439757246,tagihan,Danamon,debit
NP DOMINO'S PIZZA MDN,makanan,BRI,debit
MAKAN SUSHI TEI BDG,makanan,BNI,debit
DB GOFOOD FOOD,makanan,Permata,debit
DB COURSERA,pendidikan,BRI,debit
SWITCHING DB BNI 2722212115,tidak_diketahui,Mandiri,transfer
PEMBAYARAN SHOPEEFOOD,makanan,BNI,debit
DB GOJEK TIKET,transport,BNI,debit
TRSF E-BANKING DB 1110253090 NURI RAHAYU RUTIN,transfer_keluarga,Permata,transfer
DB EDC YOSHINOYA PLB 676,makanan,BCA,debit
PYMNT GOFOOD,makanan,BNI,debit
AUTODEBET TAGIHAN KARTU KREDIT BCA,tagihan,Danamon,debit
E-BANKING DB GOPAY 357901,topup_ewallet,GoPay,ewallet
RETAIL ALFAMART TNG,belanja,BSI,debit
NP NAV KARAOKE SBY,hiburan,BRI,debit
BAYAR TAGIHAN TAGIHAN KARTU KREDIT BCA,tagihan,Mandiri,debit
PEMBAYARAN RAWAT LABORATORIUM CITO,kesehatan,Permata,debit
PYMNT TIKET.COM,transport,Permata,debit
IURAN ARISAN BULANAN VERA ANGGRAINI,transfer_sosial,Mandiri,transfer
DB PLN PASCABAYAR,tagihan,BCA,debit
TOPUP SHOPEEPAY 75583668,topup_ewallet,ShopeePay,ewallet
BYR UKT SEMESTER GANJIL 958119655899,pendidikan,Mandiri,debit
DB TRF 8917339929,tidak_diketahui,BSI,transfer
KIRIM KONDANGAN HENDRA GUNAWAN,transfer_sosial,CIMB,transfer
PYMNT PLN PREPAID 542762531272 029,tagihan,BCA,debit
TRF ORANG TUA WATI SUSANTI 5463373883,transfer_keluarga,Danamon,transfer
KONDANGAN PERNIKAHAN OLIVIA SINAGA,transfer_sosial,BCA,transfer
BYR BIAYA KULIAH SWASTA 195625,pendidikan,BCA,debit
BIAYA BEROBAT LABORATORIUM PRODIA,kesehatan,BSI,debit
PEMBAYARAN SHOPEEFOOD,makanan,BRI,debit
PEMBAYARAN RAWAT RUMAH SAKIT UMUM,kesehatan,BRI,debit
np wingstop jkt,makanan,BRI,debit
TRF KE DANA 6779628031,topup_ewallet,DANA,ewallet
BAYAR TAGIHAN TAGIHAN KARTU KREDIT MANDIRI,tagihan,BCA,debit
NP CONVERSE STORE BPN,belanja,BRI,debit
VIS ERIGO,belanja,Mandiri,debit
TRANSFER BELANJA KELUARGA JOKO WIDODO,transfer_keluarga,CIMB,transfer
trsf e-banking db grabhealth,kesehatan,Danamon,debit
DB TRAVELOKA TIKET,transport,CIMB,debit
QRIS PMT HAPPY PUPPY KTV BDG,hiburan,BRI,debit
TRSF E-BANKING DB CICILAN FIF MOTOR,tagihan,CIMB,debit
IPY TIKTOK SHOP,belanja,BSI,debit
SWITCHING DB BSI 0860264272 FITRI HANDAYANI,transfer_keluarga,CIMB,transfer
DB NOTARIS PPAT,lainnya,BCA,debit
BAYAR KLINIK APOTEK GUARDIAN CRB,kesehatan,BSI,debit
DEBIT EDC ES TEH INDON,makanan,Mandiri,debit
PYMNT GRAB,transport,BRI,debit
DEBIT EDC NAV KARAOKE CRB,hiburan,BSI,debit
RESTO BEBEK GORENG HARISSA PBR,makanan,BSI,debit
DEBIT EDC BURGER KING TNG,makanan,BNI,debit
TRSF E-BANKING DB SHOPEEFOOD,makanan,BSI,debit
PATUNGAN ULANG TAHUN VINA OKTAVIA,transfer_sosial,BRI,transfer
TRSF E-BANKING DB REK SENDIRI 4033355779,transfer_internal,Danamon,transfer
TRF 851594 Danamon,tidak_diketahui,DANA,ewallet
SWITCHING DB TOPUP OVO,topup_ewallet,OVO,ewallet
TRF RUTIN BULANAN INDRA KUSUMA 7261034302,transfer_keluarga,BNI,transfer
BAYAR TAGIHAN TAGIHAN INTERNET INDIHOME,tagihan,BCA,debit
PEMBAYARAN TRAVELOKA,makanan,Permata,debit
TRANSFER 2215847972,tidak_diketahui,Mandiri,transfer
TRSF E-BANKING DB BIMBEL ONLINE,pendidikan,BSI,debit
IPY KURSUS BAHASA EF ENGLISH,pendidikan,BSI,debit
TRANSFER IURAN ARISAN GUNAWAN WIBOWO,transfer_sosial,Mandiri,transfer
IPY SHOPEE,belanja,BCA,debit
BYR PLN TOKEN LISTRIK 4433015436,tagihan,Mandiri,debit
TRSF E-BANKING DB GRABFOOD,makanan,BNI,debit
TRF KE DANA 421211187251,topup_ewallet,DANA,ewallet
TRSF E-BANKING DB TRAVELOKA,transport,CIMB,debit
BIAYA HIDUP KELUARGA MULYADI,transfer_keluarga,BRI,transfer
DB GOFOOD FOOD,makanan,Permata,debit
PYMNT APPLE MUSIC,hiburan,BSI,debit
AUTODEBET IURAN IPL APARTEMEN,tagihan,BSI,debit
MAKAN KOPI KENANGAN BGR,makanan,Mandiri,debit
BYR TOGA MAS 38487302,pendidikan,BCA,debit
IPY TAGIHAN GAS PGN 462590,tagihan,CIMB,debit
TOP UP LINKAJA 6241520231,topup_ewallet,LinkAja,ewallet
DEBIT EDC LABORATORI,kesehatan,CIMB,debit
BYR VIA M-BANKING BPJS KESEHATAN,tagihan,BSI,debit
QRIS PMT BIOSKOP CGV SBY,hiburan,BRI,debit
KONSULTASI HALODOC,kesehatan,CIMB,debit
BIAYA HIDUP KELUARGA JULIANA PUTRI,transfer_keluarga,Permata,transfer
VIS BAKSO BOEDJANGAN MDN,makanan,Mandiri,debit
SWITCHING DB IURAN BPJS,tagihan,CIMB,debit
TRSF E-BANKING DB FOTOKOPI PRINT,lainnya,BRI,debit
PYMNT DUOLINGO PLUS,pendidikan,BSI,debit
TRSF E-BANKING DB GOJEK,transport,Mandiri,debit
DB SHOPEEFOOD ORDER,makanan,Mandiri,debit
FOOD MIE AYAM JAKARTA SBY,makanan,BSI,debit
BAYAR TAGIHAN  CICILAN KPR BRI,tagihan,BSI,debit
BYR UANG PANGKAL SEKOLAH 318433739804,pendidikan,Mandiri,debit
KIRIMAN AYAH IRA YUNITA,transfer_keluarga,BNI,transfer
DEBIT EDC SPP SEKOLAH DASAR BPN,pendidikan,CIMB,debit
DB EDC RS SILOAM,kesehatan,BRI,debit
DB SUNATAN,lainnya,CIMB,debit
TRSF DB KIRIMANKELUARGA WATI SUSANTI,transfer_keluarga,CIMB,transfer
TRF 0644136897 BNI,tidak_diketahui,BCA,transfer
QRIS PMT BLUE BIRD TAXI BPN,transport,BNI,debit
VIS ALFAMART,belanja,Mandiri,debit
OVERBOOKING CIMB INTERNAL,transfer_internal,BRI,transfer
TOP UP OVO VIA Mandiri,topup_ewallet,OVO,ewallet
RETAIL IBOX APPLE BTM,belanja,Permata,debit
BYR FIRSTMEDIA 987117735170,tagihan,Danamon,debit
BYR VIA M-BANKING INDOSAT IM3,tagihan,BSI,debit
TRSF E-BANKING DB 0505455846,tidak_diketahui,BSI,transfer
VIS ALFAMIDI,belanja,Mandiri,debit
PRC HOKA HOKA BENTO TNG,makanan,Mandiri,debit
DEBIT EDC OPTIK SEIS SBY,kesehatan,BSI,debit
PEMBAYARAN LAZADA ORDER,belanja,BCA,debit
BYR VIA M-BANKING MYREPUBLIC,tagihan,BSI,debit
DB IURAN BULANAN RT,tagihan,CIMB,debit
RETAIL MATAHARI DEPT STORE BDG,belanja,Mandiri,debit
BAYAR TAGIHAN CICILAN FIF MOTOR,tagihan,Danamon,debit
TRSF E-BANKING DB SUNATAN,lainnya,Permata,debit
DB GRABFOOD FOOD,makanan,BRI,debit
TRSF DB SUMBANGAN WATI SUSANTI,transfer_sosial,BNI,transfer
PRC ERAFONE SBY,belanja,BSI,debit
BELANJA MINISO DPS,belanja,CIMB,debit
QRIS PMTAPOTEK CENTURY MKS,kesehatan,CIMB,debit
DB EDC WARUNG KOPI TNG,makanan,BCA,debit
SUMBANGAN MASJID DINA FITRIANI,transfer_sosial,BNI,transfer
RESTO RICHEESE FACTORY BGR,makanan,BNI,debit
DB LINKEDIN LEARNING,pendidikan,Permata,debit
BAYAR TAGIHAN BPJSTK,tagihan,Mandiri,debit
TRSF E-BANKING DB PARKIR,lainnya,BCA,debit
DB E-TOLL MLG,transport,BSI,debit
NP KLINIK ESTETIKA SOL,kesehatan,BRI,debit
TRF ORANG TUA GILANG RAMADHAN 9399063646,transfer_keluarga,BSI,transfer
DB LAZADA PAYMENT,belanja,Mandiri,debit
DEBIT EDC CUCI MOBIL TNG,lainnya,BRI,debit
BYR SPP SMP 115447,pendidikan,Danamon,debit
IPY SPP SMP,pendidikan,BSI,debit
QRIS PMT SOCIOLLA BGR,belanja,Danamon,debit
db edc amazone,hiburan,BRI,debit
DEBIT EDC PET SHOP SMG,lainnya,BNI,debit
BIAYA BEROBAT LABORATORIUM PRAMITA,kesehatan,BNI,debit
DB EDCBIOSKOP CGV,hiburan,BSI,debit
DEBIT EDC BOBA THAI TEA PLB,makanan,BRI,debit
IPY SHOPEEFOOD,makanan,BRI,debit
TRSF E-BANKING DB GOPAY 04770646,topup_ewallet,GoPay,ewallet
DB PLN PREPAID,tagihan,Danamon,debit
BAYAR KLINIK APOTEK 24 JAM BTM,kesehatan,BNI,debit
TRANSFER KE GOPAY 55088444,topup_ewallet,GoPay,ewallet
DONASI SOSIAL HADI SUSANTO,transfer_sosial,Danamon,transfer
BELANJA PLANET SPORT PBR 372,belanja,BSI,debit
NP SABANA FRIED CHICKEN JKT,makanan,BRI,debit
DONASI SOSIAL JULIANA PUTRI,transfer_sosial,Permata,transfer
BYR UANG PANGKAL SEKOLAH 1,pendidikan,BSI,debit
TRSF E-BANKING DB MOBILE LEGENDS,hiburan,Danamon,debit
VIS GIANT HYPERMARKET,belanja,Mandiri,debit
RESTO BURGER KING SBY,makanan,BNI,debit
DB TIKTOK COINS,hiburan,BCA,debit
IPY DOKTERKU,kesehatan,CIMB,debit
TRF  RUTIN BULANAN KURNIA SARI 5177065456,transfer_keluarga,Permata,transfer
PEMBAYARAN SHOPEEFOOD,makanan,Danamon,debit
DEBIT EDC BARBERSHOP LPG,lainnya,BRI,debit
SWITCHING DB TAGIHAN LISTRIK PLN,tagihan,BCA,debit
DB TRAVELOKA EATS ORDER,makanan,Mandiri,debit
TRF PATUNGAN SARI INDAH,transfer_sosial,Danamon,transfer
VIS WARUNG PADANG SEDERHANA DPS,makanan,Mandiri,debit
DB TRAVELOKA EATS ORDER,makanan,Permata,debit
PATUNGAN ULANG TAHUN DEWI LESTARI,transfer_sosial,BCA,transfer
QRIS PMT SPP SMP,pendidikan,Danamon,debit
TRF 6974318946 BSI,tidak_diketahui,BNI,transfer
trsf e-banking db tagihan gas pgn,tagihan,BRI,debit
DB EDC DUFAN,hiburan,BSI,debit
TRSF E-BANKING DB BARBERSHOP,lainnya,BNI,debit
QRIS PMT INDOMAR,belanja,Mandiri,debit
debit edc biaya wisuda bks,pendidikan,Mandiri,debit
KIRIMAN IBU LINA MARLINA 2608696660 453,transfer_keluarga,Danamon,transfer
RETAIL H&M PLB,belanja,BCA,debit
E-BANKING DB SERVICE AC,lainnya,BRI,debit
BYR VIA M-BANKING BPJS KETENAGAKERJAAN,tagihan,BSI,debit
TRSF E-BANKING DB SHOPEEFOOD,makanan,Permata,debit
PEMBAYARAN SHOPEE ORDER,belanja,Permata,debit
SA IB PRIMA Dr Trf 8754985996 YANTI PERMATA,transfer_keluarga,BCA,transfer
TRSF  E-BANKING DB BIMBEL NEUTRON,pendidikan,BCA,debit
AUTODEBET TELKOMSEL KARTU AS,tagihan,Danamon,debit
TRSF E-BANKING DB UKT SEMESTER GENAP,pendidikan,CIMB,debit
PYMNT APPLE MUSIC,hiburan,BRI,debit
TRF PATUNGAN KARTINI SARI,transfer_sosial,Danamon,transfer
PYMNT DOKTERKU,kesehatan,BCA,debit
IURAN ARISAN  BULANAN YANTI PERMATA,transfer_sosial,Mandiri,transfer
BYR VIA M-BANKING TAGIHAN KARTU KREDIT MANDIRI,tagihan,BCA,debit
BAYAR KLINIK KLINIK GIGI MDN,kesehatan,Danamon,debit
PYMNT TRAVELOKAEATS,makanan,BNI,debit
SWITCHING DB TOL SBY,transport,BNI,debit
BAYAR KLINIK FISIOTERAPI KLINIK DPK,kesehatan,BRI,debit
QRIS PMT GOLD GYM ,hiburan,Permata,debit
PBK GIRO KE TABUNGAN 9778337059,transfer_internal,BCA,transfer
QRIS PMT PARKIR BTM,transport,Permata,debit
RAWAT PUSKESMAS,kesehatan,BCA,debit
TRSF DB KIRIMAN KELUARGA SARI INDAH,transfer_keluarga,Permata,transfer
db edc mie ayam jakarta sol,makanan,Mandiri,debit
DB TOP UP EWALLET OVO,topup_ewallet,OVO,ewallet
FOOD BAKSO BOEDJANGAN BPN,makanan,BSI,debit
debit edc kafe kita bgr,makanan,BNI,debit
PYMNT UNIPIN,hiburan,CIMB,debit
QRIS PMT BIMBEL GANESHA OPERATION,pendidikan,Permata,debit
PEMBAYARAN RAWAT APOTEK GUARDIAN,kesehatan,BSI,debit
QRIS PMT BIOSKOP CGV MKS,hiburan,BNI,debit
ZARA BGR,belanja,CIMB,debit
PEMBAYARAN BPJS KETENAGAKERJAAN 6754872274,tagihan,Permata,debit
TRSF NAFKAH PANDU ADITYA BULANAN,transfer_keluarga,CIMB,transfer
IPY KURSUS KOMP,pendidikan,BCA,debit
PEMBAYARAN PDAM TIRTA BHAGASASI 17123495,tagihan,BNI,debit
TRSF E-BANKING DB SKILL ACADEMY,pendidikan,BNI,debit
NP BP SPBU CRB,transport,BRI,debit
PEMBELIAN E-MONEY ShopeePay,topup_ewallet,ShopeePay,ewallet
PEMBAYARAN QRIS J.CO DONUTS,makanan,Permata,debit
QRIS PMT EXPRESS TAXI BKS,transport,BNI,debit
BELANJA METRO DEPT STORE DPK,belanja,BNI,debit
IPY DOKTERKU,kesehatan,BCA,debit
TRF BULANAN KE JULIANA PUTRI,transfer_keluarga,Danamon,transfer
TRSF DEBIT 31861882,tidak_diketahui,BNI,transfer
DEBIT EDC NAV KARAOKE BDG,hiburan,Danamon,debit
DB GOJEK RIDE,transport,BSI,debit
DB EDC DUFAN,hiburan,CIMB,debit
BYR VIA M-BANKING PLN PREPAID,tagihan,Danamon,debit
APY CICILAN FIF MOTOR 370624386595,tagihan,BCA,debit
NP APOTEK VIVA GENERIK CRB,kesehatan,BRI,debit
DB DISNEY+ HOTSTAR,hiburan,Permata,debit
PEMBAYARAN ORAMI ORDER,belanja,BRI,debit
QRIS PMT SPP SEKOLAH DASAR,pendidikan,Danamon,debit
DEBIT EDC APOTEK GUARDIAN BGR,kesehatan,Permata,debit
SA IB PRIMA Dr Trf GOPAY,topup_ewallet,GoPay,ewallet
TRANSFER IURAN ARISAN UTAMI DEWI,transfer_sosial,Danamon,transfer
PATUNGAN ULANG TAHUN INDRA KUSUMA,transfer_sosial,BRI,transfer
RESTO PHD SOL,makanan,BCA,debit
SWITCHING DB TOPUP OVO,topup_ewallet,OVO,ewallet
TRF 389869 Danamon,tidak_diketahui,DANA,ewallet
QRIS PMT VIVO SPBU JKT,transport,BRI,debit
KIRIMAN IBU NURI RAHAYU 1433595625,transfer_keluarga,Mandiri,transfer
DB TIKET.COM TIKET 379,transport,BRI,debit
DEBIT EDC FISIOTERAPI KLINIK BTM,kesehatan,CIMB,debit
SA IB PRIMA Dr Trf 3795768246,tidak_diketahui,BCA,transfer
BOBA THAI TEA PBR,makanan,BRI,debit
transfer antar rek permata,transfer_internal,Mandiri,transfer
SWITCHING DB TOPUP OVO,topup_ewallet,OVO,ewallet
PRC URBAN REPUBLIC ,belanja,Mandiri,debit
PEMBAYARAN BUKALAPAK ORDER,belanja,BSI,debit
DB BIZNET HOME,tagihan,Permata,debit
TRF BULANAN KE MEGA PUSPITA,transfer_keluarga,Permata,transfer
KIRIM KONDANGAN PUTRI MAHARANI,transfer_sosial,Permata,transfer
DB E-TOLL DPS,transport,Permata,debit
BIAYA HIDUP KELUARGA DEWI LESTARI,transfer_keluarga,BSI,transfer
DB EDC TIMEZONE,hiburan,BNI,debit
TRF RUTIN BULANAN OLIVIA SINAGA 2359374379,transfer_keluarga,BSI,transfer
PYMNT PDAM TIRTA BHAGASASI 42137,tagihan,Permata,debit
TRSF E-BANKING DB GRAB,transport,Mandiri,debit
BYR IURAN IPL APARTEMEN 878125,tagihan,BCA,debit
TRSF E-BANKING DB ,makanan,BRI,debit
DB EDC INUL VIZTA,hiburan,BRI,debit
DEBIT EDC HAPPY PUPPY KTV YK,hiburan,Danamon,debit
TRF BULANAN KE OKI PRATAMA,transfer_keluarga,Permata,transfer
DEBIT EDC AMAZONE,hiburan,BSI,debit
SWITCHING DB BRI 2397514376 SURYA DARMA,transfer_sosial,Permata,transfer
BYR VIA M-BANKING IURAN IPL APARTEMEN,tagihan,CIMB,debit
TRF ORANG TUA MEGA PUSPITA 9101906892,transfer_keluarga,CIMB,transfer
TRSF E-BANKING DB ASURANSI JIWA,lainnya,BRI,debit
NP KLINIK ESTETIKA BTM 876,kesehatan,BRI,debit
TRF ARISAN HADI SUSANTO 212514,transfer_sosial,BSI,transfer
PEMBAYARAN TOKOPEDIA ORDER,belanja,BSI,debit
BYR BARBERSHOP 3319788937,lainnya,BCA,debit
TOP UP ShopeePay VIA CIMB,topup_ewallet,ShopeePay,ewallet
SUMBANGAN MASJID ENDAH PURWANTI,transfer_sosial,Permata,transfer
DB TRF 9436682116,tidak_diketahui,Mandiri,transfer
KIRIM UANG ISTRI YANTI PERMATA,transfer_keluarga,CIMB,transfer
PRC IBOX APPLE BKS,belanja,Permata,debit
DEBIT EDC MARUGAME UDON MKS,makanan,BSI,debit
DEBIT EDC  LABORATORIUM CITO TNG,kesehatan,BSI,debit
OVERBOOKING Danamon INTERNAL,transfer_internal,DANA,ewallet
TRSF E-BANKING DB NETFLIX.COM,hiburan,BCA,debit
IPY APPLE STORE,hiburan,Permata,debit
DB SUNATAN 235,lainnya,CIMB,debit
PYMNT APPLE STORE,hiburan,Danamon,debit
TRF BULANAN KE M,transfer_keluarga,Mandiri,transfer
VIS DAISO,belanja,Mandiri,debit
TRF UANG JAJAN ANAK SURYA DARMA,transfer_keluarga,Permata,transfer
TRSF E-BANKING DB BIMBEL GANESHA OPERATION 699,pendidikan,Permata,debit
DEBIT EDC GULU GULU PLB,makanan,BCA,debit
IPY  SPP SMP,pendidikan,Permata,debit
DB EDC HAPPY PUPPY KTV,hiburan,Mandiri,debit
DEBIT EDC PERIPLUS BOOKSTORE BGR,pendidikan,BRI,debit
APY PARKIR KOTA,transport,BCA,debit
TRSF E-BANKING DB GARENA TOP UP,hiburan,BSI,debit
QRIS PMT LAUNDRY SOL,lainnya,Permata,debit
NP ERAFONE TNG,belanja,BRI,debit
SWITCHING DB Mandiri 1337547985,tidak_diketahui,BNI,transfer
BAYAR KLINIK RS ADVENT DPK,kesehatan,Mandiri,debit
DB SKILL ACADEMY,pendidikan,CIMB,debit
EDC UKT SEMESTER GANJIL MLG,pendidikan,BNI,debit
TRSF E-BANKING DB BIZNET HOME,tagihan,BCA,debit
DB TRAVELOKA TIKET,transport,BNI,debit
PYMNT SHOPEEFOOD,makanan,Mandiri,debit
PEMBAYARAN GRABFOOD,makanan,CIMB,debit
TRSF E-BANKING DB SPP UNIVERSITAS,pendidikan,CIMB,debit
DB TRAVELOKA EATS ORDER,makanan,Permata,debit
RESTO HOKBEN SOL,makanan,Danamon,debit
NP RS SILOAM BDG,kesehatan,BRI,debit
DEBIT EDC PARKIR KOTA BGR,transport,BRI,debit
PYMNT GOOGLE PLAY GAMES,hiburan,BCA,debit
TRF KE DANA 9917255022,topup_ewallet,DANA,ewallet
BYR VIA M-BANKING PDAM KOTA,tagihan,Mandiri,debit
db udemy learning,pendidikan,CIMB,debit
BYR VIA M-BANKING TELKOMSEL KARTU AS,tagihan,Danamon,debit
TRSF E-BANKING DB LAZADA,belanja,Mandiri,debit
IPY APPLE MUSIC,hiburan,Permata,debit
TRF IURAN RT CAHYA PRATAMA 1731485860,transfer_sosial,BCA,transfer
APY YAMAHA SERVICE,transport,BCA,debit
PYMNT GOFOOD,makanan,BSI,debit
BAYAR TAGIHAN CICILAN KPR BTN,tagihan,BCA,debit
TRANSFER IURAN ARISAN FIT,transfer_sosial,BRI,transfer
DB BUKALAPAK PAYMENT,belanja,BRI,debit
BYR PET SHOP 53089205,lainnya,BSI,debit
TRSF E-BANKING DB NOTARIS PPAT,lainnya,Mandiri,debit
byr pdam tirta bhagasasi 211673608859,tagihan,BSI,debit
DB FLAZZ TOPUP,transport,BCA,debit
TRSF E-BANKING DB TIKTOK SHOP,belanja,Mandiri,debit
DB GOFOOD ORDER,makanan,BCA,debit
TRSF E-BANKING DB GOFOOD,makanan,BRI,debit
KIRIMAN AYAH VINA OKTAVIA,transfer_keluarga,Danamon,transfer
PEMBAYARAN GOFOOD,makanan,BCA,debit
BIAYA BEROBAT KLINIK GIGI,kesehatan,BNI,debit
MAKAN MARUGAME UDON BDG,makanan,BSI,debit
PATUNGAN ULANG TAHUN RATNA SARI,transfer_sosial,BRI,transfer
TRSF E-BANKING DB 1396179679 MEGA PUSPITA RUTIN,transfer_keluarga,BSI,transfer
DEBIT EDC OPTIK SEIS LPG,kesehatan,BCA,debit
PATUNGAN ULANG TAHUN LESTARI NINGRUM,transfer_sosial,Mandiri,transfer
DB EDC RS PONDOK I,kesehatan,Permata,debit
BIAYA BEROBAT APOTEK VIVA GENERIK,kesehatan,Permata,debit
DB EDC NAV KARAOKE,hiburan,Mandiri,debit
KIRIM NAFKAH ZAKI ABDILLAH,transfer_keluarga,Mandiri,transfer
RETAIL NIKE STORE JKT,belanja,BSI,debit
TRSF E-BANKING DB NOTARIS PPAT,lainnya,Danamon,debit
KONDANGAN PERNIKAHAN EKO PRASETYO,transfer_sosial,CIMB,transfer
BYR VIA M-BANKING CBN FIBER,tagihan,BNI,debit
BYR TAGIHAN IURAN BPJS,tagihan,BRI,debit
DB EDC SOCIOLLA PBR,belanja,BCA,debit
BYR VIA M-BANKING BPJS KETENAGAKERJAAN,tagihan,Danamon,debit
TRF ARISAN GILANG RAMADHAN 165,transfer_sosial,Permata,transfer
RETAIL TRANSMART MKS,belanja,Permata,debit
IPY KAI ACCESS,transport,BRI,debit
PEMBAYARAN RAWAT APOTEK KIMIA FARMA,kesehatan,Mandiri,debit
PYMNT TRAVELOKA EATS,makanan,Mandiri,debit
TRSF DB SUMBANGAN DINA FITRIANI,transfer_sosial,BCA,transfer
QRIS PMT PARKIR BDG,transport,BNI,debit
DEBIT EDC CINEPOLIS ,hiburan,CIMB,debit
TRSF DB SUMBANGAN EKO PRASETYO,transfer_sosial,Permata,transfer
DB KAI ACCESS RIDE,transport,BNI,debit
QRIS PMT UKT SEMESTER GENAP,pendidikan,CIMB,debit
BAYAR TAGIHAN PLN ,tagihan,BRI,debit
DB EDC CELEBRITY FITNESS,hiburan,BCA,debit
PEMBAYARAN BPJS KESEHATAN 4449063023,tagihan,BRI,debit
TRF 5477580462 CIMB,tidak_diketahui,CIMB,transfer
qris pmt optik seis bks,kesehatan,Mandiri,debit
SWITCHING DB CIMB 6847037780 LESTARI NINGRUM,transfer_sosial,CIMB,transfer
DB GOJEK TIKET,transport,BCA,debit
SWITCHING DB Permata 9988979348,tidak_diketahui,Permata,transfer
DB MAXIM RIDE,transport,Permata,debit
IPY GRAB,transport,CIMB,debit
SWITCHING DB BSI 3363961123 SARI INDAH,transfer_keluarga,BSI,transfer
TRSF E-BANKING DB LAZADA,belanja,Danamon,debit
PEMBAYARAN BLIBLI ORDER,belanja,BSI,debit
PEMBAYARAN PLN PASCABAYAR 463953,tagihan,CIMB,debit
SA IB PRIMA Dr Trf 4114702131 UTAMI DEWI 568,transfer_keluarga,BCA,transfer
TRSF E-BANKING DB 7574677713,tidak_diketahui,BNI,transfer
PYMNT BLIBLI,belanja,BNI,debit
TRANSFER KE NANDA WIJAYA NAFKAH BULANAN,transfer_keluarga,BCA,transfer
KONDANGAN PERNIKAHAN VINA OKTAVIA,transfer_sosial,BNI,transfer
DB TAGIHANBPJS KESEHATAN,tagihan,Mandiri,debit
TRSF E-BANKING DB SKILL ACADEMY,pendidikan,BNI,debit
PYMNT GOFOOD,makanan,BSI,debit
TRSF E-BANKING DB TRAVELOKA EATS,makanan,Permata,debit
NP APOTEK K24 BGR,kesehatan,BRI,debit
DEBIT EDC KLINIK KIMIA FARMA SOL,kesehatan,Permata,debit
SWITCHING DB DISNEY+ HOTSTAR,hiburan,BNI,debit
ipy les privat,pendidikan,BCA,debit
TOP UP OVO VIA CIMB,topup_ewallet,OVO,ewallet
MAKAN BAKSO MALANG MKS,makanan,CIMB,debit
TRSF E-BANKING DB UDEMY  LEARNING,pendidikan,Permata,debit
debit edc spp universitas lpg,pendidikan,CIMB,debit
DB SHOPEE PAYMENT,belanja,BRI,debit
BAYAR KLINIK RS ADVENT SBY,kesehatan,BNI,debit
DB EDC CELEBRITY FI,hiburan,BNI,debit
QRIS PMT PERIPLUS BOOKSTORE,pendidikan,Permata,debit
DB SHOPEEFOOD FOOD,makanan,Danamon,debit
DB WARUNG NASI GORENG CRB,makanan,Mandiri,debit
PRC PLANET SPORT BDG,belanja,BSI,debit
MAKAN STARBUCKS COFFEE BDG,makanan,BNI,debit
KONSULTASI GOOD DOCTOR,kesehatan,Mandiri,debit
PYMNT TELKOMSEL SIMPATI 5651975270,tagihan,Mandiri,debit
E-BANKING DB TRAVELOKA EATS,makanan,Permata,debit
QRIS PMTAPOTEK CENTURY BKS,kesehatan,Mandiri,debit
QRIS PMT BAKMI GM MDN,makanan,BNI,debit
PYMNT KAI ACCESS,transport,Mandiri,debit
DEBIT EDC RANCH MARKET CRB,belanja,CIMB,debit
DB GRABFOOD FOOD,makanan,BCA,debit
E-BANKING DB LAZADA,belanja,BNI,debit
DB EDC PUSKESMAS,kesehatan,BSI,debit
DB TRAVELOKARIDE,transport,CIMB,debit
DEBIT EDC TRANSMART JKT,belanja,BRI,debit
BIMBEL ONLINE,pendidikan,BNI,debit
IPY UKT SEMESTER GANJIL,pendidikan,BCA,debit
DB GOOD DOCTOR,kesehatan,CIMB,debit
TRSF E-BANKING DB KURSUS MUSIK YAMAHA,pendidikan,BRI,debit
BYR DONASI PMI 79333548,lainnya,CIMB,debit
PYMNT DISNEY+ HOTSTAR,hiburan,Danamon,debit
PEMBELIAN E-MONEY DANA,topup_ewallet,DANA,ewallet
BYR SPP SMP 685742706429,pendidikan,Danamon,debit
PYMNT SHOPEEFOOD,makanan,CIMB,debit
QRIS PMT KURSUS BAHASA EF ENGLISH,pendidikan,CIMB,debit
DB EDC RS MEDISTRA,kesehatan,Danamon,debit
PYMNT SHOPEE,belanja,Permata,debit
BYR PDAM TIRTA BHAGASASI 38893848,tagihan,Mandiri,debit
IURAN ARISAN BULANAN IRA YUNITA,transfer_sosial,BSI,transfer
BEROBAT RS MEDISTRA,kesehatan,CIMB,debit
PEMBAYARAN GOFOOD,makanan,Danamon,debit
SWITCHING DB SPOTIFY PREMIUM,hiburan,BCA,debit
SA IB PRIMA Dr Trf 6811237951 KURNIA SARI,transfer_keluarga,BCA,transfer
APY AXIS 464987457689,tagihan,BCA,debit
TRSF DB KIRIMAN KELUARGA YUSUF RAHMAN,transfer_keluarga,Permata,transfer
BYR VIA M-BANKING BIZNET HOME,tagihan,BCA,debit
DB TRAVELOKA EATS FOOD,makanan,Mandiri,debit
IPY ZENIUS EDUCATION,pendidikan,BNI,debit
bayar klinik rs advent crb,kesehatan,Permata,debit
SA IB PRIMA Dr Trf REK SENDIRI,transfer_internal,BCA,transfer
PEMBAYARAN RAWAT RS PREMIER JATINEGARA,kesehatan,BRI,debit
PATUNGAN KADO BUDI SANTOSO,transfer_sosial,BCA,transfer
PYMNT TELKOMSEL SIMPATI 7550474862,tagihan,BSI,debit
TRSF E-BANKING DB CUCI MOBIL,lainnya,BNI,debit
QRIS PMT LOTTEMART,belanja,Permata,debit
NP RS MEDISTRA PLB 147,kesehatan,BRI,debit
TRSF E-BANKING DB KAI ACCESS,transport,BSI,debit
PYMNT GOOGLE PLAY GAMES,hiburan,Mandiri,debit
BYR VIA M-BANKING TAGIHAN INTERNET INDIHOME,tagihan,BCA,debit
DB EDC CINEPOLIS,hiburan,CIMB,debit
TRF ORANG TUA ZAHRA NURLAILA 1934554910,transfer_keluarga,Permata,transfer
VIS HERO SUPERMARKET,belanja,Mandiri,debit
TRSF E-BANKING DB GOOGLE PLAY GAMES,hiburan,Permata,debit
DEBIT EDC STRADIVARIUS YK,belanja,BSI,debit
PEMBAYARAN BIZNET HOME 7811718957,tagihan,BCA,debit
KIRIMAN AYAH NURI RAHAYU,transfer_keluarga,BNI,transfer
iuran arisan bulanan budi santoso,transfer_sosial,BNI,transfer
DEBIT EDC IBOX APP,belanja,Danamon,debit
IURAN ARISAN BULANAN LINA MARLINA,transfer_sosial,Mandiri,transfer
NP PERTAMINA SPBU JKT,transport,BRI,debit
NP APOTEK 24 JAM BGR,kesehatan,BRI,debit
TRSF E-BANKING DB ZENIUS EDUCATION 086,pendidikan,Permata,debit
TRSF DB SUMBANGAN TONO HARTONO,transfer_sosial,BCA,transfer
PBK KE TABUNGAN BRI,transfer_internal,BSI,transfer
BYR BIMBEL ONLINE 379326699682,pendidikan,Danamon,debit
TOP UPOVO VIA Danamon,topup_ewallet,OVO,ewallet
PYMNT KAI ACCESS,transport,BCA,debit
DEBIT EDC ASURANSI JIWA JKT,lainnya,BNI,debit
PATUNGAN ULANG TAHUN YANTI PERMATA,transfer_sosial,BCA,transfer
GRAB RIDE,transport,Mandiri,debit
DB GRABFOOD ORDER,makanan,Permata,debit
PEMBAYARAN SHOPEEFOOD,makanan,Permata,debit
SWITCHING DB TOL BKS,transport,BRI,debit
SWITCHING DB NETFLIX.COM,hiburan,Permata,debit
DB ZENIUS EDUCATION,pendidikan,Permata,debit
BYR SPP SMA 3435761683,pendidikan,BCA,debit
TRSF E-BANKING DB S,makanan,BNI,debit
DB SHOPEEFOOD FOOD,makanan,Mandiri,debit
PEMBAYARAN RAWAT RS PONDOK INDAH,kesehatan,Mandiri,debit
BYR VIA M-BANKING CICILAN FIF MOTOR,tagihan,BCA,debit
BELANJA OPTIK SEIS P,belanja,CIMB,debit
TRANSFER KAS RT GUNAWAN  WIBOWO,transfer_sosial,BRI,transfer
SWITCHING DB CIMB 6597955113,tidak_diketahui,Mandiri,transfer
NP JANJI JIWA BPN,makanan,BRI,debit
DB E-TOLL BPN,transport,Mandiri,debit
TRSF E-BANKING DB LAZADA,belanja,Permata,debit
QRIS PMT PUSKESMAS SMG,kesehatan,Danamon,debit
TRSF E-BANKING DB MAXIM,transport,BRI,debit
TRSF E-BANKING DB CUCI MOBIL,lainnya,BNI,debit
DB MIE AYAM JAKARTA MKS,makanan,BSI,debit
NP DOMINO'S PIZZA PLB,makanan,BRI,debit
TRSF E-BANKING DB LAUNDRY,lainnya,Mandiri,debit
TRSF DEBIT 67549275,tidak_diketahui,BNI,transfer
SA IB PRIMA Dr Trf GOPAY,topup_ewallet,GoPay,ewallet
DEBIT EDCMINISO BKS,belanja,BRI,debit
NP PET SHOP BPN,lainnya,BRI,debit
MAKAN KANTIN KAMPUS BKS,makanan,Mandiri,debit
TRSF E-BANKING DB 4513602005 KIRIMAN PANDU ADITYA,transfer_keluarga,CIMB,transfer
PYMNT MAXIM 344,transport,BRI,debit
DB GOFOOD FOOD,makanan,BRI,debit
SA IB PRIMA Dr Trf GOPAY,topup_ewallet,GoPay,ewallet
KIRIMAN IBU HENDRA  GUNAWAN 3011967400,transfer_keluarga,Danamon,transfer
DB FLAZZ TOPUP,transport,Danamon,debit
AUTODEBET XL AXIATA,tagihan,CIMB,debit
DEBIT EDC CUCI MOBIL CRB,lainnya,BRI,debit
INFAQ JUMAT 721805,transfer_sosial,BNI,transfer
PEMBELIAN E-MONEY OVO,topup_ewallet,OVO,ewallet
DB XL PRABAYAR,tagihan,BNI,debit
TRF UANG JAJAN ANAK ANISA RAHMA,transfer_keluarga,Permata,transfer
TRSF E-BANKING DB 1406521323,tidak_diketahui,Permata,transfer
SA IB PRIMA Dr Trf GOPAY,topup_ewallet,GoPay,ewallet
DB SALON,lainnya,CIMB,debit
DB SHOPEE PAYMENT,belanja,BNI,debit
NP FISIOTERAPI KLINIK MLG,kesehatan,BRI,debit
TRF KE DANA 164893,topup_ewallet,DANA,ewallet
RESTO PIZZA HUT CRB,makanan,Danamon,debit
TRSF DB SUMBANGAN  WAHYU HIDAYAT,transfer_sosial,BSI,transfer
APY AHASS HONDA,transport,BCA,debit
BAYAR KLINIK APOTEK GUARDIAN BGR,kesehatan,BNI,debit
SWITCHING DB GOOGLE PLAY GAMES,hiburan,BNI,debit
TRF KE DANA 415130,topup_ewallet,DANA,ewallet
TRSF E-BANKING DB PET SHOP,lainnya,BNI,debit
PYMNT TOKOPEDIA,belanja,BSI,debit
TRSF E-BANKING DB ALODOKTER,kesehatan,BNI,debit
PEMBAYARAN GOFOOD,makanan,CIMB,debit
NP APOTEKVIVA GENERIK BTM,kesehatan,BRI,debit
BYR CICILAN FIF MOTOR 408028508314,tagihan,BCA,debit
SWITCHING DB MYREPUBLIC,tagihan,Danamon,debit
DB WARUNG PADANG SEDERHA,makanan,BNI,debit
IPY HALODOC,kesehatan,Mandiri,debit
BAYAR KLINIK LABORATORIUM CITO BGR,kesehatan,Danamon,debit
QRIS PMT KLINIK KIMIA FARMA PBR,kesehatan,CIMB,debit
NP KLINIK GIGI BPN,kesehatan,BRI,debit
TRF PATUNGAN HENDRA GUNAWAN,transfer_sosial,BRI,transfer
BYR LES PRIVAT 30928750,pendidikan,Mandiri,debit
TRANSFER ANTAR REKBCA,transfer_internal,Danamon,transfer
TRANSFER 3284621413,tidak_diketahui,BRI,transfer
TRANSFER ANTAR REK BSI,transfer_internal,Mandiri,transfer
BYR PET SHOP 32872699,lainnya,BNI,debit
DB GRABFOOD FOOD,makanan,BNI,debit
BYR PERIPLUS BOOKSTORE 8173371805,pendidikan,BSI,debit
DB E-TOLL MKS,transport,Danamon,debit
DB LINKEDIN LEARNING,pendidikan,CIMB,debit
BIAYA HIDUP KELUARGA RATNA SARI,transfer_keluarga,BNI,transfer
TRANSFER KE RINA WATI NAFKAH BULANAN,transfer_keluarga,Danamon,transfer
SWITCHING DB Danamon  3567541425 INDRA KUSUMA,transfer_keluarga,DANA,ewallet
IPY BIMBEL NEUTRON,pendidikan,BCA,debit
IPY APPLE STORE,hiburan,Danamon,debit
SA IB PRIMA Dr Trf 7414537050 IRA YUNITA,transfer_keluarga,BCA,transfer
TRF KE DANA 604086,topup_ewallet,DANA,ewallet
PEMBAYARAN QRIS WARUNG PADANG SEDERHANA,makanan,Mandiri,debit
DB TIKTOK SHOP BELANJA,belanja,BCA,debit
MAKAN AYAM GEPREK BENSU BDG,makanan,BCA,debit
SA IB PRIMA Dr Trf REK SENDIRI,transfer_internal,BCA,transfer
NP TIMEZONE PBR,hiburan,BRI,debit
IPY MOBILE LEGENDS,hiburan,CIMB,debit
NP OPTIK SEIS BKS,kesehatan,BRI,debit
BYR VIA M-BANKING TELKOMSEL HALO,tagihan,Mandiri,debit
DB SMARTFREN,tagihan,Danamon,debit
TRSF E-BANKING DB YOUTUBE PREMIUM,hiburan,Danamon,debit
PEMBAYARAN QRIS SUSHI TEI,makanan,Danamon,debit
DEBIT EDC ANYTIME FITNESS BTM,hiburan,BCA,debit
DEBIT EDC BIOSKOP XXI LPG,hiburan,CIMB,debit
PYMNT GRABFOOD,makanan,BNI,debit
IPY GRABFOOD,makanan,BNI,debit
IPY SHOPEEFOOD,makanan,BRI,debit
KONDANGAN PERNIKAHAN UTAMI DEWI,transfer_sosial,CIMB,transfer
TRSF E-BANKING DB REK SENDIRI 7604627517,transfer_internal,BCA,transfer
TRANSFER BELANJAKELUARGA PANDU ADITYA,transfer_keluarga,BNI,transfer
BYR UANG PANGKAL SEKOLAH 7097790806,pendidikan,BSI,debit
QRIS PMT PARKIR BDG,transport,Mandiri,debit
DB TOKOPEDIA PAYMENT,belanja,Mandiri,debit
ipy lazada,belanja,Danamon,debit
DB IURAN BPJS,tagihan,BSI,debit
QRIS PMT HAPPY PUPPY KTV BGR,hiburan,BCA,debit
TOP UP OVO VIA BSI,topup_ewallet,OVO,ewallet
DEBIT EDC CINEPOLIS MKS,hiburan,Danamon,debit
pymnt maxim,transport,BSI,debit
IPY ZENIUS EDUCATION,pendidikan,BRI,debit
KONSULTASI KLIKDOKTER,kesehatan,Mandiri,debit
DB EDC PERTAMINA SPBU,transport,BNI,debit
BYR TAGIHAN CICILAN FIF MOTOR,tagihan,BSI,debit
QRIS PMT OPTIK SEIS BTM,belanja,BNI,debit
KIRIM UANG ISTRI ANISA RAHMA,transfer_keluarga,Danamon,transfer
IPY SPP SMP,pendidikan,BSI,debit
PEMBAYARAN RAWAT FISIOTERAPI KLINIK,kesehatan,Permata,debit
IPY STEAM PURCHASE,hiburan,BRI,debit
PRC SUPERINDOPBR,belanja,CIMB,debit
TRF 5451755998 Danamon,tidak_diketahui,DANA,ewallet
infaq jumat 301896,transfer_sosial,BNI,transfer
DB TIKET.COM TIKET,transport,BSI,debit
QRIS PMT BENGKEL SUZUKI CRB,transport,Danamon,debit
QRIS PMT KLINIK KIMIA FARMA CRB,kesehatan,BCA,debit
BAYAR KLINIK RS ADVENT SMG,kesehatan,Mandiri,debit
PYMNT GOJEK,transport,Mandiri,debit
IPY BIMBEL ONLINE,pendidikan,BNI,debit
TRSF NAFKAH PUTRI MAHARANI BUL,transfer_keluarga,BCA,transfer
DB E-TOLL TNG,transport,Mandiri,debit
TRSF E-BANKING DB BIMBEL NEUTRON,pendidikan,BCA,debit
SA IB PRIMA Dr Trf GOPAY,topup_ewallet,GoPay,ewallet
TRF KE LESTARI NINGRUM PATUNGAN WISATA,transfer_sosial,Permata,transfer
APY CICILAN KPR BTN 5771423141,tagihan,BCA,debit
BYR TAGIHAN TAGIHAN KARTU KREDIT MANDIRI,tagihan,CIMB,debit
SWITCHING DB TAGIHAN BPJS KESEHATAN,tagihan,Permata,debit
BAYAR KLINIK APOTEK G,kesehatan,Mandiri,debit
QRIS PMT BIMBEL GANESHA OPER,pendidikan,Permata,debit
PMT J.CO DONUTS DPS,makanan,BRI,debit
TRSF E-BANKINGDB MOBILE LEGENDS,hiburan,Mandiri,debit
BYR KURSUS BAHASA EF ENGLISH 236562,pendidikan,BNI,debit
KIRIMAN BULANAN SUAMI SARI INDAH,transfer_keluarga,BSI,transfer
BAYAR KLINIK APOTEK KIMIA FARMA YK,kesehatan,BCA,debit
NP SALON MKS,lainnya,BRI,debit
PEMBAYARAN GOFOOD,makanan,BRI,debit
QRIS PMT SERVICE AC BPN,lainnya,Danamon,debit
DB TRAVELOKA TIKET,transport,Permata,debit
QRIS PMT GOLD GYM CRB,hiburan,BNI,debit
PATUNGAN KADO INDRA KUSUMA,transfer_sosial,BNI,transfer
DEBIT EDC OPTIK MELAWAI BTM,kesehatan,BCA,debit
IPY ZENIUS EDUCATION,pendidikan,BRI,debit
TRSF E-BANKING DB SHOPEEFOOD,makanan,CIMB,debit
DB GOOGLE PLAY GAMES,hiburan,Mandiri,debit
TRANSFER KAS RT IRA YUNITA,transfer_sosial,CIMB,transfer
IPY SHOPEE,belanja,CIMB,debit
QRIS PMT CINEPOLIS BDG,hiburan,BSI,debit
DEBIT EDC H&M PBR,belanja,Danamon,debit
DB EDC ERIGO LPG,belanja,Mandiri,debit
NP FISIOTERAPI KLINIK YK,kesehatan,BRI,debit
DEBIT EDC ASURANSI JIWA MDN,lainnya,BCA,debit
VIS KFC BKS,makanan,Mandiri,debit
PEMBAYARAN TAGIHAN KARTU KREDIT MANDIRI 9738828986,tagihan,BSI,debit
DEBIT EDC SPP SMP BGR,pendidikan,Danamon,debit
TRF KE DANA 56300267,topup_ewallet,DANA,ewallet
DB EDC CINEPOLIS,hiburan,BNI,debit
QRIS PMT PARKIR BPN,transport,Permata,debit
IPY GRAB,transport,BCA,debit
TRANSFER BELANJA KELUARGA CITRA DEWI,transfer_keluarga,Danamon,transfer
NP LRT JABODEBEK BKS,transport,BRI,debit
QRIS PMT RUMAH SAKIT UMUM DPS,kesehatan,BCA,debit
DB KAI ACCESS RIDE,transport,Mandiri,debit
TRANSFER BELANJA KELUARGA LINA MARLINA,transfer_keluarga,Mandiri,transfer
QRIS PMTLAUNDRY CRB,lainnya,Permata,debit
IPY TRAVELOKA EATS,makanan,CIMB,debit
IPY SHOPEEFOOD,makanan,BRI,debit
trsf e-banking db gopay 63377500,topup_ewallet,GoPay,ewallet
PEMBAYARAN GOFOOD,makanan,BCA,debit
PEMBAYARAN SHOPEEFOOD 589,makanan,BRI,debit
BYR VIA M-BANKING BPJS KESEHATAN,tagihan,Permata,debit
TRSF E-BANKING DB HALODOC,kesehatan,Mandiri,debit
DB GOFOODFOOD,makanan,Danamon,debit
BYR SPP UNIVERSITAS 46529296,pendidikan,BNI,debit
PRC SATE KHAS SENAYAN BKS,makanan,BCA,debit
APY FIRSTMEDIA 580543,tagihan,BCA,debit
NP AMAZONE LPG,hiburan,BRI,debit
DB CBN FIBER,tagihan,BRI,debit
DEBIT EDC BIOSKOP CGV LPG,hiburan,BSI,debit
KIRIM UANG ISTRI LINA MARLINA,transfer_keluarga,BSI,transfer
RESTO ES TEH INDONESIA BGR,makanan,BCA,debit
PATUNGAN ULANG TAHUN JULIANA PUTRI,transfer_sosial,BNI,transfer
QRIS PMT TIMEZONE MLG,hiburan,BCA,debit
DEBIT EDC BIAYA WISUDA LPG,pendidikan,BNI,debit
DEBIT EDC AQIQAH BGR,lainnya,BNI,debit
DB TRF 9485219343 135,tidak_diketahui,BRI,transfer
TRSF E-BANKING DB SKILL ACADEMY,pendidikan,Danamon,debit
TRF KE CITRA DEWIPATUNGAN WISATA,transfer_sosial,Danamon,transfer
NP HAPPY PUPPY KTV BGR,hiburan,BRI,debit
TRANSFER KE NURI RAHAYU NAFKAH BULANAN,transfer_keluarga,BNI,transfer
DB TIKET.COM RIDE,transport,BCA,debit
EDC GOLD GYM,hiburan,CIMB,debit
PYMNT GOJEK,transport,CIMB,debit
RETAIL METRO DEPT STORE LPG,belanja,BCA,debit
PEMBAYARAN ZALORA ORDER,belanja,BCA,debit
QRIS PMT BIOSKOP XXI MKS,hiburan,BSI,debit
DB EDC FISIOTERAPI KLINIK,kesehatan,BRI,debit
TRSF E-BANKINGDB GOPAY 40005442,topup_ewallet,GoPay,ewallet
TRSF E-BANKING DB ZALORA,belanja,BRI,debit
IPY SHOPEE,belanja,BSI,debit
TRF IURAN MUSHOLAMEGA PUSPITA,transfer_sosial,Permata,transfer
PYMNT TRAVELOKA E,makanan,Permata,debit
DB EDC FISIOTERAPI KLINIK,kesehatan,Danamon,debit
TRSF E-BANKING DB GOFOOD,makanan,BNI,debit
RAWAT APOTEK CENTURY,kesehatan,CIMB,debit
PEMBAYARAN LAZADA ORDER,belanja,Mandiri,debit
TRSF E-BANKING DB TAGIHAN GAS PGN,tagihan,Permata,debit
BAYAR KLINIK KLINIK ESTETIKA PBR,kesehatan,CIMB,debit
DB EDC RS PONDOKINDAH,kesehatan,Danamon,debit
MAKAN YOSHINOYA MKS,makanan,BSI,debit
TRF UANG JAJAN ANAK NURI RAHAYU,transfer_keluarga,BNI,transfer
NP ANYTIME FITNESS BGR,hiburan,BRI,debit
QRIS PMT ZAKAT INFAQ BPN,lainnya,Mandiri,debit
INFAQ JUMAT 295269,transfer_sosial,Danamon,transfer
SWITCHING DB BR,tidak_diketahui,Danamon,transfer
PEMBAYARAN ORAMI ORDER,belanja,BCA,debit
DEBIT EDC STARBUCKS COFFEE LPG,makanan,BCA,debit
TRF 7728255735BRI,tidak_diketahui,Mandiri,transfer
TRANSFER 9099466857,tidak_diketahui,BRI,transfer
NP WATERBOM MLG,hiburan,BRI,debit
QRIS PMT HERO SUPERMARKET BGR,belanja,BSI,debit
QRIS PMT RANCH MARKET DPK,belanja,Permata,debit
DONASI IRA YUNITA 762491,transfer_sosial,Permata,transfer
PYMNT MAXIM,transport,Permata,debit
TOPUP SHOPEEPAY 338328,topup_ewallet,ShopeePay,ewallet
IPY SHOPEEFOOD,makanan,BCA,debit
DONASI KARTINI SARI 401452,transfer_sosial,BNI,transfer
QRIS PMT BIMBEL PRIMAGAMA,pendidikan,BSI,debit
NP GUARDIAN SOL,belanja,BRI,debit
IPY BIMBEL PRIMAGAMA,pendidikan,CIMB,debit
BYR PARKIR 0812608072 899,lainnya,BSI,debit
DEBIT EDC BARBERSHOP DPS,lainnya,Mandiri,debit
DEBIT EDC APOTEK VIVA GENERIK BGR,kesehatan,Mandiri,debit
DB EDC GOLD GYM,hiburan,Permata,debit
BYR TAGIHAN INTERNET INDIHOME 349646,tagihan,Permata,debit
DB DONASI PMI,lainnya,BNI,debit
QRIS PMT RS MEDISTRA BKS,kesehatan,Danamon,debit
OVERBOOKING Danamon INTERNAL,transfer_internal,DANA,ewallet
TRF BULANAN KE KURNIA SARI,transfer_keluarga,BSI,transfer
IPY BIZNET HOME 221235980747,tagihan,BCA,debit
DB FLAZZ TOPUP,transport,BNI,debit
ARISAN UMI KALSUM 791202,transfer_sosial,CIMB,transfer
MAKAN KANTIN KAMPUS CRB,makanan,BSI,debit
QRIS PMT HOKBEN SMG,makanan,BCA,debit
BYR VIA M-BANKING TAGIHAN GAS PGN,tagihan,BRI,debit
TRSF E-BANKING DB BLIBLI,belanja,BCA,debit
DB GOFOOD ORDER,makanan,Danamon,debit
PYMNT GOFOOD,makanan,BSI,debit
KIRIM KE ADIK NURIRAHAYU 0020363740,transfer_keluarga,CIMB,transfer
NP MINISO SBY,belanja,BRI,debit
SWITCHING DB BNI 9438040493 DEWI LESTARI,transfer_sosial,BCA,transfer
NP SATE KHAS SENAYAN BDG,makanan,BRI,debit
TRANSFER 6245118235,tidak_diketahui,BSI,transfer
8434024245 Permata,tidak_diketahui,BRI,transfer
DEBIT EDC SPP SMA BDG,pendidikan,BRI,debit
TRF KE SURYA DARMA PATUNGAN WISATA,transfer_sosial,BSI,transfer
TOP UP ShopeePay VIA CIMB,topup_ewallet,ShopeePay,ewallet
TRANSFER KE GOPAY 5836369349,topup_ewallet,GoPay,ewallet
TRF PATUNGAN RINA WATI,transfer_sosial,BNI,transfer
TRSF DEBIT 99699941,tidak_diketahui,Mandiri,transfer
PYMNT VIDIO PREMIER,hiburan,BRI,debit
TRSF E-BANKING DB FOTOKOPI,lainnya,Permata,debit
TRSF E-BANKING DB ORAMI,belanja,BSI,debit
SWITCHING DB BCA 9048991229 RINA WATI,transfer_sosial,CIMB,transfer
DB SUNATAN,lainnya,BSI,debit
APY PDAM TIRTA BHAGASASI 8637154100,tagihan,BCA,debit
SWITCHING DB MOBILE LEGENDS 826,hiburan,BCA,debit
TRSF E-BANKING DB SHOPEEFOOD,makanan,Mandiri,debit
VIS H&M,belanja,Mandiri,debit
QRIS PMT ANYTIME FITNESS MKS,hiburan,Danamon,debit
DB TIKTOK SHOP PAYMENT,belanja,BNI,debit
DB EDC BAKMI GM BDG,makanan,BNI,debit
MAKAN BURGER KING BTM,makanan,Danamon,debit
DB EDC LRT JABOD,transport,Danamon,debit
TRSF E-BANKING DB PERIPLUS BOOKSTORE,pendidikan,Mandiri,debit
QRIS PMT BARBERSHOP SMG,lainnya,Permata,debit
TRANSFER BELANJA KELUARGA ZAKIABDILLAH,transfer_keluarga,Permata,transfer
PYMNT UDEMY LEARNING,pendidikan,BRI,debit
PRC OPTIK SEISDPS,belanja,BNI,debit
IPY TRAVELOKA,transport,CIMB,debit
DB GRAB TIKET,transport,BRI,debit
IPY MOBILE LEGENDS,hiburan,Mandiri,debit
SA IB PRIMA Dr Trf 5087127388,tidak_diketahui,BCA,transfer
DB PECEL LELE LAMONGAN BGR,makanan,CIMB,debit
BELANJA ACE HARDWARE BTM,belanja,CIMB,debit
RESTO BAKMI GM BDG,makanan,Permata,debit
PATUNGAN KADO RATNA SARI,transfer_sosial,BNI,transfer
DEBIT EDC UANG PANGKAL SEKOLAH SMG,pendidikan,BNI,debit
IPY HALODOC,kesehatan,CIMB,debit
KIRIM KONDANGAN ZAKI ABDILLAH,transfer_sosial,Danamon,transfer
BIAYA BEROBAT RUMAH SAKIT UMUM,kesehatan,Mandiri,debit
QRIS PMT PERIPLUS BOOKSTORE,pendidikan,Mandiri,debit
TRSF E-BANKING DB TRAVELOKA EATS,makanan,CIMB,debit
BYR LES PRIVAT 578625,pendidikan,Mandiri,debit
TRSF DB SUMBANGAN ZAKI ABDILLAH,transfer_sosial,Mandiri,transfer
TRANSFER KE EKO PRASETYO NAFKAH BULANAN,transfer_keluarga,Danamon,transfer
PYMNT PLN PASCABAYAR 11345611,tagihan,CIMB,debit
KIRIM KONDANGAN YUSUF RAHMAN,transfer_sosial,BCA,transfer
TRF IURAN RT UMI KALSUM 6559946023,transfer_sosial,Danamon,transfer
TRANSFER 0858006294,tidak_diketahui,BCA,transfer
QRIS PMT LAUNDRY CRB,lainnya,BCA,debit
TRSF E-BANKING DB ORAMI,belanja,Permata,debit
PYMNT MAXIM,transport,Danamon,debit
APY SHELL SPBU,transport,BCA,debit
PYMNT MYREPUBLIC 738990405995,tagihan,BNI,debit
RETAIL SPORT STATION BTM,belanja,Danamon,debit
RETAIL ZARA MKS,belanja,BRI,debit
SA OB TABUNGAN BISNIS,transfer_internal,Mandiri,transfer
FOOD PHD DPK,makanan,Mandiri,debit
DB FLAZZ TOPUP,transport,Mandiri,debit
TRSF E-BANKING DB MAXIM,transport,Danamon,debit
PEMBAYARAN CICILAN ADIRA FINANCE 246876644870 528,tagihan,BNI,debit
BIAYA HIDUP KELUARGA WAHYU HIDAYAT,transfer_keluarga,Mandiri,transfer
DEBIT EDC GOLD GYM MKS,hiburan,Danamon,debit
IPY SKILL ACADEMY,pendidikan,BCA,debit
QRIS PMT NAV KARAOKE SBY,hiburan,Permata,debit
BAYAR TAGIHAN CICILAN KENDARAAN,tagihan,BRI,debit
NP ZAKAT INFAQ BKS,lainnya,BRI,debit
RESTO RICHEESEFACTORY TNG,makanan,BCA,debit
PATUNGAN  KADO CAHYA PRATAMA,transfer_sosial,BSI,transfer
DB E-TOLL SBY,transport,Danamon,debit
DB MAXIMTIKET,transport,Permata,debit
DB GRAB RIDE,transport,Permata,debit
trsf e-banking db zalora,belanja,Permata,debit
NP IBOX APPLE MKS,belanja,BRI,debit
TRSF E-BANKING DB GOOGLE PLAY GAMES,hiburan,BRI,debit
TRF RUTIN BULANAN QORI AMALIA 9939078988,transfer_keluarga,BSI,transfer
DEBIT EDC ADIDAS STORE DPK,belanja,BNI,debit
DB GOFOOD ORDER,makanan,BNI,debit
DB EDC APOTEK GUARDIAN,kesehatan,Permata,debit
DB EDC KLINIK GIGI,kesehatan,Danamon,debit
IPY PLN PREPAID 44673859,tagihan,Danamon,debit
TRSF E-BANKING DB SPP UNIVERSITAS,pendidikan,BNI,debit
TRF 374165 CIMB,tidak_diketahui,BNI,transfer
TRSF E-BANKING DB TELKOMSEL HALO,tagihan,CIMB,debit
DB EDC MRT JAKARTA,transport,Danamon,debit
transfer belanja keluarga hendra gunawan,transfer_keluarga,Danamon,transfer
NP PHD DPK,makanan,BRI,debit
DB KAI ACCESS RIDE,transport,BSI,debit
DEBIT EDC ERAFONE DPS,belanja,Danamon,debit
NP PET SHOP BTM,lainnya,BRI,debit
NP AHASS HONDA BGR,transport,BRI,debit
TRSF E-BANKING DB ORAMI,belanja,BNI,debit
biaya berobat rs hermina,kesehatan,BRI,debit
PEMBAYARAN SHOPEEFOOD,makanan,CIMB,debit
PEMBAYARAN RAWAT FISIOTERAPI KLINIK,kesehatan,BCA,debit
IPY GOFOOD,makanan,Permata,debit
DB KAI ACCESS RIDE,transport,Danamon,debit
APY BPJS KETENAGAKERJAAN 818772,tagihan,BCA,debit
QRIS PMT CINEPOLIS SBY,hiburan,BCA,debit
TRSF E-BANKING DB KAI ACCESS,transport,Permata,debit
TRANSFER KAS RT IRA YUNITA,transfer_sosial,Danamon,transfer
DB FLAZZ TOPUP,transport,BCA,debit
DB EDC RS MITRA KELUARGA,kesehatan,BNI,debit
KIRIMAN BULANAN SUAMI GILANG RAMADHAN,transfer_keluarga,Permata,transfer
BIAYA HIDUP KELUARGA IRA YUNITA,transfer_keluarga,CIMB,transfer
QRIS PMT MRT JAKARTA MLG,transport,BNI,debit
TRF 6550740172 ,tidak_diketahui,Permata,transfer
DB GOJEK TIKET,transport,BNI,debit
SWITCHING DB BSI 0777361311,tidak_diketahui,BNI,transfer
BAYAR KLINIK APOTEK GUARDIAN MLG,kesehatan,BCA,debit
TRSF E-BANKING DB 5873058807,tidak_diketahui,Permata,transfer
TRSF E-BANKING DB 6801220524 LINA MARLINA,transfer_sosial,BSI,transfer
DB COURSERA,pendidikan,BCA,debit
PEMBAYARAN RAWAT RS MITRA ,kesehatan,BRI,debit
BAYAR TAGIHAN INDOSAT IM3,tagihan,BNI,debit
BYR VIA M-BANKING TAGIHAN KARTU KREDIT BCA,tagihan,BCA,debit
FOOD RICHEESE FACTORY DPK,makanan,Danamon,debit
IPY TOGA MAS,pendidikan,BNI,debit
VIS MATAHARI DEPT STORE,belanja,Mandiri,debit
RETAIL URBAN REPUBLIC  YK,belanja,Mandiri,debit
APY SMARTFREN 498138196899,tagihan,BCA,debit
TRF IURAN MUSHOLA TIKA RAHMADHANI,transfer_sosial,Mandiri,transfer
DB TRAVELOKA EATS ORDER,makanan,BSI,debit
TRSF E-BANKING DB LAZADA,belanja,Mandiri,debit
DEBIT EDC WARUNG KOPI TNG,makanan,BSI,debit
IURAN ARISAN BULANAN CAHYA PRATAMA,transfer_sosial,CIMB,transfer
db zenius education,pendidikan,BCA,debit
QRIS PMT ANYTIME FITNESS BDG,hiburan,BSI,debit
BELANJA SAMSUNG STORE BPN,belanja,BSI,debit
TRF IURAN RT OKI PRATAMA 6142216957,transfer_sosial,Danamon,transfer
IPY SPOTIFY PREMIUM,hiburan,BSI,debit
DB SHOPEEFOOD FOOD,makanan,BNI,debit
PRC METRO DEPT STORE MLG,belanja,BNI,debit
TRSF E-BANKING DB TRAVELOKA,transport,Danamon,debit
IPY AXIS 191830023713,tagihan,CIMB,debit
PYMNT TIKET.COM,transport,BCA,debit
PYMNT TIKET.COM,transport,CIMB,debit
NP LAWSON DPS,belanja,BRI,debit
QRIS PMT SHELL SPBU MDN,transport,Permata,debit
RETAIL PLANET SPORT ,belanja,BRI,debit
patungan ulang tahun arif hidayatullah,transfer_sosial,Danamon,transfer
TRANSFER KE QORI AMALIA NAFKAH BULAN,transfer_keluarga,BRI,transfer
BYR PARKIR 08262968,lainnya,Permata,debit
DB EDC AHASS HONDA,transport,CIMB,debit
DB EDC NEW ERA YK,belanja,Mandiri,debit
DB ZALORA PAYMENT,belanja,BCA,debit
PEMBAYARAN SHOPEEFOOD,makanan,CIMB,debit
NP ANYTIME FITNESS BKS,hiburan,BRI,debit
TOP UP ShopeePay VIA Permata,topup_ewallet,ShopeePay,ewallet
DEBIT EDC ALFAMART DPK,belanja,BRI,debit
PEMBAYARAN QRIS,makanan,CIMB,debit
TRSF E-BANKING DB TRAVELOKA EATS,makanan,BCA,debit
BYR BARBERSHOP 94031590,lainnya,BSI,debit
DB E-TOLL SOL,transport,Permata,debit
TRSF E-BANKING DB KURSUS MUSIK YAMAHA,pendidikan,BNI,debit
VIS HOKBENDPK,makanan,Mandiri,debit
PYMNT HALODOC,kesehatan,Permata,debit
EDC KLINIK KIMIA FARMA JKT,kesehatan,BRI,debit
TRF PATUNGAN KARTINI SARI,transfer_sosial,Permata,transfer
KONSULTASI SEHATQ,kesehatan,BCA,debit
QRIS PMT J.CO DONUTS SOL,makanan,BNI,debit
PYMNT GOJEK,transport,BCA,debit
TRSF E-BANKING DB TIKET.COM,transport,BRI,debit
PRC WATSONS DPS,belanja,BNI,debit
QRIS PMT BIOSKOP XXI BKS,hiburan,BRI,debit
TRSF E-BANKING DB GOFOOD,makanan,BCA,debit
IPY GRABHEALTH,kesehatan,BRI,debit
AUTODEBET SMARTFREN,tagihan,Permata,debit
DB TRF 7984247501,tidak_diketahui,Danamon,transfer
BYR VIA M-BANKING TAGIHAN INTERNET INDIHOME,tagihan,Mandiri,debit
BAYAR TAGIHAN TAGIHAN INTERNET INDIHOME,tagihan,CIMB,debit
RESTO STARBUCKS COFFEE SBY,makanan,BCA,debit
SWITCHING DB Mandiri 3674372970,tidak_diketahui,BNI,transfer
PYMNT MAXIM,transport,Mandiri,debit
PYMNT BPJS KETENAGAKERJAAN 395559117595,tagihan,BSI,debit
DB GRAB TIKET,transport,BRI,debit
TRSF E-BANKING DB SHOPEE,belanja,Danamon,debit
QRIS PMT ERAFONE BGR,belanja,CIMB,debit
IPY CICILAN KPR BRI 84639108 405,tagihan,BRI,debit
SWITCHING DBTOL MDN,transport,CIMB,debit
DB EDC CONVERSE STORE SBY,belanja,BNI,debit
QRIS PMT GUARDIAN TNG,belanja,BSI,debit
SWITCHING DB Danamon 1760585041 EKO PRASETYO,transfer_keluarga,DANA,ewallet
DB EDC MRT JAKARTA,transport,BRI,debit
QRIS PMT GIANT HYPERMARKET SBY,belanja,CIMB,debit
PATUNGAN KADOJOKO WIDODO,transfer_sosial,BNI,transfer
RETAIL WATSONS YK 343,belanja,Permata,debit
PYMNT CICILAN KPR BTN 2793844396,tagihan,Danamon,debit
PYMNT BLIBLI,belanja,BSI,debit
RETAIL INDOMARET PBR,belanja,Mandiri,debit
DB EDC JANJI JIWA BDG,makanan,CIMB,debit
KONDANGAN PERNIKAHAN NANDA WIJAYA,transfer_sosial,BSI,transfer
prc hypermart jkt,belanja,Permata,debit
TRSF DEBIT 07680276,tidak_diketahui,BNI,transfer
TRF BULANAN KE IRA YUN,transfer_keluarga,Danamon,transfer
PATUNGAN KADO GILANG RAMADHAN,transfer_sosial,Permata,transfer
BYR LES PRIVAT 025408,pendidikan,BSI,debit
BYR VIA M-BANKING PDAM KOTA,tagihan,Danamon,debit
TOPUP SHOPEEPAY 264371542869,topup_ewallet,ShopeePay,ewallet
QRIS PMT LABORATORIUM CITO TNG,kesehatan,BNI,debit
RESTO J.CO DONUTS BGR,makanan,BNI,debit
VIS MIXUE SBY,makanan,Mandiri,debit
GRABFOOD ORDER,makanan,Danamon,debit
DB TAGIHAN KARTU KREDIT MANDIRI,tagihan,Mandiri,debit
DB RUMAH MAKAN PADANG PLB,makanan,CIMB,debit
DB PDAM KOTA,tagihan,BNI,debit
DB BLIBLI PAYMENT,belanja,BRI,debit
TRF BULANAN KE HENDRA GUNAWAN,transfer_keluarga,Mandiri,transfer
SA IB PRIMA Dr Trf 3993069866 GUNAWAN WIBOWO,transfer_keluarga,BCA,transfer
DEBIT EDC KURSUS LIA LANGUAGE YK,pendidikan,BSI,debit
SWITCHING DB BCA 1554446477 ZAHRA NURLAILA,transfer_sosial,BCA,transfer
BAYAR  TAGIHAN FIRSTMEDIA,tagihan,Danamon,debit
DEBIT EDC KURSUS MUSIK YAMAHA BDG,pendidikan,Mandiri,debit
TRSF E-BANKING DB RUANGGURU,pendidikan,CIMB,debit
TRANSFER KAS RT LINA MARLINA,transfer_sosial,BSI,transfer
NP ERAFONE BGR,belanja,BRI,debit
PRC SUSHI TEI LPG,makanan,Permata,debit
BARBERSHOP 1968952614,lainnya,Danamon,debit
VIS NASI UDUK BETAWIPLB,makanan,Mandiri,debit
DB SHOPEEFOOD FOOD,makanan,Mandiri,debit
DB EDC YAMAHA SERVICE,transport,BSI,debit
DB YOUTUBE PREMIUM,hiburan,Permata,debit
DB KLIKDOKTER,kesehatan,Permata,debit
DEBIT EDC TRANSMART  SBY,belanja,BSI,debit
DB EDC FORE COFFEE BGR,makanan,Mandiri,debit
BYR IURAN BULANAN RT 409863967151,tagihan,Danamon,debit
CONVERSE STORE SMG,belanja,BRI,debit
INFAQ JUMAT 225390,transfer_sosial,CIMB,transfer
DB EDC PUSKESMAS,kesehatan,Permata,debit
TRF 7211562525 CIMB,tidak_diketahui,BNI,transfer
TRSF E-BANKING DB NETFLIX.COM,hiburan,BRI,debit
QRIS PMT KURSUS LIA LANGUAGE,pendidikan,Permata,debit
DB FLAZZ TOPUP,transport,BNI,debit
DB EDC RS PONDOK INDAH,kesehatan,BSI,debit
DB TRAVELOKA RIDE,transport,BSI,debit
DB HALODOC,kesehatan,Permata,debit
RETAIL GUARDIAN BTM,belanja,Mandiri,debit
BYR TAGIHAN CICILAN FIF MOTOR,tagihan,Mandiri,debit
TELKOMSEL KARTU AS,tagihan,BRI,debit
TRSF NAFKAH MEGA PUSPITA BULANAN,transfer_keluarga,BSI,transfer
APY YAMAHA SERVICE,transport,BCA,debit
TRSF E-BANKING DB BIMBEL GANESHA OPERATION,pendidikan,BSI,debit
DEBIT EDC DUFAN SMG,hiburan,BRI,debit
SWITCHING  DB BNI 1533144957 PANDU ADITYA,transfer_sosial,BSI,transfer
DEBIT EDC UKT SEMESTER GENAP BDG,pendidikan,BSI,debit
IPY IURAN IPL APARTEMEN 20623782,tagihan,Permata,debit
TRF PATUNGAN NANDA WIJAYA 763,transfer_sosial,CIMB,transfer
FOOD WARUNG PADANG SEDERHANA BPN,makanan,BCA,debit
QRIS PMT MATAHARI DEPT STORE BPN,belanja,BRI,debit
PYMNT MAXIM,transport,Danamon,debit
IPY TOKOPEDIA,belanja,Mandiri,debit
PYMNT SHOPEEFOOD,makanan,BCA,debit
AUTODEBET TAGIHAN LISTRIK PLN 495,tagihan,Permata,debit
KIRIM KONDANGAN VINA OKTAVIA,transfer_sosial,BNI,transfer
DB MAXIM RIDE,transport,Danamon,debit
DEBIT EDC KAFE KITA DPK,makanan,Permata,debit
RETAIL GUARDIAN PLB,belanja,BNI,debit
DB EDC  AHASS HONDA,transport,Permata,debit
BAYAR KLINIK FISIOTERAPI KLINIK JKT,kesehatan,Permata,debit
PATUNGAN KADO YANTI PERMATA,transfer_sosial,Permata,transfer
TRF ARISAN WATI SUSANTI 634925,transfer_sosial,BRI,transfer
PEMBAYARAN BUKALAPAK ORDER,belanja,Danamon,debit
QRIS PMT RUMAH SAKIT UMUM LPG,kesehatan,BRI,debit
VIS COTTON INK,belanja,Mandiri,debit
BAYAR TAGIHAN XL AXIATA,tagihan,Permata,debit
BYR VIA M-BANKING CICILAN K,tagihan,Danamon,debit
IPY SPP SMA,pendidikan,BCA,debit
TRSF E-BANKING DB MAXIM,transport,CIMB,debit
DEBIT EDC ASTRA OTOPARTS BPN,transport,BRI,debit
BYR TAGIHAN CICILAN KPR BTN,tagihan,Danamon,debit
PEMBAYARAN RAWAT LABORATORIUM PRAMITA,kesehatan,BCA,debit
PYMNT TRAVELOKA,transport,BRI,debit
DB EDC RS PREMIER JATINEGARA,kesehatan,Danamon,debit
TRSF E-BANKING DB 6795575482 KIRIMAN VERA ANGGRAINI,transfer_keluarga,BNI,transfer
TRANSFER KE  GOPAY 5116086585,topup_ewallet,GoPay,ewallet
TRSF DEBIT 12892410,tidak_diketahui,CIMB,transfer
BYR LES PRIVAT 65226032,pendidikan,BCA,debit
BYR DONASI PMI 65113689,lainnya,BSI,debit
QRIS PMT YAMAHA SERVICE MKS,transport,Mandiri,debit
TRF ORANG TUA FAJAR SIDIQ 1681048314,transfer_keluarga,Mandiri,transfer
PRC SUSHI TEI PBR,makanan,BRI,debit
TRSF DEBIT 84069320,tidak_diketahui,Mandiri,transfer
TRSF E-BANKING DB TRAVELOKA EATS 698,makanan,CIMB,debit
DB UDEMY LEARNING,pendidikan,BRI,debit
QRIS PMT BIMBEL PRIMAGAMA,pendidikan,Permata,debit
TRSF E-BANKING DB YOUTUBE PREMIUM,hiburan,BSI,debit
APY IURAN BPJS 659982,tagihan,BCA,debit
QRIS PMT KFC SMG,makanan,Mandiri,debit
EDC PLANET SPORT BGR,belanja,BNI,debit
TRF ORANG TUA ARIF HIDAYATULLAH 6792734688 649,transfer_keluarga,BSI,transfer
PYMNT MAXIM,transport,BSI,debit
PEMBAYARAN RAWAT RS SILOAM,kesehatan,BSI,debit
TRF 2173440508 Permata,tidak_diketahui,BCA,transfer
BAYAR TAGIHAN PLN PASCABAYAR,tagihan,Danamon,debit
IPY RUANGGURU,pendidikan,Danamon,debit
APY PLN PREPAID 969840 388,tagihan,BCA,debit
NP NEW ERA PBR,belanja,BRI,debit
DB MARUGAME UDON MDN,makanan,BCA,debit
DB TRF 5613757212,tidak_diketahui,BSI,transfer
PYMNT  SHOPEEFOOD,makanan,BNI,debit
QRIS PMT BIAYA KULIAH SWASTA,pendidikan,BCA,debit
DEBIT EDC APOTEK KIMIA FARMA JKT,kesehatan,BNI,debit
PEMBAYARAN BPJSTK 085605,tagihan,Danamon,debit
BIAYA HIDUP KELUARGA BAYU NUGROHO,transfer_keluarga,Mandiri,transfer
NP APOTEK 24 JAM YK,kesehatan,BRI,debit
PRC MIE RAMEN DPS,makanan,BRI,debit
DB GRABFOOD FOOD,makanan,CIMB,debit
BYR UKT  SEMESTER GENAP 2397591968,pendidikan,BNI,debit
BYR SMARTFREN 352413136712,tagihan,CIMB,debit
QRIS PMT TRANS STUDIO B,hiburan,BSI,debit
DB PLN PASCABAYAR,tagihan,CIMB,debit
TRSF E-BANKING DB CODASHOP,hiburan,BRI,debit
DB E-TOLL BTM,transport,Permata,debit
PEMBAYARAN GRABFOOD,makanan,BNI,debit
TRSF NAFKAH KURNIA SARI BULANAN,transfer_keluarga,Danamon,transfer
BYR SPP SEKOLAH DASAR 125624,pendidikan,Mandiri,debit
BIAYA BEROBAT APOTEK GUARDIAN,kesehatan,Mandiri,debit
DB STEAM PURCHASE,hiburan,BNI,debit
VIS DAISO,belanja,Mandiri,debit
SWITCHING DB TOPUP OVO,topup_ewallet,OVO,ewallet
SWITCHING DB TOPUP OVO,topup_ewallet,OVO,ewallet
DEBIT EDC ASTRA OTOPARTS CRB,transport,BSI,debit
biaya berobat laboratorium cito,kesehatan,BNI,debit
QRIS PMT BP SPBU YK,transport,BRI,debit
PYMNT APPLE MUSIC,hiburan,BNI,debit
DB TRAVELOKA TIKET,transport,Permata,debit
PYMNT ZALORA,belanja,BCA,debit
DB GOFOOD FOOD,makanan,BSI,debit
BAYAR TAGIHAN FIRSTMEDIA,tagihan,Mandiri,debit
belanja matahari dept store yk,belanja,BRI,debit
TRF PATUNGAN DEWI LESTARI,transfer_sosial,CIMB,transfer
NP NAV KARAOKE MDN,hiburan,BRI,debit
DB CICILAN ADIRA FINANCE,tagihan,Danamon,debit
PYMNT TIKTOK SHOP,belanja,CIMB,debit
TOPUP SHOPEEPAY 85319491,topup_ewallet,ShopeePay,ewallet
BYR BIMBEL NEUTRON 0624582664,pendidikan,Danamon,debit
TRANSFER KE GOPAY 595228,topup_ewallet,GoPay,ewallet
DB MAXIM TIKET,transport,Permata,debit
KIRIM NAFKAH HADI SUSANTO,transfer_keluarga,BSI,transfer
AUTODEBET AXIS,tagihan,BSI,debit
IPY BIAYA WISUDA,pendidikan,CIMB,debit
PEMBAYARAN ZALORA ORDER,belanja,Danamon,debit
DB EDCAMAZONE,hiburan,BSI,debit
PRC LAWSON CRB,belanja,BSI,debit
TRF 609514 Danamon,tidak_diketahui,DANA,ewallet
TRANSFER IURAN ARISAN YUSUF RAHMAN,transfer_sosial,BSI,transfer
PYMNT TRAVELOKA,transport,Danamon,debit
SWITCHING DB TOL DPK,transport,CIMB,debit
BYR TAGIHAN PLN PREPAID,tagihan,Danamon,debit
DB EDC ANYTIME FITNESS,hiburan,Mandiri,debit
TRANSFER KE MEGA PUSPITA NAFKAH BULANAN,transfer_keluarga,Danamon,transfer
QRIS PMT PARKIR BTM,transport,BRI,debit
DB YOUTUBE PREMIUM,hiburan,BSI,debit
PYMNT GOOGLE PLAY GAMES,hiburan,BNI,debit
DB TOP UP EWALLET ShopeePay,topup_ewallet,ShopeePay,ewallet
SA IB PRIMA Dr Trf 1812350774 CAHYA PRATAMA,transfer_keluarga,BCA,transfer
OVERBOOKING Mandiri INTERNAL,transfer_internal,Mandiri,transfer
IPY GRAMEDIA BOOKSTORE,pendidikan,Mandiri,debit
TRF 8517492140 BNI,tidak_diketahui,BRI,transfer
TRANSFER KE UTAMI DEWI NAFKAH BULANAN,transfer_keluarga,Mandiri,transfer
SWITCHING DB Danamon 8018572302,tidak_diketahui,DANA,ewallet
QRIS PMT LAUNDR,lainnya,BNI,debit
DEBIT EDC TOGA MAS BGR,pendidikan,BCA,debit
TRF KE AHMAD FAUZI PATUNGAN WISATA,transfer_sosial,BSI,transfer
TRANSFER KAS RT CITRA DEWI,transfer_sosial,BNI,transfer
IPY LINKEDIN LEARNING,pendidikan,BRI,debit
pbk giro ke tabungan 4351829141,transfer_internal,Mandiri,transfer
TRF IURAN MUSHOLA WATI SUSANTI,transfer_sosial,CIMB,transfer
DB TIKTOK SHOP BELANJA,belanja,CIMB,debit
PYMNT 3 INDONESIA 503364434710,tagihan,CIMB,debit
IPY KLIKDOKTER,kesehatan,BSI,debit
NP SERVICE AC JKT,lainnya,BRI,debit
RETAIL URBAN REPUBLIC MKS,belanja,BNI,debit
PATUNGAN KADO LESTARI NINGRUM,transfer_sosial,Mandiri,transfer
PATUNGAN KADO PUTRI MAHARANI,transfer_sosial,Permata,transfer
IPY TIKET.COM,transport,BNI,debit
TRSF DEBIT 78375086,tidak_diketahui,BNI,transfer
BELANJA DAISOCRB,belanja,BCA,debit
TRSF E-BANKING DB KURSUS LIA LANGUAGE,pendidikan,Mandiri,debit
TRSF E-BANKING DB SPP SMP,pendidikan,BNI,debit
SWITCHING DB APPLE M,hiburan,Permata,debit
NP RAMAYANA SMG,belanja,BRI,debit
SA OB CA TABUNGAN KE DEPOSITO,transfer_internal,Mandiri,transfer
PEMBAYARAN TRAVELOKA EATS,makanan,Permata,debit
DB GRAB RIDE,transport,BRI,debit
DB EDC HAPPY PUPPY KTV,hiburan,Permata,debit
BYR KURSUS KOMPUTER 413240904748,pendidikan,BRI,debit
PYMNT SHOPEEFOOD 217,makanan,BCA,debit
RESTO KANTIN KAMPUS BKS,makanan,BSI,debit
TOPUP SHOPEEPAY 8599396675,topup_ewallet,ShopeePay,ewallet
DEBIT EDCAPOTEK K24 MLG,kesehatan,Danamon,debit
DB TIKET.COM TIKET,transport,BCA,debit
QRIS PMT KLINIK KIMIA FARMA LPG,kesehatan,BCA,debit
ipy gofood,makanan,Danamon,debit
IPY MAXIM,transport,CIMB,debit
DEBIT EDC KURSUS LIA  LANGUAGE DPS,pendidikan,Permata,debit
SWITCHING DB BPJSKETENAGAKERJAAN,tagihan,BNI,debit
DB EDC BP SPBU,transport,Permata,debit
QRIS PMT BIMBEL ONLINE,pendidikan,Danamon,debit
PEMBAYARAN BLIBLI ORDER,belanja,BCA,debit
PEMBAYARAN IURAN BPJS 943021153,tagihan,Permata,debit
DB E-TOLLMLG,transport,BRI,debit
TRF BULANAN KE YANTI PERMATA,transfer_keluarga,Permata,transfer
PEMBAYARAN TAGIHAN KARTU KREDIT BCA 165390,tagihan,BNI,debit
DB GRABFOOD ORDER,makanan,BNI,debit
DB TRAVELOKA TIKET,transport,CIMB,debit
TRSF E-BANKING DB SEDEKAH,lainnya,Danamon,debit
BAYAR TAGIHAN CICILAN KPR BRI,tagihan,CIMB,debit
PYMNT GRABHEALTH,kesehatan,Mandiri,debit
PYMNT TRAVELOKA EATS,makanan,BCA,debit
qris pmt barbershop tng,lainnya,BNI,debit
PYMNT DISNEY+ HOTSTAR,hiburan,BRI,debit
PEMBAYARAN PGN GAS RUMAH 636470204426,tagihan,BRI,debit
DEBIT EDC TOGA MAS BPN,pendidikan,Mandiri,debit
DB KAI ACCESS TIKET,transport,BNI,debit
TRSF E-BANKING DB 3996228206 UTAMI DEWI,transfer_sosial,BSI,transfer
TRSF E-BANKING DB DONASI PMI,lainnya,CIMB,debit
SWITCHING DB BRI 7150983195 LINA MARLINA,transfer_sosial,BSI,transfer
PEMBAYARAN RAWAT RS MEDISTRA,kesehatan,BRI,debit
DB EDC RS SILOAM,kesehatan,BRI,debit
BYR SERVICE AC 20708278,lainnya,BRI,debit
DEBIT EDC UANG PANGKAL SEKOLAH DPS,pendidikan,Danamon,debit
QRIS PMT UKT SEMESTER GANJIL,pendidikan,CIMB,debit
TRSF E-BANKING DB CICILAN FIF MOTOR,tagihan,Danamon,debit
PYMNT GRABFOOD,makanan,Danamon,debit
DB MIE AYAM JAKARTA DPS,makanan,BSI,debit
SA IB PRIMA Dr Trf 3825718822,tidak_diketahui,BCA,transfer
DB SUNATAN 631,lainnya,BSI,debit
TRF IURAN MUSHOLA FAJAR SIDIQ,transfer_sosial,BRI,transfer
byr kursus komputer 965341,pendidikan,Danamon,debit
ipy klikdokter,kesehatan,CIMB,debit
DB EDC ALFAMART BGR,belanja,CIMB,debit
TOP UP LINKAJA 00206621,topup_ewallet,LinkAja,ewallet
PYMNT TRAVELOKA,transport,BCA,debit
DEBIT EDC MRT JAKARTA SOL,transport,BRI,debit
PYMNT ALODOKTER,kesehatan,BNI,debit
DB NOTARIS PPAT,lainnya,BRI,debit
DEBIT EDC ANYTIME FITNESSMDN,hiburan,BCA,debit
IPY BPJSTK 038918,tagihan,Mandiri,debit
IPY RUANGGURU,pendidikan,CIMB,debit
DB KAI ACCESS RIDE,transport,BCA,debit
TRSF E-BANKING DB TRI HUTCHISON,tagihan,Permata,debit
BELANJA STRADIVARIUS BKS,belanja,BNI,debit
DEBIT EDC NAV KARAOKE BDG,hiburan,Permata,debit
AUTODEBET TAGIHAN KARTU KREDIT BCA,tagihan,Permata,debit
TRSF E-BANKING DB INDOSAT IM3,tagihan,BRI,debit
TRSF E-BANKING DB ZAKAT INFAQ,lainnya,Mandiri,debit
TRSF E-BANKING DB 7492643746 KIRIMAN MULYADI,transfer_keluarga,BNI,transfer
PEMBAYARAN RAWAT RS MEDISTRA,kesehatan,Mandiri,debit
TRF KE OLIVIA SINAGA PATUNGAN WISATA,transfer_sosial,Permata,transfer
DB GOFOOD FOOD,makanan,BRI,debit
BYR ZAKAT INFAQ 540105865516,lainnya,BCA,debit
BYR VIA M-BANKING FIRSTMEDIA,tagihan,Danamon,debit
TRSF E-BANKING DB SEHATQ,kesehatan,CIMB,debit
TRSF E-BANKING DB GRABFOOD,makanan,Danamon,debit
RESTO GULU GULU MDN,makanan,Permata,debit
DB EDC LABORATORIUMPRODIA,kesehatan,BRI,debit
PYMNT IURAN BPJS 8571463567,tagihan,Danamon,debit
RESTO PEPPER LUNCH JKT,makanan,Mandiri,debit
BYR TAGIHAN XL PRABAYAR,tagihan,Mandiri,debit
byr via m-banking cicilan kpr bri,tagihan,Danamon,debit
IPY INDIHOME TELKOM 7542909208,tagihan,Permata,debit
SWITCHING DB STEAM PURCHASE,hiburan,Mandiri,debit
TOP UP OVO VIA BCA,topup_ewallet,OVO,ewallet
DB EDC TRANSJAKARTA,transport,BSI,debit
RETAIL OPTIK SEIS CRB,belanja,Permata,debit
BYR TAGIHAN BPJS KETENAGAKERJAAN,tagihan,BSI,debit
TRSF DEBIT 7179,tidak_diketahui,BSI,transfer
DEBIT EDC ZARA BTM,belanja,BRI,debit
DB LAUNDRY,lainnya,BCA,debit
BAYAR KLINIK RS PREMIER JATINEGARA SBY,kesehatan,Danamon,debit
DEBIT EDC NASI UDUK BETAWI JKT,makanan,Danamon,debit
PYMNT GOOGLE PLAY GAMES,hiburan,BRI,debit
DB EDC CINEPOLIS,hiburan,CIMB,debit
SA IB PRIMA Dr Trf 6420894750 LESTARI NINGRUM,transfer_keluarga,BCA,transfer
QRIS PMT NAV KARAOKE PBR 674,hiburan,BNI,debit
PEMBAYARAN SHOPEEFOOD,makanan,Permata,debit
debit edc apotek k24 bgr,kesehatan,Mandiri,debit
SWITCHING DB 3 INDONESIA,tagihan,Permata,debit
NP FISIOTERAPI KLINIK BGR,kesehatan,BRI,debit
PEMBAYARAN RAWAT FISIOTERAPI KLINIK,kesehatan,BRI,debit
DEBIT EDC TIMEZONE DPK,hiburan,Danamon,debit
SA IB PRIMA Dr Trf 7811328569,tidak_diketahui,BCA,transfer
BYR CICILAN FIF MOTOR,tagihan,BNI,debit
SWITCHING DB BSI 0230766270 WATI SUSANTI,transfer_sosial,BSI,transfer
EDC BIMBEL PRIMAGAMA BKS,pendidikan,Danamon,debit
BIAYA BEROBAT PUSKESMAS,kesehatan,Mandiri,debit
TRF 484719 Danamon,tidak_diketahui,DANA,ewallet
QRIS PMT GRAMEDIA BOOKSTORE,pendidikan,Mandiri,debit
DB GOJEK TIKET,transport,Danamon,debit
TOP UP LINKAJA 51096163,topup_ewallet,LinkAja,ewallet
QRIS PMT RS SILOAM CRB,kesehatan,Danamon,debit
TRSF E-BANKING DB BIAYA UJIAN NASIONAL,pendidikan,BNI,debit
NP WATERBOM LPG,hiburan,BRI,debit
TRF KE DANA 43198257,topup_ewallet,DANA,ewallet
PYMNT GRAB,transport,Permata,debit
QRIS PMT BIMBEL NEUTRON,pendidikan,BNI,debit
BYR VIA M-BANKING TAGIHAN BPJS KESEHATAN,tagihan,BNI,debit
TRSF E-BANKING DB SHOPEEFOOD,makanan,CIMB,debit
PATUNGAN ULANG TAHUN PANDU ADITYA,transfer_sosial,Permata,transfer
SWITCHING DB CIMB 6673394222,tidak_diketahui,BNI,transfer
PYMNT CODASHOP,hiburan,Permata,debit
BYR CUCI MOBIL 695814,lainnya,BCA,debit
TRSF E-BANKING DB ALODOKTER,kesehatan,BRI,debit
PYMNT GOOGLE PLAY GAMES,hiburan,BRI,debit
TRSF E-BANKING DB BIAYA WISUDA,pendidikan,Mandiri,debit
PYMNT TOKOPEDIA,belanja,CIMB,debit
PEMBAYARAN SHOPEEFOOD,makanan,BCA,debit
TRSF E-BANKING DB KLIKDOKTER,kesehatan,BNI,debit
SWITCHING DB VIDIO PREMIER,hiburan,Danamon,debit
KIRIM UANG ISTRI  OLIVIA SINAGA,transfer_keluarga,BRI,transfer
QRIS PMT BARBERSHOP DPS,lainnya,BRI,debit
BYR KURSUS MUSIK YAMAHA 38888761,pendidikan,Mandiri,debit
PYMNT TOKOPEDIA,belanja,Permata,debit
BIAYA HIDUP KELUARGA OKI PRATAMA,transfer_keluarga,BRI,transfer
PYMNT SHOPEEFOOD,makanan,Mandiri,debit
TRANSFER ANAK KOS I,transfer_keluarga,BCA,transfer
PEMBAYARAN TRAVELOKA EATS,makanan,BNI,debit
BYR VIA M-BANKING TAGIHAN KARTU KREDIT MANDIRI,tagihan,Permata,debit
APY CICILAN ADIRA FINANCE 48793872,tagihan,BCA,debit
QRIS PMT IBOX APPLE JKT,belanja,BNI,debit
PEMBAYARAN GOFOOD,makanan,Permata,debit
DEBIT EDC RS PONDOK INDAH PBR,kesehatan,CIMB,debit
DB A&W RESTAURANT BDG,makanan,CIMB,debit
DB FLAZZ TOPUP,transport,CIMB,debit
DB GRABFOOD ORDER,makanan,BCA,debit
BYR TOGA MAS 509239646440,pendidikan,Permata,debit
VIS BAKMI GM YK,makanan,Mandiri,debit
BYR TAGIHAN CICILAN KENDARAAN 702,tagihan,Danamon,debit
MAKAN PEPPER LUNCH YK,makanan,Danamon,debit
BAYAR KLINIK RS PONDOK INDAH PBR,kesehatan,BRI,debit
BELANJA NIKE STORE BKS,belanja,BCA,debit
PYMNT INDOSAT IM3 658798806481,tagihan,BSI,debit
IPY BIMBELNEUTRON,pendidikan,Mandiri,debit
TRSF E-BANKING DB BUKALAPAK,belanja,Mandiri,debit
DB TRAVELOKA RIDE,transport,BNI,debit
DEBIT EDC TRANSJAKARTA BGR,transport,BCA,debit
IPY TRAVELOKA EATS,makanan,BSI,debit
BYR TAGIHAN PDAM KOTA,tagihan,BRI,debit
IPY CICILAN KENDARAAN 430896,tagihan,Mandiri,debit
DEBIT EDC BIAYA WISUDA MLG,pendidikan,BCA,debit
BYR VIA M-BANKING PDAM TIRTA BHAGASASI,tagihan,Permata,debit
IPY BIAYA WISUDA,pendidikan,BCA,debit
DONASI SOSIAL INDRA KUSUMA,transfer_sosial,CIMB,transfer
KIRIM UANG ISTRI VINA OKTAVIA,transfer_keluarga,BNI,transfer
NP APOTEK WATSONS PBR,kesehatan,BRI,debit
IPY SKILL ACADEMY,pendidikan,Danamon,debit
AUTODEBET CICILAN FIF MOTOR,tagihan,Mandiri,debit
TRSF E-BANKING DB 7708963438 KIRIMAN CITRA DEWI,transfer_keluarga,CIMB,transfer
QRIS PMT BIAYA UJIAN NASIONAL,pendidikan,BCA,debit
NP TIMEZONE BGR,hiburan,BRI,debit
DB GOFOOD FOOD,makanan,CIMB,debit
SWITCHING DB CIMB 9880974146,tidak_diketahui,Danamon,transfer
TRSF E-BANKING DB PET SHOP,lainnya,BSI,debit
NP KLINIK PRATAMA BDG,kesehatan,BRI,debit
DB EDC NAV KARAOKE 868,hiburan,Permata,debit
PEMBAYARAN RAWAT RS SILOAM,kesehatan,Permata,debit
QRIS PMT LAUNDRY BTM,lainnya,BCA,debit
KIRIMAN IBU INDRA KUSUMA 2955971946,transfer_keluarga,Danamon,transfer
TOP  UP LINKAJA 002688,topup_ewallet,LinkAja,ewallet
BAYAR KLINIKAPOTEK WATSONS TNG,kesehatan,Permata,debit
DB DUOLINGO PLUS,pendidikan,Permata,debit
PYMNT TRAVELOKA EATS 717,makanan,Danamon,debit
PYMNT TRAVELOKA EATS,makanan,Permata,debit
EDC ZAKAT INFAQ YK,lainnya,BCA,debit
TRSF E-BANKING DB TRAVELOKA,transport,BNI,debit
BYR SERVICE AC 61,lainnya,Permata,debit
TRF 096279 BCA,tidak_diketahui,Permata,transfer
PYMNT GOFOOD,makanan,BNI,debit
SWITCHING DB YOUTUBE PREMIUM,hiburan,BCA,debit
DB SERVICE AC,lainnya,BCA,debit
PYMNT PLN TOKEN LISTRIK 919194,tagihan,BNI,debit
PEMBAYARAN FIRSTMEDIA 52486821,tagihan,Permata,debit
STEAM PURCHASE,hiburan,CIMB,debit
PATUNGAN KADO DINA FITRIANI,transfer_sosial,BSI,transfer
IPY UKT SEMESTER GENAP,pendidikan,BNI,debit
DEBIT EDC OPTIK SEIS MKS,kesehatan,BCA,debit
BIAYA HIDUP KELUARGA JOKO WIDODO,transfer_keluarga,Mandiri,transfer
RETAIL METRO DEPT STORE BKS,belanja,Permata,debit
SA IB PRIMA Dr Trf 6915192209,tidak_diketahui,BCA,transfer
TRANSFER KAS RT MULYADI,transfer_sosial,Mandiri,transfer
DB ORAMI PAYMENT,belanja,Permata,debit
SUMBANGAN MASJID TONO HARTONO 525,transfer_sosial,BSI,transfer
TRF IURAN MUSHOLA IRA YUNITA,transfer_sosial,Mandiri,transfer
DEBIT EDC RUMAH SAKIT UMUM MDN,kesehatan,BRI,debit
FOOD A&W RESTAURANT SMG,makanan,Mandiri,debit
PRC RAMAYANA BDG,belanja,BRI,debit
DB DONASI PMI,lainnya,Mandiri,debit
PYMNT ZALORA,belanja,Permata,debit
PYMNT SHOPEEFOOD,makanan,CIMB,debit
DB EDC  AMAZONE,hiburan,BCA,debit
DB EDC OPTIK MELAWAI,kesehatan,BCA,debit
BYR PERIPLUS BOOKSTORE 6587472691,pendidikan,Mandiri,debit
PRC GUARDIAN MLG,belanja,BCA,debit
TRANSFER KE JULIANA PUTRI NAFKAH BULANAN,transfer_keluarga,CIMB,transfer
DB WARUNG KOPI BGR,makanan,Permata,debit
KIRIM UANG ISTRI TONO HARTONO,transfer_keluarga,Mandiri,transfer
KIRIMAN BULANAN SUAMI QORI AMALIA,transfer_keluarga,CIMB,transfer
TRF KE EKO PRASETYO PATUNGAN WISATA,transfer_sosial,Danamon,transfer
SA IB PRIMA Dr Trf GOPAY,topup_ewallet,GoPay,ewallet
KIRIM KE ADIK OLIVIA SINAGA 3074388598,transfer_keluarga,BCA,transfer
BAYAR KLINIK KLINIK ESTETIKA TNG,kesehatan,Danamon,debit
DB MAXIM TIKET,transport,BNI,debit
PRC ALFAMART JKT,belanja,BNI,debit
TRSF E-BANKING DB PARKIR,lainnya,Mandiri,debit
SA IB PRIMA Dr Trf REK SENDIRI,transfer_internal,BCA,transfer
TRSF E-BANKING DB BIMBEL GANESHA OPERATION,pendidikan,CIMB,debit
TRANSFER 4028612516,tidak_diketahui,BNI,transfer
DB GOFOOD FOOD,makanan,BRI,debit
TRF PATUNGAN ENDAH PURWANTI,transfer_sosial,CIMB,transfer
DB LINKEDIN LEARNING,pendidikan,BNI,debit
DEBIT EDC SERVICE AC PLB,lainnya,Danamon,debit
DEBIT EDC MRT JAKARTA SBY,transport,CIMB,debit
KIRIM KONDANGAN VERA ANGGRAINI,transfer_sosial,BCA,transfer
RETAIL ZARA TNG,belanja,CIMB,debit
APY PGN GAS RUMAH 693616315568,tagihan,BCA,debit
NP BIOSKOP CGV LPG,hiburan,BRI,debit
DB EDC KOPITIAM CRB,makanan,CIMB,debit
TRSF E-BANKING DB 8012708042 KURNIA SARI RUTIN,transfer_keluarga,Mandiri,transfer
KONDANGAN PERNIKAHAN ENDAH PURWANTI,transfer_sosial,Permata,transfer
DB SUNATAN,lainnya,Mandiri,debit
QRIS PMT TIMEZONE BTM,hiburan,BCA,debit
PEMBAYARAN RAWAT RS,kesehatan,CIMB,debit
INFAQ JUMAT 898306,transfer_sosial,CIMB,transfer
QRIS PMT PERIPLUS BOOKSTORE,pendidikan,BRI,debit
PYMNT SHOPEE,belanja,BSI,debit
IURAN ARISAN BULANAN LESTARI NINGRUM,transfer_sosial,CIMB,transfer
E-BANKING DB BIMBEL NEUTRON,pendidikan,Danamon,debit
DB EDC ALFAMART SMG,belanja,CIMB,debit
NP EXPRESS TAXI MLG,transport,BRI,debit
QRIS PMT BLUE BIRD TAXI BGR 066,transport,Mandiri,debit
EDC CELEBRITY FITNESS BKS,hiburan,Permata,debit
TRF KE SURYA DARMA PATUNGAN WISATA,transfer_sosial,BSI,transfer
DONASI BUDI SANTOSO 443731,transfer_sosial,CIMB,transfer
SA OB TABUNGAN BISNIS,transfer_internal,Mandiri,transfer
IPY SPOTIFY PREMIUM,hiburan,CIMB,debit
TRSF E-BANKING DB 2666961113 KIRIMAN HENDRA GUNAWAN,transfer_keluarga,BCA,transfer
SWITCHING DB SPOTI,hiburan,Mandiri,debit
RAWAT RS MEDISTRA,kesehatan,BSI,debit
TRSF E-BANKING DB SHOPEEFOOD,makanan,Danamon,debit
BELANJA ERAFONE BGR,belanja,BRI,debit
DB TRAVELOKA TIKET,transport,Mandiri,debit
QRIS PMT BENGKEL SUZUKI MDN,transport,Mandiri,debit
VIS FORE COFFEE JKT,makanan,Mandiri,debit
QRIS PMT APOTEK CENTURY DPS 102,kesehatan,BNI,debit
HAPPY PUPPY KTV SOL,hiburan,Permata,debit
PYMNT TRAVELOKA EATS,makanan,Permata,debit
PEMBAYARAN RAWAT RS PREMIER JATINEGARA,kesehatan,BSI,debit
DB PARKIR,lainnya,CIMB,debit
IPY IURAN BULANAN RT 925917,tagihan,BNI,debit
BIAYA BEROBAT RS ADVENT,kesehatan,BRI,debit
DEBIT EDC ANYTIME FITNESS BPN,hiburan,Danamon,debit
TRSF E-BANKING DB PLN TOKEN LISTRIK,tagihan,CIMB,debit
DEBIT EDC PLANET SPORT BKS,belanja,Mandiri,debit
RETAIL CONVERSE  STORE SBY,belanja,Permata,debit
TRSF E-BANKING DB 7047604017 PANDU ADITYA,transfer_sosial,Danamon,transfer
QRIS PMT WATERBOM MKS,hiburan,BCA,debit
DEBIT EDC APOTEK 24 JAM DPK,kesehatan,Danamon,debit
DEBIT EDC KLINIK ESTETIKAJKT,kesehatan,BNI,debit
TRF PATUNGAN DINA FITRIANI,transfer_sosial,BRI,transfer
DB E-TOLL BDG,transport,CIMB,debit
PEMBAYARAN BIZNET HOME 0252703773,tagihan,BNI,debit
RETAIL OPTIK SEIS P,belanja,Permata,debit
PYMNT GRAB,transport,BRI,debit
VIS MCDONALD'S TNG,makanan,Mandiri,debit
TRSF DEBIT 53307109,tidak_diketahui,BRI,transfer
BIAYA HIDUP KELUARGA ZAKI,transfer_keluarga,BNI,transfer
QRIS PMT HAPPY PUPPY KTV LPG,hiburan,CIMB,debit
TRSF E-BANKING DB SERVICE AC,lainnya,Permata,debit
PRC HOKA HOKA BENTO SMG 179,makanan,Danamon,debit
PEMBAYARAN GRABFOOD,makanan,BCA,debit
KIRIM UANG ISTRI LINA MARLINA,transfer_keluarga,Permata,transfer
SWITCHING DB TOPUP OVO,topup_ewallet,OVO,ewallet
TRANSFER KE ZAHRA NURLAILA NAFKAH BULANAN,transfer_keluarga,BSI,transfer
TAGIHAN KARTU KREDIT MANDIRI 19053484,tagihan,BRI,debit
IPY MAXIM,transport,BSI,debit
TRAVELOKA RIDE,transport,BNI,debit
TRANSFER ANAK KOS HENDRA GUNAWAN,transfer_keluarga,Mandiri,transfer
DB SHOPEEFOODORDER,makanan,BRI,debit
PYMNT LAZADA,belanja,BNI,debit
PYMNT KLIKDOKTER,kesehatan,Mandiri,debit
KONDANGAN PERNIKAHAN UMI KALSUM,transfer_sosial,BRI,transfer
PYMNT MAXIM,transport,Mandiri,debit
QRIS PMT GOLD GYM JKT,hiburan,Mandiri,debit
TRF BULANAN KE SARI INDAH,transfer_keluarga,BNI,transfer
KIRIMAN AYAHDINA FITRIANI,transfer_keluarga,BCA,transfer
TRSF E-BANKING DB KURSUS BAHASA EF ENGLISH,pendidikan,BNI,debit
PBK REK 3231703850 KE REK 2775151873,transfer_internal,BNI,transfer
BYR SERVICE AC 193160529358,lainnya,Mandiri,debit
trsf e-banking db zalora,belanja,BRI,debit
PMT LABORATORIUM CITO BKS,kesehatan,Danamon,debit
TRSF E-BANKING DB TIKTOK SHOP,belanja,Mandiri,debit
BIAYA HIDUP KELUARGA HENDRA GUNAWAN,transfer_keluarga,CIMB,transfer
FOOD AYAM  GEPREK BENSU LPG,makanan,BCA,debit
SWITCHING DB YOUTUBE PREMIUM,hiburan,Danamon,debit
TRSF E-BANKING DB AP,hiburan,Mandiri,debit
DB TRF 3238443791,tidak_diketahui,Danamon,transfer
TRSF E-BANKING D,pendidikan,Mandiri,debit
IPY COURSERA,pendidikan,BNI,debit
PRC BOBA THAI TEA JKT,makanan,Danamon,debit
TRSF E-BANKING DB TELKOMSEL SIMPATI,tagihan,BSI,debit
PEMBAYARAN GRABFOOD,makanan,CIMB,debit
SWITCHING DB TOL,transport,BSI,debit
SWITCHING DB CICILAN FIF MOTOR,tagihan,Permata,debit
KIRIMAN BULANAN SUAMI FAJAR SIDIQ,transfer_keluarga,Mandiri,transfer
NP WATSONS MKS,belanja,BRI,debit
BAYAR TAGIHAN PDAM TIRTA BHAGASASI,tagihan,BNI,debit
TRSF E-BANKING DB UKT SEMESTER GENAP,pendidikan,BSI,debit
DEBIT EDC AYAM GEPREK BENSU JKT,makanan,BCA,debit
VIS DAISO,belanja,Mandiri,debit
VIS MAXX COFFEE MDN,makanan,Mandiri,debit
FOOD MARUGAME UDON DPK,makanan,BNI,debit
KIRIMAN IBU BUDI SANTOSO 9639320603,transfer_keluarga,Danamon,transfer
BYR BARBERSHOP 821369,lainnya,Danamon,debit
VIS WATSONS,belanja,Mandiri,debit
DB TRAVELOKA EATS ORDER,makanan,Danamon,debit
DEBIT EDC INUL VIZTA YK,hiburan,BSI,debit
VIS SUPERINDO 241,belanja,Mandiri,debit
DB CUCI MOBIL,lainnya,Mandiri,debit
DB EDC KLINIK GIGI,kesehatan,Danamon,debit
VIS HERO SUPERMARKET,belanja,Mandiri,debit
PEMBAYARAN RAWAT RS ADVENT,kesehatan,Mandiri,debit
NP KFC SBY,makanan,BRI,debit
trsf e-banking db gojek,transport,BRI,debit
SWITCHING DB AXIS,tagihan,CIMB,debit
DB XL PRABAYAR,tagihan,Permata,debit
BYR VIA M-BANKING TAGIHAN GAS PGN,tagihan,BNI,debit
IPY RUANGGURU,pendidikan,BCA,debit
PEMBAYARAN AXIS 61486826,tagihan,Permata,debit
DB TRAVELOKA RIDE,transport,BRI,debit
OVERBOOKING Danamon INTERNAL,transfer_internal,DANA,ewallet
VIS HOKA HOKA BENTO BTM,makanan,Mandiri,debit
PATUNGAN ULANG TAHUN JULIANA PUTRI,transfer_sosial,Danamon,transfer
NP ZAKAT INFAQ SMG,lainnya,BRI,debit
TRF BULANAN KE OLIVIA SINAGA,transfer_keluarga,Permata,transfer
NP ANYTIME FITNESS PBR,hiburan,BRI,debit
TRF IURAN RT LESTARI NINGRUM 1267070606,transfer_sosial,Permata,transfer
DB GRAB RIDE,transport,CIMB,debit
SA OB CA TABUNGAN KE DEPOSITO,transfer_internal,Mandiri,transfer
PEMBAYARAN SHOPEE ORDER,belanja,BSI,debit
NP LAUNDRY BKS,lainnya,BRI,debit
KONSULTASI GOOD DOCTOR,kesehatan,BRI,debit
TRSF DB SUMBANGAN TIKA RAHMADHANI,transfer_sosial,BNI,transfer
transfer anak kos zahra nurlaila,transfer_keluarga,CIMB,transfer
BIAYA BEROBAT RS ADVENT,kesehatan,Permata,debit
KONDANGAN PERNIKAHAN OKI PRATAMA,transfer_sosial,Danamon,transfer
TRANSFER 7461820099,tidak_diketahui,Permata,transfer
NP ZAKAT INFAQ YK,lainnya,BRI,debit
DB TOKOPEDIA BELANJA,belanja,BRI,debit
ipy bukalapak,belanja,Permata,debit
IPY INDIHOME TELKOM 029708,tagihan,Mandiri,debit
NP AHASS HONDA YK,transport,BRI,debit
TRSF E-BANKING DB UDEMY LEARNING,pendidikan,BSI,debit
RETAIL HERO SUPERM,belanja,BSI,debit
QRIS PMT RAMAYANA SBY,belanja,Danamon,debit
TRANSFER KAS RT WATI SUSANTI,transfer_sosial,BSI,transfer
KONSULTASI GRABHEALTH,kesehatan,BNI,debit
KIRIMAN AYAH ZAHRA NURLAILA,transfer_keluarga,BRI,transfer
BYR CICILAN ADIRA FINANCE,tagihan,BCA,debit
DEBIT EDC GOLD GYM MKS,hiburan,BSI,debit
SA IB PRIMA Dr Trf 4306044643,tidak_diketahui,BCA,transfer
DB GOJEK RIDE,transport,Permata,debit
NP ANYTIME FITNESS MDN,hiburan,BRI,debit
DEBIT EDC BIOSKOP XXI MLG,hiburan,BRI,debit
DEBIT EDC PARKIR BDG,lainnya,CIMB,debit
QRIS PMT APOTEK WATSONS DPK,kesehatan,BSI,debit
PYMNT BUKALAPAK,belanja,Danamon,debit
DEBIT EDC APOTEK GUARDIAN SOL,kesehatan,Danamon,debit
IPY TELKOMSEL KARTU AS 23340903,tagihan,Mandiri,debit
IPY BUKALAPAK,belanja,BRI,debit
QRIS PMT BURGER KING BKS,makanan,BCA,debit
DB LAZADA PAYMENT,belanja,BNI,debit
APY PERTAMINA SPBU,transport,BCA,debit
PEMBAYARAN RAWAT RS PREMIER JATINEGARA,kesehatan,Mandiri,debit
KE ADIK GILANG RAMADHAN 6840391056,transfer_keluarga,BSI,transfer
NP RS SILOAM TNG,kesehatan,BRI,debit
APY 3 INDONESIA 730688910851,tagihan,BCA,debit
TRAVELOKA EATS FOOD,makanan,BCA,debit
DB VIDIO PREMIER,hiburan,Mandiri,debit
TRSF E-BANKING DB GRAMEDIA BOOKSTORE,pendidikan,BCA,debit
QRIS PMT BLUE BIRD TAXI BDG,transport,BCA,debit
DB SHOPEEFOOD ORDER,makanan,Danamon,debit
DEBIT EDC KURSUS BAHASA EF ENGLISH BPN,pendidikan,Mandiri,debit
NP KRL COMMUTERLINE CRB,transport,BRI,debit
APY PDAM TIRTA JAYA 235823,tagihan,BCA,debit
BIAYA BEROBAT RS MEDISTRA,kesehatan,BRI,debit
TRF 3062353635 BSI,tidak_diketahui,BCA,transfer
QRIS PMT RUMAH SAKIT UMUM PBR,kesehatan,BSI,debit
IPY GRAB,transport,BNI,debit
PYMNT MAXIM,transport,BRI,debit
KONSULTASI KLIKDOKTER,kesehatan,BCA,debit
DEBIT EDC AMAZONE MKS,hiburan,BCA,debit
PEMBAYARAN ORAMI ORDER,belanja,Mandiri,debit
BYR KURSUS KOMPUTER 008730,pendidikan,BRI,debit
PYMNT TRAVELOKA EATS,makanan,Mandiri,debit
FOOD J.CO DONUTS PBR,makanan,Mandiri,debit
DB GOOD DOCTOR,kesehatan,BNI,debit
DB BUKALAPAK BELANJA,belanja,BNI,debit
TRF 3907079315 BCA,tidak_diketahui,BRI,transfer
TRF KE RATNA SARI PATUNGAN WISATA,transfer_sosial,Danamon,transfer
BIAYA BEROBAT PUSKESMAS,kesehatan,Mandiri,debit
KE GOPAY 7511791869,topup_ewallet,GoPay,ewallet
NP WATSONS BKS,belanja,BRI,debit
PEMBAYARAN RAWAT RS PREMIER JATINEGARA,kesehatan,BCA,debit
IPY MAXIM,transport,BSI,debit
PRC CONVERSE STORE BGR,belanja,Danamon,debit
TRSF E-BANKING DB 5709247502,tidak_diketahui,BNI,transfer
QRIS PMT UKT SEMESTER GANJIL 308,pendidikan,BSI,debit
PYMNT BUKALAPAK,belanja,BRI,debit
DEBIT EDC CELEBRITY FITNESS MDN,hiburan,Mandiri,debit
QRIS PMT  PARKIR SMG,transport,BNI,debit
NP ASURANSI JIWA DPK,lainnya,BRI,debit
TRF 1049150757 Danamon,tidak_diketahui,DANA,ewallet
KIRIMAN BULANAN SUAMI YUSUF RAHMAN,transfer_keluarga,BRI,transfer
TRSF E-BANKING DB YOUTUBE PREMIUM,hiburan,Permata,debit
DEBIT EDC APOTEK KIMIA FARMA DPS,kesehatan,BSI,debit
TOP UP LINKAJA 116956,topup_ewallet,LinkAja,ewallet
TRSF E-BANKING DB 0404873805 LINA MARLINA,transfer_sosial,Danamon,transfer
food mixue pbr,makanan,Mandiri,debit
IPY APPLE MUSIC,hiburan,BRI,debit
QRIS PMT NEW ERA TNG,belanja,Mandiri,debit
BYR VIA M-BANKING PDAM TIRTA BHAGASASI,tagihan,BCA,debit
SA IB PRIMA Dr Trf GOPAY,topup_ewallet,GoPay,ewallet
NP SEDEKAH DPS,lainnya,BRI,debit
VIS HYPERMART,belanja,Mandiri,debit
BIAYA BEROBAT RS PREMIER JATI,kesehatan,CIMB,debit
SA IB PRIMA Dr Trf 4540391196,tidak_diketahui,BCA,transfer
SWITCHING DB CODASHOP,hiburan,BSI,debit
PEMBAYARAN ZALORA ORDER,belanja,BCA,debit
DB KAI ACCESS TIK,transport,BRI,debit
TRANSFER KAS RT WATI SUSANTI,transfer_sosial,BRI,transfer
SA IB PRIMA Dr Trf 1254215397,tidak_diketahui,BCA,transfer
BYR VIA M-BANKING PGN GAS RUMAH,tagihan,Danamon,debit
PYMNT BLIBLI,belanja,CIMB,debit
DEBIT EDC SHELL SPBU BDG,transport,Permata,debit
INFAQ JUMAT 720794,transfer_sosial,Permata,transfer
SA OB CA TABUNGAN KE DEPOSITO,transfer_internal,Mandiri,transfer
IPY BIMBEL ONLINE,pendidikan,BRI,debit
DB TRAVELOKA EATS FOOD,makanan,BNI,debit
SA IB PRIMA Dr Trf 7710123889 INDRA KUSUMA,transfer_keluarga,BCA,transfer
MAKAN FORE COFFEE MKS,makanan,Danamon,debit
TRSF E-BANKING DB TRAVELOKA,transport,CIMB,debit
NP A&W RESTAURANTYK,makanan,BRI,debit
BYR TRI HUTCHISON 872386,tagihan,Permata,debit
SWITCHING DB BSI 5851727487 FAJAR SIDIQ,transfer_keluarga,BCA,transfer
FOOD WARUNG PADANG SEDERHANA PLB,makanan,Mandiri,debit
PEMBAYARAN ZALORA ORDER,belanja,BCA,debit
NP RS PREMIER JATINEGARA SOL,kesehatan,BRI,debit
PRC RUMAH MAKAN PADANG BKS,makanan,BCA,debit
PYMNT TOKOPEDIA,belanja,Permata,debit
QRIS PMT SUPERINDO DPK,belanja,Danamon,debit
QRIS PMT PARKIR SBY,transport,Permata,debit
TRANSFER BELANJA KELUARGA WATI SUSANTI,transfer_keluarga,BNI,transfer
DB TAGIHAN KARTU KREDIT MANDIRI,tagihan,Mandiri,debit
BAYAR KLINIK KLINIK ESTETIKA BPN,kesehatan,BCA,debit
KONDANGAN PERNIKAHAN ,transfer_sosial,Danamon,transfer
IPY GRABFOOD,makanan,BRI,debit
SWITCHING DB Permata 7812707251 BUDI SANTOSO,transfer_sosial,BSI,transfer
KIRIM KE ADIK PUTRI MAHARANI 6967985166,transfer_keluarga,BRI,transfer
QRIS PMT PERIPLUS BOOKSTORE,pendidikan,BNI,debit
DB FLAZZ TOPUP,transport,Mandiri,debit
PEMBAYARAN SHOPEE ORDER,belanja,Mandiri,debit
DB EDC CINEPOLIS,hiburan,CIMB,debit
BYR VIA M-BANKING XL AXIATA,tagihan,BNI,debit
DEBIT EDC APOTEK CENTURY YK,kesehatan,CIMB,debit
IPY ORAMI,belanja,BCA,debit
PATUNGAN ULANG TAHUN JULIANA PUTRI,transfer_sosial,CIMB,transfer
DB EDC BUBUR AYAM BGR,makanan,Danamon,debit
TRF BULANAN KE RATNA SARI,transfer_keluarga,BRI,transfer
IPY VIDIO PREMIER,hiburan,BSI,debit
TRF ORANG TUA JULIANA PUTRI 2956444554,transfer_keluarga,Permata,transfer
TRF ORANG TUA MEGA PUSPITA 9077518409,transfer_keluarga,CIMB,transfer
TRSF DEBIT 5852,tidak_diketahui,CIMB,transfer
PYMNT BIZNET HOME 9013829361,tagihan,BNI,debit
PYMNT CICILAN KPR BTN 02647849,tagihan,Permata,debit
TRSF E-BANKING DB TOKOPEDIA,belanja,CIMB,debit
switching db pdam kota,tagihan,Danamon,debit
TRSF DB KIRIMAN KELUARGA LESTARI NINGRUM,transfer_keluarga,BCA,transfer
BYR PDAM TIRTA BHAGASASI 72548583,tagihan,BCA,debit
autodebet tagihan gas pgn,tagihan,BCA,debit
DB EDC TOMORO COFFEE MLG,makanan,BSI,debit
DEBIT EDC BIMBEL ONLINE DPK,pendidikan,Danamon,debit
BYR GRAMEDIA BOOKSTORE 08906323,pendidikan,BRI,debit
TRSF E-BANKING DB 6449875372 AHMAD FAUZI,transfer_sosial,CIMB,transfer
TRSF DB SUMBANGAN JOKO WIDODO,transfer_sosial,Mandiri,transfer
TRF IURAN RT HENDRA GUNAWAN 2844320731,transfer_sosial,BSI,transfer
byr biaya ujian nasional 8669570818,pendidikan,Permata,debit
KLINIK RS MEDISTRA MKS,kesehatan,CIMB,debit
BIAYA BEROBAT APOTEK WATSONS,kesehatan,BNI,debit
BYR VIA M-BANKING IURAN IPL APARTEMEN,tagihan,BCA,debit
DB TRAVELOKA EATS  ORDER,makanan,BCA,debit
DB FLAZZ TOPUP,transport,BCA,debit
DB TIKET.COM RIDE,transport,Mandiri,debit
BELANJA RANCH MARKET BGR,belanja,BSI,debit
DB FLAZZ TOPUP,transport,Mandiri,debit
SWITCHING DB TELKOMSEL SIMPATI,tagihan,BRI,debit
IPY TOGA MAS,pendidikan,BSI,debit
MAKAN STARBUCKS COFFEE SBY,makanan,Permata,debit
DEBIT EDC APOTEK KIMIA FARMA CRB,kesehatan,BRI,debit
TRSF E-BANKING DB 2628845848 KURNIA SARI RUTIN,transfer_keluarga,Danamon,transfer
QRIS PMT NOTARIS PPAT JKT,lainnya,CIMB,debit
TRSF E-BANKING DB TRAVELOKA,transport,CIMB,debit
switching db tol tng,transport,BCA,debit
BELANJA UNIQLO CRB,belanja,CIMB,debit
PEMBAYARAN TRAVELOKA EATS,makanan,Permata,debit
SWITCHING DB TOPUP OVO,topup_ewallet,OVO,ewallet
RESTO JANJI JIWA CRB,makanan,BCA,debit
E-BANKING DB SPOTIFY PREMIUM,hiburan,BRI,debit
DB FLAZZ TOPUP,transport,BSI,debit
NP SOCIOLLA MKS,belanja,BRI,debit
SWITCHING DB BIZNET HOME,tagihan,BNI,debit
DEBIT EDC ZAKAT INFAQ SMG,lainnya,CIMB,debit
NP RS PONDOK INDAH SBY,kesehatan,BRI,debit
BYR SPP SMP 73146424,pendidikan,Permata,debit
DB EDC BAKSO BOEDJANGAN TNG,makanan,Danamon,debit
IPY TRAVELOKA EATS,makanan,Permata,debit
TRSF E-BANKING DB SPP SEKOLAH DASAR,pendidikan,Mandiri,debit
DEBIT EDC SPP SMP BTM,pendidikan,Permata,debit
QRIS PMT SPP SMP,pendidikan,Permata,debit
QRIS PMT PARKIR DPK,transport,Danamon,debit
NP APOTEK VIVA GENERIK PLB,kesehatan,BRI,debit
KIRIMAN BULANAN SUAMI FAJAR SIDIQ,transfer_keluarga,BSI,transfer
BIAYA HIDUP KELUARGA DINA FITRIANI,transfer_keluarga,BNI,transfer
NP BEBEK GORENG HARISSA YK,makanan,BRI,debit
IURAN ARISAN BULANAN NURI RAHAYU,transfer_sosial,BNI,transfer
QRIS PMT SUNATAN PBR,lainnya,BNI,debit
PMT APOTEK VIVA GENERIK BTM,kesehatan,BSI,debit
IPY SPP SMP,pendidikan,BNI,debit
pembayaran gofood,makanan,CIMB,debit
DB EDCNAV KARAOKE,hiburan,Danamon,debit
PBK GIRO KE TABUNGAN 0445,transfer_internal,BRI,transfer
TRF ORANG TUA LINA MARLINA 5796467243,transfer_keluarga,Danamon,transfer
APY TAGIHAN LISTRIK PLN 513988051703,tagihan,BCA,debit
KONSULTASI KLIKDOKTER,kesehatan,BCA,debit
DB GOFOOD FOOD,makanan,BNI,debit
BAYAR KLINIK APOTEK GUARDIAN DPS,kesehatan,BRI,debit
BYR VIA M-BANKING BIZNET HOME,tagihan,BRI,debit
db blibli payment,belanja,BNI,debit
DB STARBUCKS COFFEE SBY,makanan,Permata,debit
TRSF DB SUMBANGAN KARTINI SARI,transfer_sosial,Permata,transfer
BYR VIA M-BANKING TELKOMSEL SIMPATI,tagihan,BNI,debit
VIA M-BANKING TELKOMSEL SIMPATI,tagihan,BSI,debit
DB GOFOOD ORDER,makanan,Mandiri,debit
IPY BIMBEL PRIMAGAMA,pendidikan,CIMB,debit
BYR UKT SEMESTER GENAP 897641,pendidikan,Danamon,debit
NP PARKIR KOTA DPK,transport,BRI,debit
AUTODEBET BPJSTK,tagihan,BSI,debit
DEBIT EDC UKT SEMESTER GANJIL PBR,pendidikan,Mandiri,debit
PRC SOLARIA BGR,makanan,Mandiri,debit
QRIS PMT GOLD GYM BDG,hiburan,CIMB,debit
SA IB PRIMA Dr Trf 1322807480,tidak_diketahui,BCA,transfer
QRIS PMT TIMEZONE LPG,hiburan,BCA,debit
IPY TRAVELOKA,transport,Danamon,debit
NP AQIQAH BTM,lainnya,BRI,debit
TRANSFER BELANJA KELUARGA YUSUF RAHMAN 065,transfer_keluarga,BSI,transfer
QRIS PMT KANTIN KAMPUS MLG,makanan,BNI,debit
IPY BPJS KESEHATAN 82094876,tagihan,CIMB,debit
DB SHOPEEFOOD FOOD,makanan,CIMB,debit
SWITCHING DB BRI 2823649790,tidak_diketahui,BNI,transfer
DB EDC KOPI KEN,makanan,Danamon,debit
trsf e-banking db bimbel primagama,pendidikan,Permata,debit
DEBIT EDC SEDEKAH TNG,lainnya,Danamon,debit
TRSF NAFKAH BAYU NUGROHO BULANAN,transfer_keluarga,BSI,transfer
IPY SKILL ACADEMY,pendidikan,BNI,debit
QRIS PMT PARKIR KOTA BPN,transport,BNI,debit
PEMBAYARAN QRIS HOKBEN,makanan,BSI,debit
SA IB PRIMA Dr Trf 8385250259 KURNIA SARI,transfer_keluarga,BCA,transfer
IPY GRAB,transport,Mandiri,debit
NP SUNATAN DPS,lainnya,BRI,debit
QRIS PMT TIMEZONE JKT,hiburan,BCA,debit
BYR KURSUS MUSIK YAMAHA 478491759841,pendidikan,Danamon,debit
NAFKAH KARTINI SARI,transfer_keluarga,Danamon,transfer
QRIS PMT APOTEK KIMIA FARMA SBY,kesehatan,BRI,debit
PYMNT TIKTOK SHOP,belanja,BCA,debit
PEMBAYARAN RAWAT RUMAH SAK,kesehatan,BNI,debit
TRF 5148463928 BNI,tidak_diketahui,BCA,transfer
KONDANGAN PERNIKAHAN HENDRA GUNAWAN,transfer_sosial,CIMB,transfer
DB FLAZZ TOPUP,transport,BCA,debit
TRF 6730683776 BNI,tidak_diketahui,BNI,transfer
TOPUP SHOPEEPAY 52368663,topup_ewallet,ShopeePay,ewallet
DB EDC OPTIK SEIS,kesehatan,BRI,debit
NP HOKA HOKA BENTO BPN,makanan,BRI,debit
NP SEDEKAH LPG,lainnya,BRI,debit
QRIS PMT BIMBEL NEUTRON,pendidikan,BNI,debit
DB SPOTIFY PREMIUM,hiburan,CIMB,debit
TRSF E-BANKING DB SMARTFREN 218,tagihan,BNI,debit
TRF 4839582293 BRI,tidak_diketahui,BRI,transfer
TRF PATUNGAN VERA ANGGRAINI,transfer_sosial,BRI,transfer
DEBIT EDC GOLD GYM BDG,hiburan,BRI,debit
DB BUKALAPAK BELANJA,belanja,BNI,debit
TRSF E-BANKING DB GOFOOD,makanan,BCA,debit
np rs medistra plb,kesehatan,BRI,debit
PRC NEW ERA SBY,belanja,Permata,debit
TRANSFER KE GOPAY 576124,topup_ewallet,GoPay,ewallet
RETAIL INDOMARET MKS,belanja,BSI,debit
DEBIT EDC SUPERINDO MLG,belanja,CIMB,debit
DB GRAB RIDE,transport,BRI,debit
IPY PDAM KOTA 1041339261,tagihan,Mandiri,debit
PEMBAYARAN RAWAT LABORATORIUM PRAMITA,kesehatan,BCA,debit
PRC RANCH MARKET DPS,belanja,BNI,debit
MAKAN WARUNG KOPI JKT,makanan,BSI,debit
NP CELEBRITY FITNESS SMG,hiburan,BRI,debit
TRSF E-BANKING DB ZENIUS EDUCATION,pendidikan,CIMB,debit
NP AMAZONE BGR,hiburan,BRI,debit
KONSULTASI GOOD DOCTOR,kesehatan,Danamon,debit
DB TELKOMSEL SIMPATI,tagihan,Danamon,debit
PYMNT CODASHOP,hiburan,Danamon,debit
QRIS PMT BIMBEL GANESHA OPERATION,pendidikan,BNI,debit
pymnt maxim,transport,BRI,debit
PYMNT GRAB,transport,Mandiri,debit
DEBIT EDC J.CO DONUTS BKS,makanan,CIMB,debit
IPY ALODOKTER,kesehatan,Mandiri,debit
DB EDC STRADIVARIUS BDG,belanja,BNI,debit
TRF KE DANA 627428374628,topup_ewallet,DANA,ewallet
CICILAN KPR BRI 7047647919,tagihan,Danamon,debit
PYMNT CICILAN ADIRA FINANCE 689291,tagihan,CIMB,debit
DB E-TOLL CRB,transport,Mandiri,debit
DEBIT EDC SPP SMP MKS,pendidikan,BSI,debit
IPY SHOPEEFOOD,makanan,BRI,debit
QRIS PMT HAPPY PUPPY KTV BGR,hiburan,Permata,debit
PYMNT GOFOOD,makanan,BNI,debit
BAYAR KLINIK RS ADVENT BTM,kesehatan,BRI,debit
TRF ORANG TUA WAHYU HIDAYAT 5124317702,transfer_keluarga,BRI,transfer
TRSF NAFKAH INDRA KUSUMA BULANAN,transfer_keluarga,Permata,transfer
DEBIT EDC INUL VIZTA BTM,hiburan,BRI,debit
IPY TRAVELOKA,transport,BSI,debit
IPY LAZADA,belanja,BCA,debit
TRSF E-BANKING DB SKILL ACADEMY,pendidikan,Danamon,debit
TRSF E-BANKING DBBPJSTK,tagihan,BNI,debit
TRSF E-BANKING ,belanja,BNI,debit
BIAYA HIDUP KELUARGA IRA YUNITA,transfer_keluarga,Permata,transfer
NP RS PONDOK INDAH LPG,kesehatan,BRI,debit
KONDANGAN JULIANA PUTRI,transfer_sosial,BRI,transfer
KIRIMAN BULANAN SUAMI PUTRI MAHARANI,transfer_keluarga,BCA,transfer
DB SHOPEEFOOD FOOD,makanan,Permata,debit
TRSF DEBIT 38512352,tidak_diketahui,BNI,transfer
DB GOFOOD FOOD,makanan,BCA,debit
TRF 361844 BCA,tidak_diketahui,BSI,transfer
DB EDC A&W RESTAURANT MDN,makanan,BSI,debit
KIRIMAN AYAH ARIF HIDAYATULLAH,transfer_keluarga,Danamon,transfer
TOPUP SHOPEEPAY 79,topup_ewallet,ShopeePay,ewallet
iuran arisan bulanan utami dewi,transfer_sosial,Permata,transfer
APY KRL COMMUTERLINE,transport,BCA,debit
DEBIT EDC AMAZONE CRB,hiburan,Danamon,debit
KIRIMAN BULANAN SUAMI AHMAD FAUZI,transfer_keluarga,Mandiri,transfer
RESTO SUSHI TEI TNG,makanan,BRI,debit
DB KAI  ACCESS TIKET,transport,BNI,debit
PEMBAYARAN TOKOPEDIA ORDER,belanja,CIMB,debit
TRSF E-BANKING DB SPP  UNIVERSITAS,pendidikan,BRI,debit
DB SHOPEEFOOD FOOD,makanan,Mandiri,debit
DEBIT EDC MARUGAME UDON BKS,makanan,CIMB,debit
TRSF E-BANKING DB BLIBLI,belanja,BSI,debit
KIRIM KE ADIK OLIVIA SINAGA 9447515713,transfer_keluarga,CIMB,transfer
DB EDC APOTEK WATSONS,kesehatan,Mandiri,debit
APY PLN PASCABAYAR 637813970129,tagihan,BCA,debit
trsf e-banking db pet shop,lainnya,BRI,debit
DB TOP UP EWALLET ShopeePay,topup_ewallet,ShopeePay,ewallet
QRIS PMT GRAMEDIA BOOKSTORE,pendidikan,CIMB,debit
DB  BUKALAPAK BELANJA,belanja,Permata,debit
DB KFC  TNG,makanan,BNI,debit
BYR VIA M-BANKING TAGIHAN GAS PGN,tagihan,CIMB,debit
BIAYA HIDUP  KELUARGA LESTARI NINGRUM,transfer_keluarga,Mandiri,transfer
NP OPTIK SEIS LPG,kesehatan,BRI,debit
DEBIT EDC TIMEZONE BKS,hiburan,Mandiri,debit
TRSF E-BANKING DB BIAYA UJIAN NASIONAL,pendidikan,CIMB,debit
PRC PLANET SPORT TNG,belanja,Danamon,debit
KIRIMAN AYAH FAJAR SIDIQ,transfer_keluarga,BCA,transfer
QRIS PMT DONASI PMI SBY,lainnya,Mandiri,debit
sa ib prima dr trf 7632143295 putri maharani,transfer_keluarga,BCA,transfer
DB SHOPEEFOOD FOOD,makanan,BCA,debit
SUMBANGAN MASJID VINA OKTAVIA,transfer_sosial,CIMB,transfer
TRSF DEBIT 36427690,tidak_diketahui,BCA,transfer
trsf e-banking db kursus komputer,pendidikan,BCA,debit
IPY BIMBEL NEUTRON,pendidikan,Permata,debit
SA IB PRIMA Dr Trf GOPAY,topup_ewallet,GoPay,ewallet
DB GRABFOOD ORDER,makanan,Permata,debit
FOOD KOPITIAM LPG,makanan,BSI,debit
TRF IURAN MUSHOLA YUSUF RAHMAN,transfer_sosial,BNI,transfer
PEMBAYARAN QRIS BURGER KING,makanan,BRI,debit
TRF 578188 BCA,tidak_diketahui,CIMB,transfer
TRSF E-BANKING DB 8158199421,tidak_diketahui,Danamon,transfer
DEBIT EDC SPP SEKOLAH DASAR PBR,pendidikan,BCA,debit
PYMNT GOFOOD,makanan,Permata,debit
TRSF E-BANKING DB INDOSAT IM3,tagihan,BNI,debit
trf arisan eko prasetyo 796380,transfer_sosial,BCA,transfer
BELANJA HYPERMART PBR,belanja,BCA,debit
QRIS PMT RS SILOAM LPG,kesehatan,BCA,debit
NP NASI UDUK BETAWI BPN,makanan,BRI,debit
SUMBANGAN MASJID NANDA WIJAYA,transfer_sosial,BCA,transfer
PRC A&W RESTAURANT PLB,makanan,Permata,debit
SWITCHING DB Danamon 5530326837 VINA OKTAVIA,transfer_keluarga,DANA,ewallet
PYMNT KAI ACCESS,transport,Danamon,debit
KONDANGAN PERNIKAHAN NURI RAHAYU,transfer_sosial,Mandiri,transfer
KONDANGAN PERNIKAHAN OKI PRATAMA,transfer_sosial,Danamon,transfer
VIS YOSHINOYA SOL,makanan,Mandiri,debit
BIAYA BEROBAT APOTEK K24,kesehatan,BRI,debit
db traveloka eats food,makanan,Danamon,debit
IPY ZALORA,belanja,BSI,debit
APY TELKOMSEL SIMPATI 52010018,tagihan,BCA,debit
BYR 3 INDONESIA 52099984,tagihan,CIMB,debit
IPY GRABFOOD,makanan,BCA,debit
TRSF E-BANKING DB KURSUS KOMPUTER,pendidikan,BNI,debit
TRF  547749 BRI,tidak_diketahui,BNI,transfer
QRIS PMT BAKSO MALANG DPK,makanan,BRI,debit
DB SHOPEEFOOD ORDER,makanan,BNI,debit
PEMBAYARAN INDOSAT IM3,tagihan,Permata,debit
BAYAR TAGIHAN PGN GAS RUMAH,tagihan,Danamon,debit
DEBIT EDC BOBA THAI TEA CRB,makanan,Danamon,debit
autodebet xl prabayar,tagihan,Danamon,debit
NP RUMAH SAKIT UMUM SOL,kesehatan,BRI,debit
IPY GRABFOOD,makanan,BRI,debit
TRSF E-BANKING DB 9305348218 CITRA DEWI RUTIN,transfer_keluarga,Danamon,transfer
DB MAXIM RIDE,transport,Permata,debit
AUTODEBET CBN FIBER,tagihan,Mandiri,debit
KIRIM NAFKAH KARTINI SARI,transfer_keluarga,CIMB,transfer
IPY UANG PANGKAL SEKOL,pendidikan,BSI,debit
SWITCHING DB BNI 7062247778,tidak_diketahui,BCA,transfer
DB KAI ACCESS TIKET,transport,BCA,debit
DEBIT EDC PECEL LELE LAMONGANBGR,makanan,BSI,debit
NP TIMEZONE BKS,hiburan,BRI,debit
PYMNT TOKOPEDIA,belanja,BCA,debit
TRANSFER KAS RT LINA MARLINA,transfer_sosial,Mandiri,transfer
KIRIM NAFKAH VERA ANGGRAINI,transfer_keluarga,Danamon,transfer
TRANSFER IURAN ARISAN KARTINI SARI,transfer_sosial,Danamon,transfer
TRF ARISAN DINA FITRIANI 381377,transfer_sosial,Mandiri,transfer
TRSF E-BANKING DB ZENIUS EDUCATION,pendidikan,BSI,debit
TRSF E-BANKING DB FIRSTMEDIA,tagihan,CIMB,debit
TRF ARISAN HENDRA GUNAWAN 952927,transfer_sosial,BRI,transfer
DB MAXIM RIDE,transport,BNI,debit
KONDANGAN PERNIKAHAN KURNIA SARI,transfer_sosial,Permata,transfer
TRF IURAN RT ANISA RAHMA 1191090822,transfer_sosial,Permata,transfer
RETAIL CONVERSE STORE SOL,belanja,Mandiri,debit
BYR UANG PANGKAL SEKOLAH 52280234,pendidikan,BCA,debit
DEBIT EDC BIAYA KULIAH SWASTA ,pendidikan,BSI,debit
DB SHOPEEFOOD FOOD,makanan,Danamon,debit
PYMNT ZALORA,belanja,Permata,debit
NP BLUE BIRD TAXI CRB,transport,BRI,debit
biaya berobat optik melawai,kesehatan,Danamon,debit
DB EDC KLINIK GIGI,kesehatan,Permata,debit
SA IB PRIMA Dr Trf GOPAY,topup_ewallet,GoPay,ewallet
VIS STARBUCKS COFFEE MDN,makanan,Mandiri,debit
TRSF E-BANKING DB LES PRIVAT,pendidikan,BNI,debit
SWITCHING DB Permata 9631163187 NANDA WIJAYA,transfer_sosial,Danamon,transfer
GOFOOD FOOD,makanan,BNI,debit
TRANSFER ANAK KOS NANDA WIJAYA,transfer_keluarga,Mandiri,transfer
QRIS PMT BIMBEL PRIMAGAMA,pendidikan,BSI,debit
IPY RUANGGURU,pendidikan,BNI,debit
SUMBANGAN MASJID DEWILESTARI,transfer_sosial,BSI,transfer
TRF IURAN MUSHOLA YANTI PERMATA,transfer_sosial,BCA,transfer
TOP UP LINKAJA 418953,topup_ewallet,LinkAja,ewallet
BYR VIA M-BANKING AXIS,tagihan,Permata,debit
IPY PLN PRABAYAR 8733001622,tagihan,CIMB,debit
QRIS PMT PARKIR CRB,transport,Permata,debit
PEMBAYARAN TAGIHAN KARTU KREDIT MANDIRI 3450618427,tagihan,Permata,debit
SA IB PRIMA Dr  Trf 3370732123 BAYU NUGROHO,transfer_keluarga,BCA,transfer
BIAYA HIDUP KELUARGA HENDRA GUNAWAN,transfer_keluarga,BNI,transfer
TRSF E-BANKING DB STEAM PURCHASE,hiburan,BNI,debit
TRSF E-BANKING DB SHOPEEFOOD,makanan,BRI,debit
FOOD KAFE KITA YK,makanan,BCA,debit
DB EDC PLANET SPORT PLB,belanja,BRI,debit
TRSF E-BANKING DBKURSUS BAHASA EF ENGLISH,pendidikan,Permata,debit
PMT RS SILOAM TNG,kesehatan,BSI,debit
TRSF E-BANKING DB BIMBEL PRIMAGAMA,pendidikan,BSI,debit
DB TRAVELOKA EATS ORDER,makanan,Mandiri,debit
TRF PATUNGAN GILANG RAMADHAN,transfer_sosial,BSI,transfer
TRSF E-BANKING DB 9242369539 PANDU ADITYA RUTIN,transfer_keluarga,CIMB,transfer
KIRIMAN BULANAN SUAMI FITRI HANDAYANI,transfer_keluarga,BNI,transfer
DEBIT EDC TRANS STUDIO BANDUNG BDG,hiburan,CIMB,debit
kirim kondangan gilang ramadhan,transfer_sosial,Mandiri,transfer
TRSF E-BANKING DB CBN FIBER,tagihan,BSI,debit
PYMNT SPOTIFY PREMIUM,hiburan,Danamon,debit
IPY TRAVELOKA EATS,makanan,CIMB,debit
TRSF E-BANKING DB GOPAY 0208719907,topup_ewallet,GoPay,ewallet
NP GOLDGYM DPS,hiburan,BRI,debit
PEMBAYARAN RAWAT OPTIK MELAWAI,kesehatan,Permata,debit
IPY TOGA MAS,pendidikan,CIMB,debit
DEBIT EDC NOTARIS PPAT PLB,lainnya,BSI,debit
PMT KURSUS LIA LANGUAGE,pendidikan,Danamon,debit
RETAIL HYPERMART BKS,belanja,Permata,debit
PEMBAYARAN PDAM TIRTA BHAGASASI 522683,tagihan,BSI,debit
TRSF E-BANKING DB HALODOC,kesehatan,BNI,debit
DB EDC AMAZONE,hiburan,Mandiri,debit
TRANSFER KE VINA OKTAVIA NAFKAH BULANAN,transfer_keluarga,BCA,transfer
BAYAR KLINIK RS PONDOK INDAH TNG,kesehatan,BNI,debit
IPY TRAVELOKA EATS,makanan,BCA,debit
TRSF DB KIRIMAN KELUARGA RATNA SARI,transfer_keluarga,BRI,transfer
BAYAR TAGIHAN CICILAN KPR BTN,tagihan,CIMB,debit
SWITCHING DB CIMB 8101015748,tidak_diketahui,CIMB,transfer
MAKAN  WARUNG PADANG SEDERHANA BTM,makanan,BSI,debit
FOOD PIZZA HUT JKT,makanan,Permata,debit
DB EDC TIMEZONE,hiburan,Permata,debit
APY MRT JAKARTA,transport,BCA,debit
DB TIKET.COM RIDE,transport,BNI,debit
IPY TRAVELOKA EATS,makanan,BNI,debit
DEBIT EDC DUFAN YK,hiburan,Permata,debit
PEMBAYARAN TELKOMSEL SIMPATI 595896660306,tagihan,BNI,debit
VIS MINISO,belanja,Mandiri,debit
BYR PLN TOKEN LISTRIK 171759330425,tagihan,CIMB,debit
NP BIOSKOP CGV BDG,hiburan,BRI,debit
APY BENGKEL SUZUKI,transport,BCA,debit
PYMNT BUKALAPAK,belanja,BRI,debit
TRSF E-BANKING DB GOPAY 0339302838,topup_ewallet,GoPay,ewallet
TRSF E-BANKING DB SPP UNIVERSITAS,pendidikan,BRI,debit
TRF 891740 Permata,tidak_diketahui,Danamon,transfer
SA OB CA TABUNGAN KE DEPOSITO,transfer_internal,Mandiri,transfer
DEBIT EDC TRANS STUDIO BANDUNG SOL,hiburan,Danamon,debit
TRSF E-BANKING DB SHOPEEFOOD,makanan,BCA,debit
DB ZALORA BELANJA,belanja,Permata,debit
BYR TOGA MAS 1630023900,pendidikan,BRI,debit
NP RS MITRA KELUARGA JKT,kesehatan,BRI,debit
APY PDAM TIRTA JAYA 405600943846,tagihan,BCA,debit
DB MAXIM TIKET,transport,Permata,debit
OVERBOOKING BRI INTERNAL,transfer_internal,Danamon,transfer
TRF ORANG TUA ENDAH PURWANTI 3969608464,transfer_keluarga,BSI,transfer
TRSF E-BANKING DB GOFOOD,makanan,Danamon,debit
TRSF E-BANKING DB GOFOOD,makanan,BNI,debit
TRF 2658003165 BRI,tidak_diketahui,CIMB,transfer
IPY LINKEDIN LEARNING,pendidikan,Mandiri,debit
switching db permata 4671758712 tika rahmadhani,transfer_sosial,Danamon,transfer
DB GRABFOOD ORDER,makanan,BNI,debit
DEBIT EDC MAXX COFFEE DPK,makanan,BNI,debit
TOP UP OVO VIA Mandiri,topup_ewallet,OVO,ewallet
DB EDC BENGKEL SUZUKI,transport,Danamon,debit
QRIS PMT LAWSON BGR,belanja,BRI,debit
TRSF NAFKAH CITRA DEWI BULANAN,transfer_keluarga,Mandiri,transfer
BYR BIMBEL ONLINE 10643274,pendidikan,BSI,debit
NP PARKIR LPG,lainnya,BRI,debit
TRF RUTIN BULANAN WATI SUSANTI 4525937079,transfer_keluarga,CIMB,transfer
DB TRAVELOKA EATS FOOD,makanan,BNI,debit
TRSF E-BANKING DB SHOPEE 331,belanja,BCA,debit
TRANSFER BELANJA KELUARGA BAYU NUGROHO,transfer_keluarga,BSI,transfer
TRSF E-BANKING DB TOKOPEDIA,belanja,BNI,debit
KIRIM UANG ISTRI CITRA DEWI,transfer_keluarga,BSI,transfer
DB GRABFOOD FOOD,makanan,Permata,debit
DEBIT EDC YAMAHA SERVICE BTM,transport,BNI,debit
PRC A&W RESTAURANT YK,makanan,BRI,debit
NP APOTEK KIMIA FARMA SBY,kesehatan,BRI,debit
IPY SHOPEEFOOD,makanan,Danamon,debit
BAYAR KLINIK RUMAH SAKIT UMUM JKT,kesehatan,Mandiri,debit
PEMBAYARAN RAWAT APOTEK KIMIA FARMA,kesehatan,CIMB,debit
IPY GOFOOD,makanan,BCA,debit
TRSF DB SUMBANGAN NANDA WIJAYA,transfer_sosial,BNI,transfer
PRC HOKBEN BDG,makanan,Mandiri,debit
prc sport station sby,belanja,CIMB,debit
PYMNT ALODOKTER,kesehatan,BCA,debit
DONASI SARI INDAH 168501,transfer_sosial,BRI,transfer
KONDANGAN PERNIKAHAN ENDAH PURWANTI,transfer_sosial,CIMB,transfer
KIRIM NAFKAH CITRA DEWI,transfer_keluarga,BRI,transfer
BYR TAGIHAN INTERNET INDIHOME 17851872,tagihan,CIMB,debit
VIS SAMSUNG STORE,belanja,Mandiri,debit
RETAIL MATAHARI DEPT STORE PBR,belanja,Mandiri,debit
APY TELKOMSEL HALO 83798826,tagihan,BCA,debit
TRSF E-BANKING DB AXIS,tagihan,BRI,debit
DB GRABFOODFOOD,makanan,Danamon,debit
PEMBAYARAN GOFOOD,makanan,BRI,debit
PATUNGAN KADO YUSUF RAHMAN 533,transfer_sosial,Danamon,transfer
BYR VIA M-BANKING TAGIHAN GAS PGN,tagihan,Permata,debit
TRANSFER 7074406,tidak_diketahui,Permata,transfer
QRIS PMT BIAYA WISUDA,pendidikan,BCA,debit
DB EDC GOLD GYM,hiburan,BRI,debit
NP BENGKEL SUZUKI PBR,transport,BRI,debit
TRF 8535692535 BCA,tidak_diketahui,BCA,transfer
RETAIL URBAN REPUBLIC JKT,belanja,Danamon,debit
BYR VIA M-BANKING XL AXIATA,tagihan,BNI,debit
TRSF DEBIT 26286159,tidak_diketahui,BCA,transfer
DB EDC PEPPER LUNCH PLB,makanan,Permata,debit
debit edc bimbel ganesha operation bgr,pendidikan,BCA,debit
IPY TIKTOK COINS,hiburan,Danamon,debit
SA IB PRIMA Dr Trf 1109096260,tidak_diketahui,BCA,transfer
QRIS PMT APOTEK CENTURY PBR,kesehatan,BRI,debit
TRSF E-BANKING DB TELKOMSEL KARTU AS,tagihan,Permata,debit
TRF 3345498718 BRI,tidak_diketahui,BSI,transfer
KIRIMAN IBU DEWI LESTARI 4349994126,transfer_keluarga,BNI,transfer
NP OPTIK MELAWAI BDG,kesehatan,BRI,debit
TRSF E-BANKING DB ZAKAT INFAQ,lainnya,Mandiri,debit
BAYAR KLINIK RS MEDISTRA TNG,kesehatan,Mandiri,debit
SA OB TABUNGAN BISNIS,transfer_internal,Mandiri,transfer
DB TAGIHAN LISTRIK PLN,tagihan,BRI,debit
DB GRABFOOD ORDER,makanan,Permata,debit
debit edc aqiqah bgr,lainnya,BCA,debit
NP INDOMARET LPG,belanja,BRI,debit
TRF ARISAN CAHYA PRATAMA 996587,transfer_sosial,BRI,transfer
VIS SPORT STATION,belanja,Mandiri,debit
PRC BAKSO BOEDJANGAN DPS,makanan,BNI,debit
TRF ORANG TUA JULIANA PUTRI 1670635757,transfer_keluarga,CIMB,transfer
QRIS PMT LABORATORIUM PRAMITA SOL,kesehatan,Permata,debit
TRSF E-BANKING DB PDAMTIRTA BHAGASASI,tagihan,Permata,debit
TRF KE MULYADI PATUNGAN WISATA,transfer_sosial,Mandiri,transfer
DB EDC LABORATORIUM PRAMITA,kesehatan,Mandiri,debit
TRF ORANG TUA NANDA WIJAYA 7805470730,transfer_keluarga,Danamon,transfer
DB TAGIHAN BPJS KESEHATAN,tagihan,Danamon,debit
SWITCHING DB MOBILE LEGENDS,hiburan,CIMB,debit
DEBIT EDC YOSHINOYA CRB,makanan,BSI,debit
QRIS PMT TIMEZONE DPS,hiburan,Permata,debit
PEMBAYARAN RAWAT LABORATORIUM PRAMITA,kesehatan,Mandiri,debit
APY BIZNET HOME 1362428909,tagihan,BCA,debit
PYMNT GOJEK,transport,BRI,debit
DEBIT EDC BIMBEL GANESHA OPERATION BKS,pendidikan,Mandiri,debit
SWITCHING DB TOPUP OVO,topup_ewallet,OVO,ewallet
DB DOKTERKU,kesehatan,BNI,debit
VIS SAMSUNG STORE,belanja,Mandiri,debit
SWITCHING DB Mandiri 2997397297,tidak_diketahui,Permata,transfer
BELANJA URBAN REPUBLIC JKT,belanja,BCA,debit
TRSF E-BANKING DB GOPAY 083148031177,topup_ewallet,GoPay,ewallet
PEMBAYARAN GRABFOOD,makanan,CIMB,debit
CICILAN FIF MOTOR 0317461004,tagihan,Permata,debit
DB EDC GOLD GYM,hiburan,Danamon,debit
KIRIMAN IBU JOKO WIDODO 5239303327,transfer_keluarga,BCA,transfer
DONASI SOSIAL UTAMI DEWI,transfer_sosial,CIMB,transfer
SWITCHING DB BSI 7767442392 CITRA DEWI,transfer_sosial,BSI,transfer
QRIS PMT  MIE RAMEN BGR,makanan,Danamon,debit
QRIS PMT APOTEK CENTURY JKT 473,kesehatan,CIMB,debit
PEMBAYARAN RAWAT RUMAH SAKIT UMUM,kesehatan,BCA,debit
PERNIKAHAN ENDAH PURWANTI,transfer_sosial,BRI,transfer
KIRIM UANG ISTRI MEGA PUSPITA,transfer_keluarga,BRI,transfer
DB FLAZZ TOPUP,transport,BRI,debit
TRSF E-BANKING DB TAGIHAN LISTRIK PLN,tagihan,BRI,debit
PYMNT PLN TOKEN LISTRIK 487582921447,tagihan,Danamon,debit
TRF BULANAN KE LINA MARLINA,transfer_keluarga,BSI,transfer
PYMNT TRAVELOKA EATS,makanan,Danamon,debit
KIRIM KONDANGAN JOKO WIDODO,transfer_sosial,Danamon,transfer
DEBIT EDC APOTEK VIVA GENERIK BKS,kesehatan,BNI,debit
SWITCHING DB Danamon 2306353338 WATI SUSANTI,transfer_keluarga,DANA,ewallet
BIAYA BEROBAT LABORATORIUM PRODIA,kesehatan,BRI,debit
byr spp universitas 067612154021,pendidikan,BSI,debit
DB GOOD DOCTOR,kesehatan,Permata,debit
DB APPLE STORE,hiburan,BNI,debit
DB EDC ADIDAS STORE BKS,belanja,BRI,debit
NP APOTEK GUARDIAN BTM,kesehatan,BRI,debit
PMT ASURANSI JIWA PLB,lainnya,Permata,debit
DB GRAB RIDE,transport,BCA,debit
PRC SOCIOLLA CRB,belanja,BNI,debit
PYMNT TOKOPEDIA,belanja,CIMB,debit
BIAYA HIDUP KELUARGA VERA ANGGRAINI,transfer_keluarga,Mandiri,transfer
QRIS PMT BIMBEL GANESHA OPERATION,pendidikan,Danamon,debit
DB SHOPEEFOOD FOOD,makanan,BRI,debit
SWITCHING DB TOL PLB,transport,CIMB,debit
TRSF E-BANKING DB SEDEKAH,lainnya,BRI,debit
IPY KLIKDOKTER,kesehatan,CIMB,debit
TRANSFER ANTAR REK BCA,transfer_internal,BCA,transfer
NP DUFANBKS,hiburan,BRI,debit
DB EDC JANJI JIWA PLB,makanan,CIMB,debit
BAYAR KLINIK KLINIK GIGI BDG,kesehatan,BSI,debit
BYR VIA M-BANKING XL AXIATA,tagihan,CIMB,debit
NP TIMEZONE MLG,hiburan,BRI,debit
SWITCHING DB TOL MLG,transport,BRI,debit
DEBIT EDC BIMBEL NEUTRON MDN,pendidikan,Permata,debit
DB EDC APOTEK KIMIA FARMA,kesehatan,Danamon,debit
DEBIT EDC SOCIOLLA LPG,belanja,Danamon,debit
DB ORAMI BELANJA,belanja,Danamon,debit
KIRIM KE ADIK LESTARI NINGRUM 0132604810,transfer_keluarga,BRI,transfer
TRSF E-BANKING DB 7712859630 OLIVIA SINAGA RUT,transfer_keluarga,Permata,transfer
DB EDC KRL COMMUTERLINE,transport,BRI,debit
DEBIT EDC WATERBOM PLB,hiburan,Mandiri,debit
TRSF E-BANKING DB 2311809493TONO HARTONO,transfer_sosial,CIMB,transfer
KIRIMAN AYAH FITRI HANDAYANI,transfer_keluarga,Danamon,transfer
SWITCHING DB TOPUPOVO,topup_ewallet,OVO,ewallet
KIRIMAN BULANAN SUAMI ANISA RAHMA,transfer_keluarga,BNI,transfer
TOP UP OVO VIA Permata 660,topup_ewallet,OVO,ewallet
TAGIHAN TRI HUTCHISON,tagihan,BRI,debit
BYR UKT SEMESTER GENAP 7066580818,pendidikan,BCA,debit
DB LAZADA BELANJA,belanja,BCA,debit
TRANSFER IURANARISAN PANDU ADITYA,transfer_sosial,Permata,transfer
PYMNT IURAN BPJS 009762,tagihan,BSI,debit
PATUNGAN ULANG TAHUN EKO PRASETYO,transfer_sosial,Danamon,transfer
TRSF E-BANKING DB REK SENDIRI 3554850035,transfer_internal,Permata,transfer
DB PLN PASCABAYAR,tagihan,CIMB,debit
TRSF E-BANKING DB SUNATAN,lainnya,BNI,debit
SA IB PRIMA Dr Trf GOPAY,topup_ewallet,GoPay,ewallet
TRSF NAFKAH GUNAWAN WIBOWO BULANAN,transfer_keluarga,Danamon,transfer
TRANSFER IURAN ARISAN GILANG RAMADHAN,transfer_sosial,BSI,transfer
TRSF E-BANKING DB 7261320524 FITRI HANDAYANI,transfer_sosial,Permata,transfer
BYR  KURSUS BAHASA EF ENGLISH 5547218525,pendidikan,BSI,debit
SA IB PRIMA Dr Trf GOPAY,topup_ewallet,GoPay,ewallet
PYMNT TIKTOK SHOP,belanja,BNI,debit
IPY STEAM PURCHASE,hiburan,CIMB,debit
BYR BIAYA KULIAH SWASTA 661999520994,pendidikan,BRI,debit
QRIS PMT PARKIR BPN,lainnya,CIMB,debit
QRIS PMT AMAZONE JKT,hiburan,CIMB,debit
DB CODASHOP,hiburan,Permata,debit
SWITCHING DB BCA 2069433409 VERA ANGGRAINI,transfer_keluarga,Mandiri,transfer
DB ZENIUS EDUCATION,pendidikan,BCA,debit
QRIS PMT BEBEK GORENG HARISSA BPN,makanan,BSI,debit
KIRIMAN IBU PANDU ADITYA 0684777394,transfer_keluarga,Mandiri,transfer
QRIS PMT PARKIR KOTA BPN,transport,BSI,debit
SA IB PRIMA Dr Trf 9993361312 ZAHRANURLAILA,transfer_keluarga,BCA,transfer
db edc lottemart sol,belanja,BNI,debit
TRSF E-BANKING DB REK SENDIRI 6585531346,transfer_internal,Mandiri,transfer
DB TOKOPEDIA PAYMENT,belanja,Mandiri,debit
NP BIOSKOP XXI BDG 760,hiburan,BRI,debit
DB SHOPEEFOOD FOOD,makanan,BCA,debit
TRSF E-BANKING DB BUKALAPAK,belanja,Permata,debit
DEBIT EDC MRT JAKARTA SBY,transport,Mandiri,debit
PEMBAYARAN RAWAT RS MITRA KELUARGA,kesehatan,BCA,debit
QRIS PMT AMAZONE LPG,hiburan,Mandiri,debit
TRF KE RINA WATI PATUNGAN WISATA,transfer_sosial,BRI,transfer
NP NOTARIS PPAT SMG,lainnya,BRI,debit
TRSF E-BANKING DB GOFOOD,makanan,Danamon,debit
SWITCHING DB FIRSTMEDIA,tagihan,Danamon,debit
BYR VIA M-BANKING IURAN IPL APARTEMEN,tagihan,Danamon,debit
TRSF E-BANKING DB SPP UNIVERSITAS,pendidikan,CIMB,debit
BIAYA BEROBAT APOTEK VIVA GE,kesehatan,BRI,debit
PYMNT ALODOKTER,kesehatan,Mandiri,debit
TOP UP OVO VIA Permata,topup_ewallet,OVO,ewallet
QRIS PMT SALONBTM,lainnya,Permata,debit
BAYAR KLINIK LABORATORIUM PRODIA SOL,kesehatan,Danamon,debit
NP NIKE STOREBTM,belanja,BRI,debit
TRSF E-BANKING DB GOPAY 697233,topup_ewallet,GoPay,ewallet
DEBIT EDC MRT JAKARTA TNG,transport,Mandiri,debit
DEBIT EDC FISIOTERAPI KLINIK SMG,kesehatan,BSI,debit
EDC GRAMEDIA BOOKSTORE DPS,pendidikan,CIMB,debit
TRSF E-BANKING DB ZAKAT INFAQ,lainnya,Permata,debit
TRSF E-BANKING DB TOGA MAS,pendidikan,CIMB,debit
RESTO WARTEG BAHARI SOL,makanan,Danamon,debit
DB GRABFOOD FOOD,makanan,Mandiri,debit
FOOD KAFE KITA DPS,makanan,Mandiri,debit
BYR ZAKAT INFAQ 666234 011,lainnya,BNI,debit
top up ovo via danamon,topup_ewallet,OVO,ewallet
INFAQ JUMAT 019737,transfer_sosial,Danamon,transfer
DEBIT EDC MIE RAMEN JKT,makanan,Danamon,debit
PYMNT LINKEDIN LEARNING,pendidikan,Permata,debit
TRSF NAFKAH FAJAR SIDIQ BULANAN,transfer_keluarga,BCA,transfer
NP PUSKESMAS TNG,kesehatan,BRI,debit
PEMBAYARAN RAWAT RS ADVENT,kesehatan,Danamon,debit
PYMNT GRABFOOD,makanan,BRI,debit
DB EDC URBAN REPUBLIC MKS,belanja,Mandiri,debit
TRSF E-BANKING DB GRABFOOD,makanan,BCA,debit
APY TAGIHAN LISTRIK PLN 511133686601,tagihan,BCA,debit
DB EDC ALFAMART SMG,belanja,BSI,debit
EDC INDOMARET BTM,belanja,Permata,debit
TRSF E-BANKING DB KURSUS LIA LANGUAGE,pendidikan,Danamon,debit
DB GULU GULU MKS,makanan,BSI,debit
DB TRAVELOKA EATS ORDER,makanan,CIMB,debit
TRSF E-BANKING DB 5746771349 KIRIMAN DINA FITRIANI,transfer_keluarga,Danamon,transfer
DB EDC  PUSKESMAS,kesehatan,BRI,debit
DEBIT EDC HAPPYPUPPY KTV MKS,hiburan,CIMB,debit
BYR VIA M-BANKING MYREPUBLIC,tagihan,BSI,debit
DB BPJS KETENAGAKERJAAN,tagihan,Permata,debit
TOP UP DANA VIA BRI,topup_ewallet,DANA,ewallet
E-BANKING DB GOOGLE PLAY GAMES,hiburan,Mandiri,debit
SWITCHING DB INDOSAT OOREDOO,tagihan,BSI,debit
SA OB CA TABUNGAN KE DEPOSITO,transfer_internal,Mandiri,transfer
IPY BIAYA KULIAH SWASTA 136,pendidikan,BCA,debit
IPY  ZENIUS EDUCATION,pendidikan,BRI,debit
PRC RANCH MARKET PLB,belanja,BSI,debit
PYMNT NETFLIX.COM,hiburan,Permata,debit
BIAYA BEROBAT KLINIK KIMIA FARMA,kesehatan,Permata,debit
PYMNT BUKALAPAK,belanja,BNI,debit
PYMNT SHOPEEFOOD 647,makanan,Danamon,debit
FOOD KANTIN KAMPUS BGR,makanan,Permata,debit
DONASI SOSIAL SURYA DARMA,transfer_sosial,BRI,transfer
NP DONASI PMI MDN,lainnya,BRI,debit
BYR INDOSAT OOREDOO 298888960142,tagihan,CIMB,debit
BYR VIA M-BANKING 3 INDONESIA,tagihan,BRI,debit
pembayaran traveloka eats,makanan,BSI,debit
TRSF DB SUMBANGAN KARTINI SARI,transfer_sosial,BRI,transfer
KONDANGAN PERNIKAHAN QORI AMALIA,transfer_sosial,BCA,transfer
DEBIT EDC NAV KARAOKE MDN,hiburan,CIMB,debit
APY PDAM TIRTA JAYA 5347620849,tagihan,BCA,debit
IPY TOKOPEDIA,belanja,Permata,debit
TRANSFER ANAK KOS IRA YUNITA,transfer_keluarga,BNI,transfer
SWITCHING DB CIMB 0004789759 QORI AMAL,transfer_sosial,Mandiri,transfer
VIS CONVERSE STORE,belanja,Mandiri,debit
TRF ARISAN SURYA DARMA 104917,transfer_sosial,CIMB,transfer
AUTODEBET BPJS KETENAGAKERJAAN,tagihan,Permata,debit
DB EDC HAPPY PUPPY KTV,hiburan,BNI,debit
DB EDC KLINIK PRATAMA,kesehatan,Danamon,debit
APY TAGIHAN KARTU KREDIT MANDIRI 24980235,tagihan,BCA,debit
PEMBAYARAN SHOPEEFOOD,makanan,BNI,debit
PEMBAYARAN RAWAT KLINIK KIMIA FARMA,kesehatan,Danamon,debit
BAYAR KLINIK KLINIK GIGI PBR,kesehatan,BRI,debit
BIAYA BEROBAT OPTIK SEIS,kesehatan,Permata,debit
RETAIL COTTON INK LPG,belanja,BRI,debit
TRF ARISAN ARIF HIDAYATULLAH129613,transfer_sosial,Danamon,transfer
QRIS PMT BIMBEL ONLINE,pendidikan,Mandiri,debit
NP UNIQLO  PLB,belanja,BRI,debit
DB E-TOLL BKS,transport,BNI,debit
BELANJA RANCH MARKET MLG,belanja,BCA,debit
IPY BIAYA UJIAN NASIONAL,pendidikan,BNI,debit
TRSF E-BANKING DB GRAMEDIA BOOKSTORE,pendidikan,BRI,debit
IPY NETFLIX.COM 688,hiburan,BSI,debit
BPJSTK 447032261028,tagihan,CIMB,debit
QRIS PMT ANYTIME FITNESS BPN,hiburan,Danamon,debit
IPY TRAVELOKA,transport,Permata,debit
NP CELEBRITY FITNESS PLB,hiburan,BRI,debit
E-BANKING DB SHOPEE,belanja,BRI,debit
RETAIL ALFAMART BTM,belanja,CIMB,debit
TRSF E-BANKING DB 6316527057 SARI INDAH RUTIN 691,transfer_keluarga,CIMB,transfer
NP DUFAN TNG,hiburan,BRI,debit
DB SHOPEEFOOD OR,makanan,BNI,debit
PEMBAYARAN QRIS MAXX COFFEE,makanan,BCA,debit
KIRIMAN BULANAN SUAMI GILANG RAMADHAN,transfer_keluarga,BSI,transfer
DEBIT EDC BENGKEL SUZUKI TNG,transport,Permata,debit
BAYAR TAGIHANTELKOMSEL KARTU AS,tagihan,CIMB,debit
TRSF  E-BANKING DB COURSERA,pendidikan,BNI,debit
DB SMARTFREN,tagihan,CIMB,debit
BAYAR TAGIHAN B,tagihan,BNI,debit
transfer kas rt kartini sari,transfer_sosial,Mandiri,transfer
KIRIM UANG ISTRI TONO HARTONO,transfer_keluarga,BSI,transfer
NP BLUE BIRD TAX,transport,BRI,debit
QRIS PMT LAUNDRY BGR,lainnya,BRI,debit
NP RS MITRA KELUARGA BKS,kesehatan,BRI,debit
TRSF E-BANKING DB CICILAN ADIRA FINANCE,tagihan,BCA,debit
switching db mobile legends,hiburan,Permata,debit
SWITCHING DB TOL TNG,transport,BCA,debit
TRSF E-BANKING DB LAUNDRY,lainnya,BRI,debit
DB FLAZZ TOPUP,transport,Permata,debit
BYR TAGIHAN IURAN BULANAN RT,tagihan,Permata,debit
BAYAR TAGIHAN FIRSTMEDIA,tagihan,BRI,debit
TOP UP LINKAJA  49857301,topup_ewallet,LinkAja,ewallet
KIRIMAN IBU KURNIA SARI 0019365154,transfer_keluarga,Danamon,transfer
QRIS PMT PARKIR PBR,transport,BRI,debit
BYR BIMBEL ONLINE 847646798335,pendidikan,BRI,debit
QRIS PMT NAV KARAOKE PBR,hiburan,CIMB,debit
DB EDC HAPPY PUPPY KTV,hiburan,BSI,debit
SWITCHING DB Mandiri 6627154224 MEGA PUSPITA,transfer_keluarga,Mandiri,transfer
DEBIT EDC INUL ,hiburan,BSI,debit
SWITCHING DB GARENA TOP UP,hiburan,CIMB,debit
DEBIT EDC GRAMEDIA BOOKSTORE DPS,pendidikan,BSI,debit
DB GRABFOOD FOOD,makanan,Danamon,debit
IPY TIKTOKCOINS,hiburan,Mandiri,debit
DUOLINGO PLUS,pendidikan,Mandiri,debit
PYMNT TAGIHAN KARTU KREDIT MANDIRI 25192245,tagihan,Danamon,debit
OVERBOOKING BNI INTERNAL,transfer_internal,BRI,transfer
QRIS PMT FISIOTERAPI KLINIK DPS,kesehatan,Permata,debit
BAYAR KLINIK FISIOTERAPI KLINIK LPG,kesehatan,CIMB,debit
IPY SHOPEE,belanja,Mandiri,debit
NP LABORATORIUM PRODIA DPS,kesehatan,BRI,debit
BIAYA BEROBAT RS PONDOK INDAH,kesehatan,BNI,debit
DONASI SOSIAL MEGA PUSPITA,transfer_sosial,Permata,transfer
IPY BIMBEL NEUTRON 149,pendidikan,Danamon,debit
PATUNGAN KADO AHMAD FAUZI,transfer_sosial,Mandiri,transfer
PATUNGAN KADO VINA OKTAVIA,transfer_sosial,BRI,transfer
NP APOTEK 24 JAM DPS,kesehatan,BRI,debit
PEMBAYARAN ORAMI ORDER,belanja,BCA,debit
SWITCHING DB 3 INDONESIA,tagihan,CIMB,debit
TRANSFER  9987023105,tidak_diketahui,BRI,transfer
BELANJA CONVERSE STORE BDG,belanja,Mandiri,debit
SWITCHING DB TOL DPS,transport,Permata,debit
OVERBOOKING  CIMB INTERNAL,transfer_internal,BRI,transfer
NP PARKIR KOTA DPS,transport,BRI,debit
DB CICILAN ADIRA FINANCE,tagihan,BRI,debit
TRSF E-BANKING DB BIMBEL ONLINE,pendidikan,BCA,debit
BYR NOTARIS PPAT 0842018371,lainnya,BRI,debit
IPY STEAM PURCHASE,hiburan,BCA,debit
AUTODEBET CICILAN,tagihan,Permata,debit
VIS FORE COFFEE,makanan,Mandiri,debit
KIRIM KONDANGAN IRA YUNITA,transfer_sosial,CIMB,transfer
KIRIMAN BULANAN SUAMI OKI PRATAMA,transfer_keluarga,BNI,transfer
BYR VIA M-BANKING TRI HUTCHISON,tagihan,Danamon,debit
DONASI SOSIAL PUTRI MAHARANI 844,transfer_sosial,Permata,transfer
IPY GOJEK,transport,BRI,debit
DEBIT EDC KLINIK GIGI TNG,kesehatan,CIMB,debit
DB KAI ACCESS RIDE,transport,Permata,debit
byr tagihan cicilan fif motor,tagihan,Mandiri,debit
IPY TIKTOK SHOP,belanja,BSI,debit
AUTODEBET CBN FIBER,tagihan,Danamon,debit
PYMNT INDIHOME TELKOM 332,tagihan,Mandiri,debit
APY EXPRESS TAXI,transport,BCA,debit
PYMNT GOJEK,transport,CIMB,debit
DB EDC FISIOTERAPI KLINIK,kesehatan,BCA,debit
DB LAZADA BELANJA,belanja,Permata,debit
TRSF E-BANKING DB PET SH,lainnya,Danamon,debit
DEBIT EDC BIMBEL NEUTRON PBR,pendidikan,CIMB,debit
DB GOJEK RIDE,transport,Permata,debit
DB KAI ACCESS RIDE,transport,Danamon,debit
IPY GRABHEALTH,kesehatan,BSI,debit
QRIS PMT TRANS STUDIO BANDUNG LPG,hiburan,BSI,debit
DEBIT EDC APOTEK VIVA GENERIK PLB,kesehatan,Mandiri,debit
DEBIT EDC BUBUR AYAM BDG,makanan,BNI,debit
TRSF E-BANKING DB ZAKAT INFAQ,lainnya,BSI,debit
DB CUCI MOBIL,lainnya,Danamon,debit
KIRIMAN AYAH VERA ANGGRAINI,transfer_keluarga,BSI,transfer
NP DUFAN BDG,hiburan,BRI,debit
QRIS PMT KURSUS KOMPUTER,pendidikan,Mandiri,debit
db e-toll crb,transport,Mandiri,debit
TRANSFER 7792304896,tidak_diketahui,Danamon,transfer
SWITCHING DB Mandiri 8172305849 TIKA RAHMADHANI 912,transfer_keluarga,Permata,transfer
TRSF DEBIT 39866027,tidak_diketahui,Permata,transfer
TRSF DEBIT 75343471,tidak_diketahui,BCA,transfer
IPY TRAVELOKA EATS,makanan,CIMB,debit
PYMNT DUOLINGO PLUS,pendidikan,Danamon,debit
DEBIT EDC LES PRIVAT DPS,pendidikan,BRI,debit
PEMBAYARAN GRABFOOD,makanan,Danamon,debit
QRIS PMT RS MEDISTRA SMG,kesehatan,BRI,debit
QRIS PMT BIAYA UJIAN NASIONAL,pendidikan,BNI,debit
QRIS PMT INUL VIZTA SBY,hiburan,Permata,debit
SWITCHING DB GOOGLE PLAY GAMES,hiburan,Mandiri,debit
E-BANKING DB YOUTUBE PREMIUM,hiburan,Mandiri,debit
BAYAR KLINIK KLINIKESTETIKA BPN,kesehatan,Mandiri,debit
IPY INDOSAT OOREDOO 8558179261,tagihan,Permata,debit
TRANSFER BELANJA KELUARGA SURYA DARMA,transfer_keluarga,BSI,transfer
prc superindo mdn,belanja,CIMB,debit
QRIS PMT KLINIK GIGI YK,kesehatan,BNI,debit
SA OB TABUNGAN BISNIS,transfer_internal,Mandiri,transfer
BYR INDOSAT OOREDOO 6267144024,tagihan,Permata,debit
DB EDC SABANA FRIED CHICKEN JKT,makanan,Mandiri,debit
IPY PDAM TIRTA JAYA 1027504265,tagihan,BRI,debit
IPY BIAYA KULIAH SWASTA,pendidikan,BSI,debit
DEBIT EDC BIOSKOP XXI LPG,hiburan,CIMB,debit
BYR LAUNDRY 504675,lainnya,CIMB,debit
NP TRANS STUDIO BAN,hiburan,BRI,debit
trsf e-banking db 2750462578 hendra gunawan,transfer_sosial,BSI,transfer
IPY GOJEK,transport,Permata,debit
QRIS PMT EXPRESS TAXI PLB,transport,Danamon,debit
EDC H&M BGR,belanja,CIMB,debit
DEBIT EDC LAUNDRY JKT,lainnya,BCA,debit
DEBIT EDC APOTEK GUARDIAN TNG,kesehatan,BRI,debit
QRIS PMT KURSUS KOMPUTER,pendidikan,Danamon,debit
KONDANGAN PERNIKAHAN FITRI HANDAYANI,transfer_sosial,Permata,transfer
RETAIL HYPERMART BTM,belanja,BNI,debit
QRIS PMT SPP UNIVERSITAS,pendidikan,Mandiri,debit
PYMNT APPLE MUSIC,hiburan,BNI,debit
VIS AYAM GEPREK BENSU BKS,makanan,Mandiri,debit
EDC DAISO PBR,belanja,CIMB,debit
PYMNT DOKTERKU,kesehatan,BRI,debit
TRSF E-BANKING DB TIKTOK SHOP,belanja,Danamon,debit
DB BCA 5277527657 YUSUF RAHMAN,transfer_sosial,BSI,transfer
PYMNT GOOD DOCTOR,kesehatan,Permata,debit
DB EDC BIOSKOP XXI,hiburan,BCA,debit
TRF KE JOKO WIDODO PATUNGAN WISATA,transfer_sosial,CIMB,transfer
DB TRAVELOKA TIKET,transport,Danamon,debit
BYR KURSUS LIA LANGUAGE 591121463841,pendidikan,Permata,debit
DB SHOPEE BELANJA,belanja,BNI,debit
db edc krl commuterline,transport,Mandiri,debit
DB EDC HERO SUPERMARKET JKT,belanja,BRI,debit
np optik seis btm,kesehatan,BRI,debit
BAYAR TAGIHAN TELKOMSEL SIMPATI,tagihan,BSI,debit
KONSULTASI GRABHEALTH,kesehatan,BRI,debit
APY BP SPBU,transport,BCA,debit
BAYAR KLINIK LABORATORIUM PRODIA SMG,kesehatan,BRI,debit
DB SHOPEEFOOD FOOD,makanan,BRI,debit
DB TRAVELOKA RIDE,transport,Danamon,debit
DB EDC KRL COMM,transport,BNI,debit
BYR TAGIHAN BIZNET HOME,tagihan,Permata,debit
BAYAR TAGIHAN TAGIHAN LISTRIK PLN,tagihan,Danamon,debit
BAYAR KLINIK APOTEK VIVA GENERIK YK,kesehatan,Danamon,debit
RESTO WINGSTOP DPK,makanan,CIMB,debit
TRANSFER KE GOPAY 9598773629,topup_ewallet,GoPay,ewallet
RETAIL SAMSUNG STORE MLG,belanja,BRI,debit
PYMNT GOFOOD,makanan,Permata,debit
DB MOBILE LEGENDS,hiburan,BSI,debit
DB COURSERA,pendidikan,BNI,debit
TRSF E-BANKING DB PDAM KOTA,tagihan,BNI,debit
DB EDC LABORATORIUM PRAMITA,kesehatan,CIMB,debit
QRIS PMT UANG PANGKAL SEKOLAH,pendidikan,BRI,debit
IPY GRABFOOD,makanan,BRI,debit
PYMNT TIKET.COM,transport,BNI,debit
DB SMARTFREN,tagihan,Permata,debit
PEMBAYARAN MYREPUBLIC 611716,tagihan,BNI,debit
BAYAR TAGIHAN PDAM TIRTA JAYA,tagihan,BSI,debit
PYMNT TRAVELOKA EATS,makanan,Mandiri,debit
PRC INDOMARET SMG,belanja,BRI,debit
PYMNT INDIHOME TELKOM 8596245575,tagihan,Danamon,debit
DB SHOPEEFOOD FOOD,makanan,BSI,debit
IPY TIKET.COM,transport,BNI,debit
RESTO RUMAH MAKAN PADANG BKS,makanan,BCA,debit
QRIS PMT SALON SBY,lainnya,BNI,debit
DB GOJEK TIKET,transport,BCA,debit
DB LAZADA BELANJA 429,belanja,BRI,debit
RESTO J.CO DONUTS SMG,makanan,CIMB,debit
BYR KURSUS BAHASA EF ENGLISH 058409115677,pendidikan,Mandiri,debit
TRANSFER BELANJA KELUARGA BAYU NUGROHO,transfer_keluarga,Danamon,transfer
SWITCHING DB DISNEY+ HOTSTAR,hiburan,Danamon,debit
MAKAN BAKSO MALANG YK,makanan,Mandiri,debit
DEBIT EDC RS MEDISTRA SMG,kesehatan,Permata,debit
PATUNGAN KADO YANTI PE,transfer_sosial,BSI,transfer
bayar tagihan tagihan listrik pln,tagihan,Danamon,debit
SWITCHING DB TOL CRB,transport,BSI,debit
SWITCHING DB TAGIHAN INTERNET INDIHOME,tagihan,Mandiri,debit
IPY SPP SEKOLAH DASAR,pendidikan,BCA,debit
PYMNT RUANGGURU,pendidikan,BSI,debit
PEMBAYARAN RAWAT LABORATORIUM PRAMITA,kesehatan,CIMB,debit
QRIS PMT RS MITRA KELUARGA BPN,kesehatan,BCA,debit
TRANSFER IURAN ARISAN IRA YUNITA,transfer_sosial,CIMB,transfer
DEBIT EDC PARKIR KOTA  MKS,transport,CIMB,debit
BYR TAGIHAN GAS PGN 663315957858,tagihan,Danamon,debit
IPY TAGIHAN BPJS KESEHATAN 652143825726,tagihan,Mandiri,debit
BAYAR TAGIHAN TAGIHAN KARTU KREDIT BCA,tagihan,BRI,debit
SWITCHING DB PLN PRABAYAR,tagihan,BSI,debit
RETAIL INDOMARET BTM,belanja,BRI,debit
DB EDC MARUGAME UDON BGR,makanan,BSI,debit
TRSF E-BANKING DB BIAYA KULIAH SWASTA,pendidikan,Danamon,debit
TRSF E-BANKING DB REK SENDIRI 1022774455,transfer_internal,CIMB,transfer
NP RS HERMINA BGR,kesehatan,BRI,debit
BAYAR TAGIHAN BIZNET HOME,tagihan,BSI,debit
SWITCHING DB BNI 5206636607 YANTI PERMATA,transfer_sosial,Permata,transfer
SWITCHING DB PGN GAS RUMAH,tagihan,Permata,debit
APY CICILAN KPR BRI 18007241,tagihan,BCA,debit
SWITCHING DB Danamon 9841323820 PUTRI MAHARANI,transfer_keluarga,DANA,ewallet
E-BANKING DB 2617267840 KIRIMAN ANISA RAHMA,transfer_keluarga,BSI,transfer
TRSF DEBIT 90386900,tidak_diketahui,BCA,transfer
NP JANJI JIWA MDN,makanan,BRI,debit
DB EDC ALFAMART BTM,belanja,BNI,debit
DB GOOGLE PLAY GAMES,hiburan,BSI,debit
TRSF E-BANKING DB PERIPLUS BOOKSTORE,pendidikan,BNI,debit
DEBIT EDC SEDEKAH SMG,lainnya,BNI,debit
BAYAR TAGIHAN CICILAN ADIRA FINANCE,tagihan,CIMB,debit
DEBIT EDC SPP SMP YK,pendidikan,Mandiri,debit
PYMNT ZALORA,belanja,BSI,debit
DEBIT EDC PUSKESMAS LPG,kesehatan,Mandiri,debit
BYR VIA M-BANKING TAGIHAN INTERNET INDIHOME,tagihan,Danamon,debit
QRIS PMT UKT SEMESTER GENAP,pendidikan,BRI,debit
DB EDC BIOSKOP XXI,hiburan,CIMB,debit
ULANG TAHUN SARI INDAH,transfer_sosial,CIMB,transfer
BYR TAGIHAN IURAN IPL APARTEMEN,tagihan,Permata,debit
DB  DUOLINGO PLUS,pendidikan,BCA,debit
TRF KE DANA 87237754 758,topup_ewallet,DANA,ewallet
PATUNGAN KADO MULYADI,transfer_sosial,Danamon,transfer
TRF 0475097735 Danamon,tidak_diketahui,DANA,ewallet
PEMBAYARAN TRAVELOKA EATS,makanan,CIMB,debit
PRC METRO DEPT STORE CRB,belanja,Mandiri,debit
SA IB PRIMA Dr Trf 37,tidak_diketahui,BCA,transfer
TRF IURAN MUSHOLA FAJAR SIDIQ,transfer_sosial,BNI,transfer
SWITCHING DB TOL YK,transport,BCA,debit
DB GRABFOOD ORDER,makanan,Permata,debit
TRSF E-BANKING DB UKT SEMESTER GANJIL,pendidikan,Permata,debit
TRF IURAN MUSHOLA NURI RAHAYU,transfer_sosial,Permata,transfer
TRSF E-BANKING D,transport,BCA,debit
BYR TAGIHAN PDAM TIRTA BHAGASASI,tagihan,BSI,debit
TRF KE DANA 709996,topup_ewallet,DANA,ewallet
DB EDC BIOSKOP CGV,hiburan,BSI,debit
DEBIT EDC RS MITRA KELUARGA BTM,kesehatan,Mandiri,debit
BYR BIMBEL GANESHA OPERATION 76582049,pendidikan,Mandiri,debit
DEBIT EDC LES PRIVAT DPK,pendidikan,Mandiri,debit
DONASI JOKO WIDODO 614537,transfer_sosial,CIMB,transfer
PYMNT SHOPEEFOOD,makanan,BRI,debit
TOPUP SHOPEEPAY 927536,topup_ewallet,ShopeePay,ewallet
PEMBAYARAN RAWAT RS ADVENT,kesehatan,Danamon,debit
QRIS PMT  CONVERSE STORE SMG,belanja,BRI,debit
DEBIT EDC RS PONDOK INDAH SMG,kesehatan,BCA,debit
IPY TIKTOK SHOP,belanja,BSI,debit
DB EDC APOTEK KIMIA FARMA,kesehatan,Danamon,debit
TRF ARISAN GUNAWAN WIBOWO 744221,transfer_sosial,BCA,transfer
IPY GRABFOOD,makanan,Mandiri,debit
TRSF E-BANKING DB 2200277157 KIRIMAN GILANG RAMADHAN,transfer_keluarga,Permata,transfer
BYR KURSUS LIA LANGUAGE 36757430,pendidikan,BNI,debit
DEBIT EDC BIMBEL PRIMAGAMA LPG,pendidikan,BRI,debit
ipy maxim,transport,BRI,debit
DB EDC OPTIK MELAWAI,kesehatan,BCA,debit
DB PLN TOKEN LISTRIK,tagihan,Mandiri,debit
PYMNT TAGIHAN LISTRIK PLN 41728500,tagihan,BCA,debit
PYMNT SPOTIFY PREMIUM,hiburan,Mandiri,debit
DEBIT EDC EXPRESS TAXI BKS,transport,BSI,debit
KIRIM KE ADIK NURI RAHAYU 8062676735,transfer_keluarga,BCA,transfer
TRANSFER KAS RTCITRA DEWI,transfer_sosial,BNI,transfer
TRSF E-BANKING DB 7450710492 YUSUF R,transfer_keluarga,Permata,transfer
DB CIMB 6704211967 FAJAR SIDIQ,transfer_sosial,BRI,transfer
PBK REK 5689898666 KE REK 6312231308,transfer_internal,BSI,transfer
RETAIL ERIGO MLG,belanja,Mandiri,debit
TRF KE BAYU NUGROHO PATUNGAN WISATA,transfer_sosial,BSI,transfer
DB KAI ACCESS RIDE,transport,BCA,debit
SWITCHING DB BRI 8798765852,tidak_diketahui,BRI,transfer
SWITCHING DB TOL DPK,transport,Danamon,debit
TRF 2067394252 BRI,tidak_diketahui,BRI,transfer
QRIS PMT BIOSKOP XXI SMG,hiburan,Danamon,debit
NP TIMEZONE LPG,hiburan,BRI,debit
QRIS PMT PARKIR PBR,transport,BRI,debit
DEBIT EDC SABANA FRIED CHICKEN SMG,makanan,CIMB,debit
ipy gofood,makanan,BNI,debit
PYMNT GOFOOD,makanan,BCA,debit
DEBIT EDC DUFAN BPN,hiburan,BRI,debit
IPY MAXIM,transport,BSI,debit
PEMBAYARAN SHOPEEFOOD,makanan,BSI,debit
BYR TAGIHAN PDAM TIRTA BHAGASASI,tagihan,Mandiri,debit
PEMBAYARAN GRABFOOD 320,makanan,BNI,debit
QRIS PMT KURSUS KOMPUTER,pendidikan,Permata,debit
TRANSFER BELANJA KELUARGA UTAMI DEWI,transfer_keluarga,BCA,transfer
TRSF E-BANKING DB GOPAY 11498371,topup_ewallet,GoPay,ewallet
TRSF DB  KIRIMAN KELUARGA YUSUF RAHMAN,transfer_keluarga,Danamon,transfer
KIRIM UANG ISTRI PUTRI MAHARANI,transfer_keluarga,CIMB,transfer
IPY UNIPIN,hiburan,BNI,debit
AUTODEBET FIRSTMEDIA,tagihan,BSI,debit
KONDANGAN PERNIKAHAN GILANG RAMADHAN,transfer_sosial,Danamon,transfer
BYR TAGIHAN TAGIHAN BPJS KESEHATAN,tagihan,Danamon,debit
DEBIT EDC NIKE STORE BTM,belanja,Danamon,debit
TRSF E-BANKING DB SERVIC,lainnya,BSI,debit
TRANSFER ANAK KOS JOKO WIDODO,transfer_keluarga,BNI,transfer
KIRIM KE ADIK LINA MARLINA 6211387929,transfer_keluarga,Permata,transfer
SWITCHING DB BNI 6571477219 ZAKI ABDILLAH,transfer_sosial,BSI,transfer
pembayaran myrepublic 248801807779,tagihan,BNI,debit
QRIS PMT SUNATAN SBY,lainnya,CIMB,debit
DB PLN PREPAID,tagihan,Mandiri,debit
PEMBAYARAN TAGIHAN BPJS KESEHATAN 819594007164,tagihan,BCA,debit
DB GRABFOOD ORDER,makanan,BRI,debit
PEMBAYARAN QRIS SABANA FRIED CHICKEN,makanan,CIMB,debit
TRSF E-BANKING DB SHOPEEFOOD,makanan,Danamon,debit
PRC HERO  SUPERMARKET LPG,belanja,Mandiri,debit
PYMNT SEHATQ,kesehatan,CIMB,debit
DB AQIQAH,lainnya,BCA,debit
QRIS PMT PHD SOL,makanan,BRI,debit
DONASI UTAMI DEWI 181341,transfer_sosial,Danamon,transfer
SWITCHING DB TOPUP OVO,topup_ewallet,OVO,ewallet
KIRIM KONDANGAN WAHYU HIDAYAT,transfer_sosial,BRI,transfer
TRSF E-BANKING DB BUKALAPAK,belanja,BNI,debit
DB TAGIHAN BPJS KESEHATAN,tagihan,BRI,debit
TRSF E-BANKING DB UKT SEMESTER GANJIL,pendidikan,BSI,debit
byr asuransi jiwa 100630156444,lainnya,BRI,debit
BAYAR TAGIHAN TELKOMSEL SIMPATI,tagihan,BSI,debit
NP RS SILOAM SMG,kesehatan,BRI,debit
KIRIM KE ADIK BAYU NUGROHO 0598057991,transfer_keluarga,BRI,transfer
DB GRAB  TIKET,transport,BRI,debit
TRSF E-BANKING DB BUKALAPAK 159,belanja,Permata,debit
TRSF E-BANKING DB BIMBEL ONLINE,pendidikan,Danamon,debit
PRC NIKE STORE PBR,belanja,Danamon,debit
trsf e-banking db 4358875521,tidak_diketahui,Danamon,transfer
IPY GOJEK,transport,BCA,debit
RETAIL LOTTEMART BTM,belanja,BRI,debit
BYR FOTOKOPI PRINT 3675811236,lainnya,Danamon,debit
SWITCHING DB BCA 9108325613 ,transfer_sosial,BNI,transfer
DB E-TOLL YK,transport,BRI,debit
NP AQIQAH BGR,lainnya,BRI,debit
KE VERA ANGGRAINI NAFKAH BULANAN,transfer_keluarga,BNI,transfer
IPY SHOPEEFOOD,makanan,Permata,debit
TRSF E-BANKING DB GOJEK,transport,Mandiri,debit
DEBIT EDC SALON MLG,lainnya,BRI,debit
BAYAR KLINIK KLINIK GIGI MLG,kesehatan,BCA,debit
QRIS PMT BIMBEL GANESHA OPERATION,pendidikan,Mandiri,debit
SA IB PRIMA Dr Trf GOPAY,topup_ewallet,GoPay,ewallet
DB FLAZZ TOPUP,transport,Mandiri,debit
TRF PATUNGANLINA MARLINA,transfer_sosial,BNI,transfer
KIRIMAN BULANAN SUAMI RATNA SARI,transfer_keluarga,BSI,transfer
DEBIT EDC RS HERMINA DPS,kesehatan,CIMB,debit
DB GARENA TOP UP,hiburan,Danamon,debit
RETAIL STRADIVARIUS PLB,belanja,BRI,debit
TRSF E-BANKING DB ZAKAT INFAQ,lainnya,BCA,debit
DB EDC APOTEK 24 JAM,kesehatan,Mandiri,debit
QRIS PMT LES PR,pendidikan,Permata,debit
DB PLN PASCABAYAR,tagihan,Danamon,debit
PEMBELIAN  E-MONEY OVO,topup_ewallet,OVO,ewallet
TRF BULANAN KE GILANG RAMADHAN,transfer_keluarga,CIMB,transfer
NP AMAZONE DPK,hiburan,BRI,debit
PATUNGAN KADO FITRI HANDAYANI,transfer_sosial,Permata,transfer
TRSF E-BANKING DB ZENIUS EDUCATION,pendidikan,BRI,debit
DB EDC LOTTEMART YK,belanja,CIMB,debit
NP ASURANSI JIWA PLB,lainnya,BRI,debit
TRF BULANAN KE ,transfer_keluarga,Permata,transfer
BYR CBN FIBER 258000457220,tagihan,Danamon,debit
TRANSFER BELANJA KELUARGA KURNIA SARI,transfer_keluarga,BRI,transfer
NP FOTOKOPI PRINT MDN,lainnya,BRI,debit
TRANSFER KE GOPAY 676947,topup_ewallet,GoPay,ewallet
PEMBAYARAN QRIS AYAM GEPREK BENSU,makanan,Danamon,debit
PEMBAYARAN TAGIHAN KARTU KREDIT BCA 762264435006,tagihan,BCA,debit
VIS URBAN REPUBLIC,belanja,Mandiri,debit
NP ES TEH INDONESIA MKS,makanan,BRI,debit
BELANJA MINISO BPN,belanja,BCA,debit
DEBIT EDC PARKIR MLG,lainnya,Mandiri,debit
INFAQ JUMAT276033,transfer_sosial,Danamon,transfer
SA IB PRIMA Dr Trf 9265842099,tidak_diketahui,BCA,transfer
TRSF E-BANKING DB 0771296398 JOKO WIDODO RUTIN,transfer_keluarga,BRI,transfer
TRSF E-BANKING DB BIMBEL GANESHA OPERATION 233,pendidikan,Mandiri,debit
BYR VIA M-BANKING TAGIHAN KARTU KREDIT MANDIRI,tagihan,BCA,debit
QRIS PMT SPP SMP,pendidikan,BNI,debit
DONASI DEWI LESTARI 871937,transfer_sosial,Danamon,transfer
IPY GOJEK,transport,CIMB,debit
BAYAR TAGIHAN FIRSTMED,tagihan,BCA,debit
SA OB CA  TABUNGAN KE DEPOSITO,transfer_internal,Mandiri,transfer
DB EDC GIANT HYPERMARKET PLB,belanja,Mandiri,debit
TRSF E-BANKING DB UN,hiburan,Danamon,debit
kirim ke adik eko prasetyo 6339238689,transfer_keluarga,Danamon,transfer
DB EDC TRANS STUDIO BANDUNG,hiburan,Permata,debit
KONSULTASI HALODOC 277,kesehatan,CIMB,debit
DB ORAMI BELANJA,belanja,BNI,debit
TRSF DB KIRIMAN  KELUARGA BAYU NUGROHO,transfer_keluarga,Permata,transfer
IPY KURSUS KOMPUT,pendidikan,Danamon,debit
BYR TAGIHAN CICILAN ADIRA FINANCE,tagihan,CIMB,debit
BELANJA ALFAMIDI LPG,belanja,BCA,debit
NP CUCI MOBIL BTM,lainnya,BRI,debit
IPY TRAVELOKA,transport,BNI,debit
DB SPOTIFY PREMIUM,hiburan,Permata,debit
BAYAR KLINIK APOTEK CENTURY CRB,kesehatan,Mandiri,debit
TRF IURAN MUSHOLA BAYU NUGROHO,transfer_sosial,CIMB,transfer
BIAYA BEROBAT APOTEK 24 JAM,kesehatan,Mandiri,debit
BEROBAT KLINIK GIGI,kesehatan,CIMB,debit
BYR TAGIHAN BIZNET HOME,tagihan,Permata,debit
DB EDC KOPITIAM PBR,makanan,BCA,debit
DB TRF 5310184016,tidak_diketahui,Mandiri,transfer
VIS GULU GULU SBY,makanan,Mandiri,debit
RESTO BOBA THAI TEA MKS,makanan,Danamon,debit
GRAB RIDE,transport,BSI,debit
BYR CUCI MOBIL 6397341953,lainnya,BNI,debit
TRSF E-BANKING DB GOPAY 8277821454,topup_ewallet,GoPay,ewallet
DONASI SOSIAL YANTI PERMATA,transfer_sosial,BNI,transfer
PEMBAYARAN SHOPEE ORDER,belanja,Mandiri,debit
QRIS PMT BIAYA UJIAN NASIONAL,pendidikan,BRI,debit
DEBIT EDCSATE KHAS SENAYAN BKS,makanan,Permata,debit
PYMNT MAXIM,transport,CIMB,debit
NP GIANT HYPERMARKET TNG,belanja,BRI,debit
TRF KE YUSUF RAHMAN PATUNGAN WISATA,transfer_sosial,CIMB,transfer
NP CONVERSE STORE ,belanja,BRI,debit
DB GOFOOD ORDER,makanan,BCA,debit
DB APPLE STORE,hiburan,BRI,debit
SWITCHING DB APPLE STORE,hiburan,BRI,debit
BAYAR KLINIK KLINIK GIGI SMG,kesehatan,BSI,debit
BYR TAGIHAN TAGIHAN BPJS KESEHATAN,tagihan,Danamon,debit
TRF 571969 Permata,tidak_diketahui,CIMB,transfer
INFAQ JUMAT 237904,transfer_sosial,BNI,transfer
QRIS PMT GOLD GYM SMG,hiburan,CIMB,debit
BYR BPJSTK 63821078,tagihan,Danamon,debit
QRIS PMT SPP SEKOLAH DASAR,pendidikan,BRI,debit
TRSF E-BANKING DB GRABFOOD,makanan,Permata,debit
DB KAI ACCESS RIDE,transport,Mandiri,debit
DB GOJEK RIDE,transport,Danamon,debit
BYR ASURANSI JIWA 772192223495,lainnya,BNI,debit
QRIS PMT NAV KARAOKE SMG,hiburan,BCA,debit
NP BIOSKOP XXI PBR,hiburan,BRI,debit
PRC GIANT HYPERMARKET PLB,belanja,BNI,debit
TRSF NAFKAH HENDRA GUNAWAN BULANAN,transfer_keluarga,Danamon,transfer
QRIS PMT KURSUS LIA LANGUAGE 307,pendidikan,Permata,debit
DB E-TOLL CRB,transport,Mandiri,debit
NP  INUL VIZTA MKS,hiburan,BRI,debit
BELANJA PLANET SPORT LPG,belanja,Permata,debit
BAYAR TAGIHAN PDAM  KOTA,tagihan,Danamon,debit
RESTO BUBUR AYAM BGR,makanan,BRI,debit
TRF RUTIN BULANAN HADI SUSANTO 4226649860,transfer_keluarga,CIMB,transfer
TRSF E-BANKING DB SALON,lainnya,Permata,debit
KONSULTASI SEHATQ,kesehatan,BCA,debit
PYMNT BLIBLI,belanja,Danamon,debit
EDC AMAZONE DPS,hiburan,BCA,debit
TRSF E-BANKING DB BIAYA KULIAH SWASTA,pendidikan,BNI,debit
DEBIT EDC LABORATORIUM CITO MLG,kesehatan,Permata,debit
TRSF E-BANKING DB SPP SMA,pendidikan,BNI,debit
SWITCHING DB Danamon 4018847116 TONO HARTONO,transfer_keluarga,DANA,ewallet
TRANSFER ANAK KOS PUTRI MAHARANI,transfer_keluarga,BSI,transfer
TRF IURAN MUSHOLA TIKA RAHMADHANI,transfer_sosial,BNI,transfer
TRSF E-BANKING DB DUOLINGO PLUS,pendidikan,BNI,debit
BYR VIA M-BANKING TRI HUTCHISON,tagihan,BSI,debit
BYR TAGIHAN IURAN BULANAN RT,tagihan,CIMB,debit
TRSF E-BANKING DB TIKTOK COINS,hiburan,Danamon,debit
SA IB PRIMA Dr Trf 6594302962 ZAHRA NURLAILA,transfer_keluarga,BCA,transfer
IPY TIKTOK SHOP,belanja,CIMB,debit
BYR UKT SEMESTER GANJIL 00862520,pendidikan,BRI,debit
DB GRAB RIDE,transport,BNI,debit
MAKAN SABANA FRIED CHICKEN TNG,makanan,CIMB,debit
TRSF E-BANKING DB GRAB,transport,Permata,debit
KONDANGAN PERNIKAHAN GILANG RAMADHAN,transfer_sosial,Danamon,transfer
BYR PDAM TIRTA JAYA 9257775510,tagihan,BRI,debit
PATUNGAN KADO VINAOKTAVIA,transfer_sosial,BCA,transfer
PEMBAYARAN RAWAT APOTEK K24,kesehatan,BSI,debit
DB EDC ACE HARDWARE CRB,belanja,BRI,debit
DEBIT EDC APOTEK VIVA GENERIK PLB 103,kesehatan,BCA,debit
BIAYA BEROBATRUMAH SAKIT UMUM,kesehatan,Mandiri,debit
DEBIT EDC ALFAMIDI BKS,belanja,Mandiri,debit
BIAYA HIDUP KELUARGA RATNA SARI,transfer_keluarga,BSI,transfer
TOP UP OVO VIA BNI,topup_ewallet,OVO,ewallet
SWITCHING DB Danamon 0779512429 DEWI LESTARI,transfer_sosial,DANA,ewallet
PYMNT TRAVELOKA EATS,makanan,Permata,debit
DEBIT EDC KOPITIAM PLB,makanan,BCA,debit
DEBIT EDC NEW ERA SOL,belanja,Mandiri,debit
DB TRAVELOKA TIKET,transport,BRI,debit
QRIS PMT SERVICE AC PLB,lainnya,Danamon,debit
DEBIT EDC APOTEK VIVA GENERIK LPG,kesehatan,BNI,debit
AUTODEBET CICILAN ADIRA FINANCE,tagihan,Permata,debit
TRSF DB SUMBANGAN LESTARI NINGRUM,transfer_sosial,BSI,transfer
MAKAN WARUNG NASI GORENG YK,makanan,Permata,debit
BYR BARBERSHOP 314854912454,lainnya,Danamon,debit
DB EDC RS SILOAM,kesehatan,BSI,debit
KIRIM KE ADIK SURYA DARMA 7394443381,transfer_keluarga,Permata,transfer
TRSF E-BANKING DB VIDIO PREMIER,hiburan,BNI,debit
PMT KURSUS KOMPUTER,pendidikan,CIMB,debit
DEBIT EDC FOTOKOPI PRINT SBY,lainnya,BSI,debit
SWITCHING DB TOL CRB,transport,BNI,debit
DB EDCTRANS STUDIO BANDUNG,hiburan,Mandiri,debit
DEBIT EDC KURSUS KOMPUTER SBY,pendidikan,BSI,debit
NP HAPPY PUPPY KTV DPS,hiburan,BRI,debit
DEBIT EDC RANCH MARKET SOL,belanja,BCA,debit
VIS MINISO,belanja,Mandiri,debit
TRSF E-BANKING DB 3282663551 PANDU ADITYA RUTIN,transfer_keluarga,BSI,transfer
DEBIT EDC BIMBEL ONLINE DPS,pendidikan,BNI,debit
SWITCHING DB BSI 1877908980 289,tidak_diketahui,Mandiri,transfer
DEBIT EDC KLINIK GIGI MKS,kesehatan,Permata,debit
PATUNGAN ULANG TAHUN LESTARI NINGRUM,transfer_sosial,Permata,transfer
DEBIT EDC UANG PANGKAL SEKOLAH BDG 950,pendidikan,Mandiri,debit
DEBIT EDC APOTEK VIVA GENERIK PLB,kesehatan,Mandiri,debit
TRANSFER KE AHMAD FAUZI NAFKAH BULANAN,transfer_keluarga,BNI,transfer
TRF ORANG TUA ARIF HIDAYATULLAH 2556891143,transfer_keluarga,BSI,transfer
DEBIT EDC KURSUS ,pendidikan,BNI,debit
TRSF E-BANKING DB LAUNDRY,lainnya,BSI,debit
PEMBAYARAN GOFOOD,makanan,BNI,debit
PYMNT TRAVELOKA 784,transport,CIMB,debit
DB TRAVELOKA RIDE,transport,Danamon,debit
PEMBAYARAN RAWAT APOTEK 24 JAM,kesehatan,CIMB,debit
DEBIT EDC BLUE BIRD TAXI BPN,transport,CIMB,debit
QRIS PMT APOTEK 24 JAM PLB,kesehatan,Permata,debit
DEBIT  EDC UKT SEMESTER GENAP MDN,pendidikan,BCA,debit
RESTO NASI UDUK BETAWI MLG,makanan,Danamon,debit
IPY AXIS 28154888,tagihan,Permata,debit
NP ASURANSI JIWA BDG,lainnya,BRI,debit
DEBIT EDC DUFAN BPN,hiburan,Permata,debit
BYR ZAKAT INFAQ 657576490589,lainnya,Mandiri,debit
BYR TAGIHAN IURAN IPL APARTEMEN,tagihan,Danamon,debit
DB MOBILE LEGENDS,hiburan,BSI,debit
TRSF NAFKAH ZAKI ABDILLAH BULANAN,transfer_keluarga,CIMB,transfer
PYMNT TRI HUTCHISON 882531,tagihan,BRI,debit
BYR TAGIHAN IURAN IPL APARTEMEN,tagihan,CIMB,debit
DB KAI ACCESS TIKET,transport,BNI,debit
SWITCHING DB Mandiri 3881618602 VERA ANGGRAINI,transfer_keluarga,Permata,transfer
DEBIT EDC GOLD GYM DPS,hiburan,CIMB,debit
QRIS PMT HYPERMART SMG,belanja,BNI,debit
SWITCHING DB Mandiri  7042850059,tidak_diketahui,Danamon,transfer
DB EDC KLINIK ESTETIKA,kesehatan,CIMB,debit
DB APPLE MUSIC,hiburan,Permata,debit
TRF ARISAN TONO HARTONO 161839,transfer_sosial,Danamon,transfer
PEMBAYARAN QRIS WARUNG PADANG SEDERHANA,makanan,BNI,debit
TRSF E-BANKING DB BARBERSHOP,lainnya,BRI,debit
PYMNT GRABHEALTH,kesehatan,Permata,debit
BYR VIA M-BANKING XL AXIATA,tagihan,Permata,debit
DB EDC GUARDIAN MDN,belanja,BCA,debit
BAYAR KLINIK OPTIK SEIS SMG,kesehatan,Permata,debit
DB E-TOLL SBY,transport,BNI,debit
KIRIMAN BULANAN SUAMI GUNAWAN WIBOWO,transfer_keluarga,Permata,transfer
TRF PATUNGAN ARIF HIDAYATULLAH,transfer_sosial,BRI,transfer
BYR IURAN BULANAN RT 037838,tagihan,BNI,debit
VIS COTTON INK,belanja,Mandiri,debit
QRIS PMT MRT JAKARTA MDN,transport,Danamon,debit
NP CONVERSE STORE PLB,belanja,BRI,debit
DB GOFOOD  ORDER,makanan,BNI,debit
DEBIT EDC TRANS STUDIO BANDUNG SOL,hiburan,BSI,debit
TRSF NAFKAH GUNAWAN WIBOWO BULANAN,transfer_keluarga,BRI,transfer
PEMBAYARAN TRAVELOKA EATS,makanan,BRI,debit
DEBIT EDC H&M TNG,belanja,BNI,debit
QRIS PMT BIOSKOP XXI DPS,hiburan,BRI,debit
TRSF E-BANKING DB GOFOOD,makanan,Danamon,debit
KONDANGAN PERNIKAHAN NURI RAHAYU,transfer_sosial,Mandiri,transfer
PYMNT TIKTOK SHOP,belanja,Danamon,debit
SA OB CA TABUNGAN KE DEPOS,transfer_internal,Mandiri,transfer
NP BIOSKOP CGV CRB,hiburan,BRI,debit
DEBIT EDC WINGSTOP DPK,makanan,BNI,debit
VIS MARUGAME UDON BTM,makanan,Mandiri,debit
KONDANGAN PERNIKAHAN WAHYU HIDAYAT,transfer_sosial,Danamon,transfer
TRSF E-BANKING DB VIDIO PREMIER,hiburan,BCA,debit
IPY ZENIUS EDUCATION,pendidikan,Mandiri,debit
BELANJA HERO SUPERMARKET SOL,belanja,CIMB,debit
QRIS PMT BIMBEL PRIMAGAMA,pendidikan,BRI,debit
TRSF E-BANKING DB ALODOKTER,kesehatan,Mandiri,debit
SWITCHING DBPDAM TIRTA BHAGASASI,tagihan,Permata,debit
KIRIM UANG ISTRI SURYA DARMA,transfer_keluarga,Danamon,transfer
BELANJA IBOX APPLE BGR 441,belanja,Mandiri,debit
PRC PIZZA HUT MLG,makanan,Permata,debit
NP TRANS STUDIO BANDUNG DPS,hiburan,BRI,debit
DB FOTOKOPI PRINT,lainnya,Danamon,debit
TRSF E-BANKING DB IURAN IPL APARTEMEN,tagihan,BRI,debit
IPY LAZADA,belanja,Mandiri,debit
TRANSFER 3159986608,tidak_diketahui,Mandiri,transfer
DEBIT EDC URBAN REPUBLIC JKT,belanja,Mandiri,debit
EDC DUFAN,hiburan,BSI,debit
PYMNT GRABFOOD,makanan,Mandiri,debit
PYMNT UDEMY LEARNING,pendidikan,BCA,debit
SWITCHING DB BRI 4589283782 AHMAD FAUZI,transfer_sosial,BNI,transfer
PEMBAYARAN BUKALAPAK,belanja,Mandiri,debit
DB GOFOOD ORDER,makanan,BSI,debit
KIRIMAN AYAH  EKO PRASETYO,transfer_keluarga,BCA,transfer
DB E-TOLL LPG,transport,BCA,debit
TRF BULANAN KE JOKO WIDODO,transfer_keluarga,Permata,transfer
TRSF E-BANKING DB SPP UNIVERS,pendidikan,Mandiri,debit
RETAIL SAMSUNG STORE BKS,belanja,Mandiri,debit
DEBIT EDC BIAYA KULIAH SWASTA SMG,pendidikan,BNI,debit
TRANSFER KE GOPAY 458598,topup_ewallet,GoPay,ewallet
TRSF E-BANKING DB GOPAY 353279231862,topup_ewallet,GoPay,ewallet
QRIS PMT PARKIR LPG,transport,BSI,debit
TRSF E-BANKING DB COURSERA,pendidikan,BCA,debit
KONDANGAN PERNIKAHAN HADI SUSANTO,transfer_sosial,BSI,transfer
MAKAN MIXUE PBR,makanan,BRI,debit
DEBIT EDC INUL VIZTA BGR,hiburan,BNI,debit
DEBIT EDC OPTIK MELAWAI YK,kesehatan,BSI,debit
IPY RUANGGURU,pendidikan,BNI,debit
TRSF E-BANKING DB SHOPEEFOOD,makanan,BSI,debit
TRSF DB KIRIMAN KELUARGA DINA FITRIANI,transfer_keluarga,BRI,transfer
BYR BIAYA KULIAH SWASTA 145714285675,pendidikan,Permata,debit
IPY ALODOKTER,kesehatan,CIMB,debit
TRF 9003985542 CIMB,tidak_diketahui,BCA,transfer
IURAN ARISAN BULANAN ZAKI ABDILLAH,transfer_sosial,Mandiri,transfer
ULANG TAHUN ANISA RAHMA,transfer_sosial,CIMB,transfer
APY EXPRESS TAXI,transport,BCA,debit
TRSF E-BANKING DB 5588787033,tidak_diketahui,BCA,transfer
KONSULTASI KLIKDOKTER,kesehatan,BNI,debit
PEMBAYARAN QRIS YOSHINOYA,makanan,Permata,debit
PYMNT GRAB,transport,Permata,debit
PYMNT TAGIHAN LISTRIK PLN 899145404576,tagihan,Mandiri,debit
TRSF E-BANKING DB KURSUS LIA LANGUAGE,pendidikan,CIMB,debit
NP NAV KARAOKE CRB,hiburan,BRI,debit
NP MINISO BPN,belanja,BRI,debit
BYR SPP SMA 79275255,pendidikan,BRI,debit
DB CUCI MOBIL,lainnya,BCA,debit
MAKAN MIE AYAM JAKARTA PBR,makanan,BCA,debit
TRSF E-BANKING DB 5984916354 KIRIMAN IRA YUNITA,transfer_keluarga,Mandiri,transfer
DEBIT EDC SPP UNIVERSITAS PLB,pendidikan,Permata,debit
DB TOKOPEDIA BELANJA,belanja,BRI,debit
TOPUP SHOPEEPAY 44933119,topup_ewallet,ShopeePay,ewallet
SWITCHING DB BNI 8416069085 136,tidak_diketahui,BCA,transfer
TRANSFER KE FITRI HANDAYANI NAFKAH BULANAN,transfer_keluarga,Mandiri,transfer
NP KRL COMMUTERLINE JKT,transport,BRI,debit
DB GRAB RIDE,transport,BSI,debit
PYMNT CODASHOP,hiburan,BNI,debit
trf uang jajan anak endah purwanti,transfer_keluarga,CIMB,transfer
BYR TAGIHAN IURAN IPL APARTEMEN,tagihan,BCA,debit
BYR SUNATAN 96905826,lainnya,Mandiri,debit
VIS ERAFONE,belanja,Mandiri,debit
DEBIT EDC KLINIK KIMIA FARMA MKS,kesehatan,Mandiri,debit
PATUNGAN KADO LINA MARLINA,transfer_sosial,Mandiri,transfer
TRSF E-BANKING DB BLIBLI,belanja,CIMB,debit
SWITCHING DB CIMB 4291062080 SARI INDAH,transfer_keluarga,BNI,transfer
PYMNT PDAM KOTA 200623 207,tagihan,Danamon,debit
TRF IURAN MUSHOLA MEGA PUSPITA,transfer_sosial,BNI,transfer
TRANSFER IURAN ARISAN QORI AMALIA,transfer_sosial,BNI,transfer
DEBIT EDC BARBERSHOP PBR,lainnya,BSI,debit
APY BLUE BIRD TAXI,transport,BCA,debit
TRSF E-BANKING DB TRAVELOKA EATS,makanan,Danamon,debit
TRF 464410 CIMB,tidak_diketahui,BSI,transfer
KIRIMAN BULANAN SUAMI EKO PRASETYO,transfer_keluarga,BCA,transfer
TRSF E-BANKING DB TRAVELOKA EATS,makanan,BSI,debit
TRF KE UMI KALSUM PATUNGAN WISATA,transfer_sosial,CIMB,transfer
TOP UP LINKAJA 6272761460,topup_ewallet,LinkAja,ewallet
DB E-TOLL TNG,transport,BNI,debit
SWITCHING DB YOUTUBE PREMIUM 392,hiburan,BRI,debit
IPY ALODOKTER,kesehatan,Permata,debit
TRSF E-BANKING DB CUCI MOBIL,lainnya,Permata,debit
BYR TAGIHAN CICILAN KENDARAAN,tagihan,BSI,debit
TRSF E-BANKING DB LAZADA,belanja,Danamon,debit
PYMNT GRAB,transport,BCA,debit
RETAIL H&M SOL,belanja,BSI,debit
DB MAXIM TIKET,transport,Permata,debit
BIAYA BEROBAT KLINIK ESTETIKA,kesehatan,BNI,debit
KONDANGAN PERNIKAHAN LESTARI NINGRUM,transfer_sosial,Danamon,transfer
BYR ASURANSI JIW,lainnya,BRI,debit
PEMBAYARAN GRABFOOD,makanan,BRI,debit
KIRIM KE ADIK MULYADI 3635131492,transfer_keluarga,BSI,transfer
QRIS PMT RS MEDISTRA LPG,kesehatan,Permata,debit
SA IB PRIMA Dr Trf 3165912510 TONO HARTONO,transfer_keluarga,BCA,transfer
QRIS PMT BIMBEL ONLINE,pendidikan,BRI,debit
TRF UANG JAJAN ANAK NURI RAHAYU,transfer_keluarga,BCA,transfer
KIRIMAN AYAH FAJAR SIDIQ,transfer_keluarga,BCA,transfer
PYMNT TAGIHAN KARTU KREDIT MANDIRI 208914392527,tagihan,Permata,debit
DB EDC BAKSO BOEDJANGAN BGR,makanan,Mandiri,debit
PBK GIRO KE TABUNGAN 5361761162,transfer_internal,Mandiri,transfer
DB SHOPEE PAYMENT,belanja,Danamon,debit
ARISAN VERA ANGGRAINI 495069,transfer_sosial,Danamon,transfer
db edc anytime fitness,hiburan,CIMB,debit
BIAYA HIDUP KELUARGA YUSUF RAHMAN,transfer_keluarga,BSI,transfer
PYMNT TIKTOK COINS,hiburan,BSI,debit
DEBIT EDC SEDEKAH DPK,lainnya,BSI,debit
TAGIHAN INTERNET INDIHOME 37041169,tagihan,Danamon,debit
IPY MAXIM,transport,Permata,debit
RESTO YOSHINOYA BGR,makanan,CIMB,debit
PYMNT SKILL ACADEMY,pendidikan,BNI,debit
PYMNT GRABFOOD,makanan,CIMB,debit
TRANSFER ANAK KOS RATNA SARI,transfer_keluarga,BCA,transfer
APY BPJS KETENAGAKERJAAN 22834164,tagihan,BCA,debit
KONSULTASI KLIKDOKTER,kesehatan,BNI,debit
DB TIKET.COM TIKET,transport,CIMB,debit
TRANSFER BELANJA KELUARGA BAYU NUGROHO,transfer_keluarga,BCA,transfer
PEMBELIAN E-MONEY ShopeePay,topup_ewallet,ShopeePay,ewallet
PEMBAYARAN LAZADA ORDER,belanja,CIMB,debit
TRSF E-BANKING DB NOTARIS PPAT,lainnya,CIMB,debit
DB TOL BGR,transport,Permata,debit
VIS WATSONS,belanja,Mandiri,debit
INFAQ JUMAT 251893,transfer_sosial,Danamon,transfer
TRSF E-BANKING  DB BIMBEL NEUTRON,pendidikan,CIMB,debit
PYMNT GARENA TOP UP,hiburan,Mandiri,debit
IPY LES PRIVAT,pendidikan,Permata,debit
DEBIT EDC BURGER KING BGR,makanan,BRI,debit
PYMNT TRAVELOKA EATS,makanan,Danamon,debit
TRSF E-BANKING DB BUKALAPAK,belanja,BSI,debit
SWITCHING DB TOL BTM,transport,Danamon,debit
QRIS PMT KLINIK PRATAMA MDN,kesehatan,BRI,debit
BIAYA HIDUP KELUARGA YANTI PERMATA,transfer_keluarga,Danamon,transfer
IPY TRAVELOKA EATS,makanan,Permata,debit
PEMBAYARAN TAGIHAN LISTRIK PLN 0070043259,tagihan,BNI,debit
TRSF E-BANKING DB GOPAY 7784542831,topup_ewallet,GoPay,ewallet
PYMNT TIKTOK COINS,hiburan,CIMB,debit
BYR UKT SEMESTER GANJIL 73034900,pendidikan,BSI,debit
TRF KE ANISA RAHMA PATUNGAN WISATA,transfer_sosial,CIMB,transfer
SA IB PRIMA Dr Trf 5381806122 UMI KALSUM,transfer_keluarga,BCA,transfer
TOPUP SHOPEEPAY 869367587255,topup_ewallet,ShopeePay,ewallet
NP WATERBOM PLB,hiburan,BRI,debit
QRIS PMT LOTTEMART BPN,belanja,Mandiri,debit
PMT JANJI JIWA PLB,makanan,BRI,debit
DB TOP UP EWALLET DANA,topup_ewallet,DANA,ewallet
DB FLAZZ TOPUP,transport,BSI,debit
ULANG TAHUN PUTRI MAHARANI,transfer_sosial,CIMB,transfer
IPY GRABFOOD,makanan,Permata,debit
DEBIT EDC DUFAN DPK,hiburan,Permata,debit
PRC H&M DPK,belanja,BNI,debit
qris pmt spp smp,pendidikan,Danamon,debit
PATUNGAN ULANG TAHUN ZAKI ABDILLAH,transfer_sosial,BNI,transfer
TRSF E-BANKING DB DOKTERKU,kesehatan,Mandiri,debit
QRIS PMT HOKBEN MLG,makanan,BRI,debit
PRC SUPERINDO YK,belanja,BCA,debit
TRSF E-BANKING DB KURSUS BAHASA EF ENGLISH,pendidikan,Permata,debit
SA IB PRIMA Dr Trf 0663119051 BUDI SANTOSO,transfer_keluarga,BCA,transfer
IPY GOJEK,transport,Danamon,debit
TRSF E-BANKING DB 9856795693 KIRIMAN WAHYU HIDAYAT,transfer_keluarga,BCA,transfer
PEMBAYARAN TOKOPEDIA ORDER,belanja,Permata,debit
PYMNT TAGIHAN LISTRIK PLN 3305016045,tagihan,Permata,debit
SUMBANGAN MASJID ARIF HIDAYATULLAH,transfer_sosial,CIMB,transfer
DB GOFOOD ORDER,makanan,BSI,debit
QRIS PMT PARKIR MDN,transport,CIMB,debit
pymnt pln prabayar 397066,tagihan,Permata,debit
BYR BIMBEL NEUTRON 206739951982,pendidikan,BRI,debit
SWITCHING DB BRI 2804999911 HADI SUSANTO,transfer_keluarga,Permata,transfer
DB XL PRABAYAR,tagihan,CIMB,debit
PATUNGAN KADOTIKA RAHMADHANI,transfer_sosial,BCA,transfer
KIRIMAN BULANAN SUAMI GUNAWAN WIBOWO,transfer_keluarga,Danamon,transfer
TRSF E-BANKING DB PLN TOKEN LISTRIK,tagihan,BRI,debit
TRF ARISAN EKO PRASETYO 157931,transfer_sosial,BRI,transfer
BAYAR TAGIHAN TAGIHAN GAS PGN,tagihan,BRI,debit
BYR SEDEKAH 993134,lainnya,Danamon,debit
DEBIT EDC KLINIK GIGI SMG,kesehatan,CIMB,debit
TRANSFER ANTAR REK CIMB,transfer_internal,BCA,transfer
QRIS PMT AHASS HONDA BDG,transport,Permata,debit
DB TIKTOK SHOP BELANJA,belanja,CIMB,debit
SA IB PRIMA Dr Trf 2865072555 WAHYU HIDAYAT,transfer_keluarga,BCA,transfer
KONDANGAN PERNIKAHAN HENDRA GUNAWAN,transfer_sosial,Danamon,transfer
6109427852 CIMB,tidak_diketahui,BNI,transfer
TRSF E-BANKING DB GARENA TOP UP,hiburan,Permata,debit
TRSF DEBIT 84890719,tidak_diketahui,Mandiri,transfer
IPY BIAYA KULIAH SWASTA,pendidikan,CIMB,debit
QRIS PMT GRAMEDIA BOOKSTORE,pendidikan,CIMB,debit
BYR BIAYA WISUDA 66596948,pendidikan,Danamon,debit
QRIS PMT UKT SEMESTER GANJIL,pendidikan,CIMB,debit
PATUNGAN ULANG TAHUN ZAKI ABDILLAH,transfer_sosial,BSI,transfer
DB EDCLRT JABODEBEK,transport,BSI,debit
QRIS PMT BIOSKOP CGV YK,hiburan,CIMB,debit
SWITCHING DB TOPUP OVO,topup_ewallet,OVO,ewallet
TRSF DB SUMBANGAN SURYA DARMA,transfer_sosial,BCA,transfer
SWITCHING DB TOPUP OVO,topup_ewallet,OVO,ewallet
DB FLAZZ TOPUP,transport,BNI,debit
DONASI SOSIAL VINA OKTAVIA,transfer_sosial,BNI,transfer
TRSF E-BANKING DB GOOD DOCTOR,kesehatan,BNI,debit
TRF KE OKI PRATAMA PATUNGAN WISATA,transfer_sosial,CIMB,transfer
DB EDC KLINIK ESTETIKA,kesehatan,BNI,debit
NP ZAKAT INFAQ BPN,lainnya,BRI,debit
BAYAR KLINIK KLINIK PRATAMA PLB,kesehatan,CIMB,debit
DB EDC TIMEZONE,hiburan,BRI,debit
DB SUNATAN,lainnya,BSI,debit
SWITCHING DB TOPUP OVO,topup_ewallet,OVO,ewallet
DB TRF 7357358318,tidak_diketahui,Danamon,transfer
SWITCHING DB STEAM PURCHASE,hiburan,Permata,debit
QRIS PMT KRL COMMUTERLINE BPN,transport,BRI,debit
IPY GRABFOOD,makanan,Mandiri,debit
BYR PLN PREPAID 0693609070,tagihan,CIMB,debit
SUMBANGAN MASJID VINA OKTAVIA,transfer_sosial,Mandiri,transfer
SWITCHING DBINDIHOME TELKOM,tagihan,Mandiri,debit
SA IB PRIMA Dr Trf 5432462192 MEGA PUSPITA,transfer_keluarga,BCA,transfer
trsf e-banking db grab,transport,BSI,debit
IPY UKT SEMESTER GENAP,pendidikan,Permata,debit
DONASI DINA FITRIANI476519,transfer_sosial,BNI,transfer
TRSF E-BANKING DB SHOPEE,belanja,BSI,debit
DB BUKALAPAK BELANJA 821,belanja,Permata,debit
NP AQIQAH YK,lainnya,BRI,debit
DB NASI UDUK BETAWI DPK,makanan,BRI,debit
NP DUFAN SOL,hiburan,BRI,debit
DEBIT EDC BIOSKOP XXI YK,hiburan,BCA,debit
TOPUP SHOPEEPAY 2347361490,topup_ewallet,ShopeePay,ewallet
BULANAN KE YUSUF RAHMAN,transfer_keluarga,Danamon,transfer
QRIS PMT PARKIR BGR,transport,BCA,debit
PEMBAYARAN RAWAT APOTEK GUARDIAN,kesehatan,BCA,debit
QRIS PMT AQIQAH PLB,lainnya,Mandiri,debit
PYMNT SHOPEEFOOD,makanan,Danamon,debit
TRSF E-BANKING DB GOFOOD,makanan,BNI,debit
byr biaya wisuda 9912875203,pendidikan,Danamon,debit
VIS ADIDAS STORE,belanja,Mandiri,debit
KIRIMAN BULANAN SUAMI CAHYA PRATAMA,transfer_keluarga,Mandiri,transfer
IPY  TOGA MAS,pendidikan,BCA,debit
SWITCHING DB TOL CRB,transport,BNI,debit
TRANSFER IURAN ARISAN CAHYA PRATAMA,transfer_sosial,Danamon,transfer
TRSF E-BANKING DB 2015596695 KIRIMAN AHMAD FAUZI,transfer_keluarga,BSI,transfer
DB TOP UP EWALLET ShopeePay,topup_ewallet,ShopeePay,ewallet
PATUNGAN ULANG TAHUN FAJAR SIDIQ,transfer_sosial,BSI,transfer
TRSF E-BANKING DB PLN PRABAYAR,tagihan,BNI,debit
DB EDC SAMSUNG STORE SMG,belanja,Danamon,debit
DONASI SOSIAL TONO HARTONO,transfer_sosial,BSI,transfer
DEBIT EDC AMAZONE BGR,hiburan,BRI,debit
PEMBAYARAN SHOPEE ORDER,belanja,Permata,debit
PEMBAYARAN AXIS 1364369813,tagihan,BNI,debit
TRF IURAN RT GUNAWAN WIBOWO 5070999283,transfer_sosial,BRI,transfer
RETAIL RANCH MARKET MKS,belanja,BCA,debit
DB EDC RS MITRA KELUARGA,kesehatan,Permata,debit
PYMNT GRABFOOD,makanan,BCA,debit
TRSF E-BANKING DB BLIBLI,belanja,BNI,debit
TRANSFER 2521897525,tidak_diketahui,BNI,transfer
PYMNT TRAVELOKA EATS,makanan,CIMB,debit
DB CBN FIBER,tagihan,BRI,debit
SWITCHING DB CIMB 8148978186 IRA YUNITA,transfer_sosial,BRI,transfer
DB INDOSAT OOREDOO,tagihan,Mandiri,debit
DB BLIBLI BELANJA,belanja,BNI,debit
TOP UP ShopeePay VIA Permata,topup_ewallet,ShopeePay,ewallet
PYMNT LAZADA,belanja,Permata,debit
DB GRABFOOD  ORDER,makanan,BSI,debit
SWITCHING  DB CODASHOP,hiburan,Mandiri,debit
IPY APPLE MUSIC,hiburan,Permata,debit
PATUNGAN ULANG TAHUN FAJAR SIDIQ,transfer_sosial,BCA,transfer
PYMNT GOFOOD,makanan,Permata,debit
IPY TAGIHAN KARTU KREDIT BCA 904909284683,tagihan,BRI,debit
RETAIL MINISO BDG,belanja,BRI,debit
APY PARKIRKOTA,transport,BCA,debit
BYR VIA M-BANKING SMARTFREN,tagihan,Mandiri,debit
SWITCHING DB Danamon 5174597599 QORI AMALIA,transfer_keluarga,DANA,ewallet
pembayaran rawat fisioterapi klinik,kesehatan,BRI,debit
DONASI NANDA WIJAYA 931779,transfer_sosial,Danamon,transfer
DONASI EKO PRASETYO 984622,transfer_sosial,BSI,transfer
DEBIT EDC UANG PANGKAL SEKOLAH BPN,pendidikan,BNI,debit
TRSF E-BANKING DBKAI ACCESS,transport,BNI,debit
QRIS PMT BLUE BIRD TAXI MDN,transport,Danamon,debit
BIAYA BEROBAT APOTEK KIMIA FARMA,kesehatan,Mandiri,debit
PYMNT ZALORA,belanja,BCA,debit
DB BOBA THAI TEA SMG,makanan,Mandiri,debit
PYMNT GRAB,transport,Permata,debit
IPY INDIHOME TELKOM 44548244,tagihan,Permata,debit
BYR INDIHOME TELKOM 302,tagihan,BRI,debit
DB GOFOOD ORDER,makanan,CIMB,debit
PEMBAYARAN SHOPEEORDER,belanja,Permata,debit
QRIS PMT PARKIR BDG,transport,Permata,debit
PEMBAYARAN RAWAT LABORATORIUM CITO,kesehatan,Permata,debit
PEMBAYARAN LAZADA ORDER,belanja,BNI,debit
makan mcdonald's yk,makanan,CIMB,debit
DEBIT EDC LAWSON MKS,belanja,BRI,debit
TRSF DB SUMBANGAN HENDRA GUNAWAN,transfer_sosial,Mandiri,transfer
NP ZAKAT INFAQ CRB,lainnya,BRI,debit
TRSF E-BANKING DB CUCI MOBIL,lainnya,BNI,debit
TRF IURAN RT JULIANA PUTRI 1144086620,transfer_sosial,Danamon,transfer
QRIS PMT BIOSKOP CGV MDN,hiburan,Danamon,debit
QRIS PMT SHELL SPBU DPS,transport,BRI,debit
DEBIT EDC SUPERINDO PLB,belanja,CIMB,debit
PEMBAYARAN CICILAN FIF MOTOR 377876750950,tagihan,Mandiri,debit
IPY APPLE MUSIC,hiburan,Mandiri,debit
autodebet tagihan gas pgn,tagihan,BCA,debit
FOOD SOLARIA DPS,makanan,BNI,debit
DEBIT EDC NIKESTORE MDN,belanja,Permata,debit
QRIS PMT VIVO SPBU BPN,transport,BSI,debit
IPY GRAMEDIA BOOKSTORE,pendidikan,Mandiri,debit
SWITCHING DB PDAM TIRTA JAYA,tagihan,BSI,debit
IPY DOKTERKU,kesehatan,Permata,debit
DB TIKTOK SHOP BELANJA,belanja,CIMB,debit
QRIS PMT YAMAHA SERVICE MLG,transport,Mandiri,debit
NP WATERBOM BPN,hiburan,BRI,debit
IPY UANG PANGKAL SEKOLAH,pendidikan,BRI,debit
DEBIT EDC KAFE KITA PLB,makanan,Permata,debit
DB EDC ASTRA OTOPARTS,transport,BSI,debit
TRANSFER ANAK KOS YUSUF RAHMAN,transfer_keluarga,BNI,transfer
SUMBANGAN MASJID GILANG RAMADHAN,transfer_sosial,Permata,transfer
IPY PDAM TIRTA BHAGASASI 296079,tagihan,Danamon,debit
PYMNT TELKOMSEL HALO 3737228200,tagihan,Permata,debit
TRF RUTIN BULANAN GUNAWAN WIBOWO 2915915282,transfer_keluarga,BSI,transfer
DB NASI UDUK BETAWI DPK,makanan,BCA,debit
BYR VIA M-BANKING CICILAN KPR BTN,tagihan,Danamon,debit
TOPUP SHOPEEPAY 13497745,topup_ewallet,ShopeePay,ewallet
DB EDC ANYTIME FITNESS,hiburan,CIMB,debit
IPY ZALORA 142,belanja,BNI,debit
BYR GRAMEDIA BOOKSTORE 792119,pendidikan,CIMB,debit
DB MYREPUBLIC,tagihan,BNI,debit
BELANJA DAISO TNG,belanja,Danamon,debit
TRANSFER KE GOPAY280990981700,topup_ewallet,GoPay,ewallet
PATUNGAN KADO UTAMI DEWI,transfer_sosial,BRI,transfer
TRSF E-BANKING DB GOJEK,transport,Mandiri,debit
DONASI VINA OKTAVIA 538577,transfer_sosial,Mandiri,transfer
APY MRT JAKARTA,transport,BCA,debit
PBK KE TABUNGAN BNI,transfer_internal,CIMB,transfer
QRIS PMTUKT SEMESTER GANJIL,pendidikan,Mandiri,debit
QRIS KANTIN KAMPUS,makanan,Danamon,debit
PATUNGAN KADO AHMAD FAUZI,transfer_sosial,BSI,transfer
IPY LAZADA,belanja,BSI,debit
KIRIMAN BULANAN SUAMI ZAKI ABDILLAH,transfer_keluarga,BNI,transfer
SA IB PRIMA Dr Trf 1016816526,tidak_diketahui,BCA,transfer
AUTODEBET PLN PASCABAYAR,tagihan,Mandiri,debit
TRF UANG JAJAN ANAK DINA FITRIANI,transfer_keluarga,CIMB,transfer
PYMNT BLIBLI,belanja,Mandiri,debit
SWITCHING DB APPLE STORE,hiburan,BRI,debit
PYMNT TRAVELOKA EATS,makanan,BRI,debit
PEMBAYARAN QRIS ES TEH INDONESIA,makanan,BSI,debit
PEMBAYARAN TOKOPEDIA ORDER,belanja,BNI,debit
IPY GOJEK,transport,Danamon,debit
IPY GRABFOOD,makanan,BNI,debit
IPY GRABFOOD,makanan,Permata,debit
SWITCHING DB CIMB 4664515438 MEGAPUSPITA,transfer_keluarga,BNI,transfer
FOOD PIZZA HUT DPS,makanan,CIMB,debit
DB EDC BOBA THAI TEA CRB,makanan,CIMB,debit
QRIS PMT PLANET SPORT DPK,belanja,Permata,debit
APY PLN PASCABAYAR 342525396195,tagihan,BCA,debit
TRSF E-BANKING DB TRAVELOKA EATS,makanan,Mandiri,debit
SA IB PRIMA Dr Trf 9528221422 NURI RAHAYU,transfer_keluarga,BCA,transfer
TRF RUTIN BULANAN WAHYU HIDAYAT 7638184806,transfer_keluarga,BSI,transfer
BAYAR KLINIK KLINIK GIGI LPG,kesehatan,Mandiri,debit
TRF 845047 DANAMON,tidak_diketahui,DANA,ewallet
DEBIT EDC SOCIOLLA JKT,belanja,Danamon,debit
DB EDC BIOSKOP CGV,hiburan,BNI,debit
PYMNT GOOD DOCTOR,kesehatan,Mandiri,debit
QRIS PMT SPP SMA,pendidikan,Mandiri,debit
SA IB PRIMA Dr Trf 1567672541 NANDA WIJAYA,transfer_keluarga,BCA,transfer
BAYAR KLINIK APOTEK WATSONS BPN,kesehatan,Mandiri,debit
db garena top up,hiburan,BRI,debit
APY KRL COMMUTERLINE,transport,BCA,debit
TRSF DB SUMBANGAN VINA OKTAVIA,transfer_sosial,Permata,transfer
TRSF E-BANKING DB GOFOOD,makanan,Danamon,debit
PEMBAYARAN GRABFOOD,makanan,BNI,debit
DB ZALORA BELANJA,belanja,BNI,debit
BYR PARKIR 19916584,lainnya,BNI,debit
TOP UP LINKAJA VIA CIMB,topup_ewallet,LinkAja,ewallet
SWITCHING DB TAGIHAN KARTU KREDIT MANDIRI,tagihan,Danamon,debit
TRF KE YUSUF RAHMAN PATUNGAN WISATA,transfer_sosial,Permata,transfer
qris pmt laboratorium pramita bks,kesehatan,Danamon,debit
ipy gofood,makanan,Danamon,debit
BAYAR KLINIK RS SILOAM SMG,kesehatan,BSI,debit
PYMNT SHOPEEFOOD,makanan,CIMB,debit
SA IB PRIMA Dr Trf 9198414291,tidak_diketahui,BCA,transfer
BAYAR TAGIHAN PLN PREP,tagihan,BRI,debit
DB TRF 4821074248,tidak_diketahui,CIMB,transfer
DB EDC HERO SUPERMARKET BGR,belanja,BSI,debit
IPY TELKOMSEL HALO 657194306377,tagihan,BNI,debit
DB TRF 8233101715,tidak_diketahui,Permata,transfer
IURAN ARISAN BULANAN GILANG RAMADHAN,transfer_sosial,Permata,transfer
QRIS PMT SPP SEKOLAH DASAR,pendidikan,Mandiri,debit
TRSF E-BANKING DB COURSERA,pendidikan,BRI,debit
DB EDC LOTTEMART BKS,belanja,BRI,debit
DB TOP UP EWALLET GoPay,topup_ewallet,GoPay,ewallet
RETAIL SPORT STATION DPS,belanja,Danamon,debit
TRSF E-BANKING DB SPP SMA,pendidikan,Permata,debit
DB SATE KHAS SENAYAN YK,makanan,BCA,debit
SWITCHING DB TOL CRB,transport,BSI,debit
DEBIT EDC ANYTIME FITNESS YK,hiburan,BCA,debit
DB GRABFOOD FOOD,makanan,BNI,debit
trsf e-banking db 9348243246 gilang ramadhan,transfer_sosial,CIMB,transfer
DEBIT EDC SPP UNIVERSITAS SMG,pendidikan,CIMB,debit
IURAN ARISAN BULANAN IRA YUNITA,transfer_sosial,Mandiri,transfer
SWITCHING DB Mandiri 9695427697 OKI PRATAMA,transfer_sosial,BNI,transfer
SA OB CA TABUNGAN KE DEPOSITO,transfer_internal,Mandiri,transfer
NP VIVO SPBU BPN 816,transport,BRI,debit
DEBIT EDC BIMBEL GANESHA OPERATION BPN,pendidikan,Danamon,debit
RETAIL GIANT HYPERMARKET BPN,belanja,Mandiri,debit
TRSF E-BANKING DB 8532148107 JULIANA PUTRI RUTIN,transfer_keluarga,Danamon,transfer
DB TRAVELOKA RIDE,transport,BNI,debit
PRC LOTTEMART CRB,belanja,Mandiri,debit
TRF IURAN MUSHOLA ZAHRA NURLAILA,transfer_sosial,BNI,transfer
INFAQ JUMAT 677725,transfer_sosial,Permata,transfer
NP APOTEK GUARDIAN LPG,kesehatan,BRI,debit
BELANJA HYPERMART BKS,belanja,BNI,debit
IPY RUANGGURU,pendidikan,BNI,debit
DB TOPUP OVO,topup_ewallet,OVO,ewallet
NP YAMAHA SERVICE BGR,transport,BRI,debit
PYMNT TAGIHAN LISTRIK PLN 720392,tagihan,Permata,debit
TRF 1097208357BNI,tidak_diketahui,Danamon,transfer
DEBIT EDC URBAN REPUBLIC YK,belanja,BRI,debit
PYMNT NETFLIX.COM,hiburan,Permata,debit
BYR BPJSKESEHATAN 78603261,tagihan,BCA,debit
TRSF E-BANKING DB 6151541592 LINA MARLINA,transfer_sosial,BSI,transfer
PEMBAYARAN RAWAT LABORATORIUM PRODIA,kesehatan,Mandiri,debit
TRSF E-BANKING DB SPP SEKOLAH DASAR,pendidikan,Danamon,debit
SA IB PRIMA Dr Trf 7491608021 HADI SUSANTO,transfer_keluarga,BCA,transfer
NP BIOSKOP XXI TNG,hiburan,BRI,debit
QRIS PMT PARKIR TNG,transport,BRI,debit
DB EDC CONVERSE STORE DPK,belanja,BCA,debit
PEMBAYARAN BPJSTK 419070,tagihan,CIMB,debit
PEMBAYARAN RAWAT KLINIK ESTETIKA,kesehatan,BNI,debit
TOP UP OVO VIA ,topup_ewallet,OVO,ewallet
DB GOJEK RIDE,transport,Permata,debit
PYMNT SEHATQ,kesehatan,CIMB,debit
TRSF E-BANKING DB GO,transport,BSI,debit
TRANSFER KE BUDI SANTOSO NAFKAH BULANAN,transfer_keluarga,BCA,transfer
RESTO KOPI KENANGA,makanan,BRI,debit
DB GRABFOOD FOOD,makanan,Mandiri,debit
DEBIT EDC CELEBRITY FITNESS CRB,hiburan,BRI,debit
NP HYPERMART BTM,belanja,BRI,debit
TRSF E-BANKING DB TAGIHAN BPJS KESEHATAN,tagihan,Permata,debit
trsf e-banking db parkir,lainnya,BSI,debit
NP LRT JABODEBEK BGR,transport,BRI,debit
DB GRABFOOD FOOD,makanan,CIMB,debit
TRF KE DANA 580244,topup_ewallet,DANA,ewallet
SA OB TABUNGAN BISNIS,transfer_internal,Mandiri,transfer
RETAIL ALFAMIDI CRB,belanja,BNI,debit
VIS BEBEK GORENG HARISSA BGR,makanan,Mandiri,debit
TOPUP SHOPEEPAY 710510808603,topup_ewallet,ShopeePay,ewallet
BYR SPP SMP 6071849526,pendidikan,CIMB,debit
TRANSFER IURAN ARISAN TIKA RAHMADHANI,transfer_sosial,BSI,transfer
IPY RUANGGURU,pendidikan,Permata,debit
PEMBAYARAN SHOPEEFOOD,makanan,BRI,debit
QRIS PMT BP SPBU CRB,transport,BCA,debit
DEBIT EDC INUL VIZTA SBY,hiburan,BRI,debit
BYR PDAM TIRTA JAYA 973620,tagihan,BCA,debit
TRSF E-BANKING DB BIMBEL ONLINE,pendidikan,CIMB,debit
IPY GRABFOOD,makanan,CIMB,debit
DEBIT EDC BARBERSHOP TNG,lainnya,BRI,debit
TRF KE BUDI SANTOSO PATUNGAN WISATA,transfer_sosial,Danamon,transfer
TRANSFER KAS RT FITRI HANDAYANI,transfer_sosial,Mandiri,transfer
DB EDC OPTIK MELAWAI 679,kesehatan,Mandiri,debit
QRIS PMT OPTIK SEIS SMG,kesehatan,BSI,debit
PYMNT DOKTERKU,kesehatan,Permata,debit
NP NAV KARAOKE BKS,hiburan,BRI,debit
GOOD DOCTOR,kesehatan,Danamon,debit
SA IB PRIMA Dr Trf 5919555759 VERA ANGGRAINI,transfer_keluarga,BCA,transfer
AUTODEBET INDIHOME TELKOM,tagihan,Mandiri,debit
DB NETFLIX.COM,hiburan,Mandiri,debit
PEMBAYARAN PDAM TIRTA BHAGASASI 545980028462,tagihan,BRI,debit
DEBIT EDC RS PREMIER JATINEGARA BTM,kesehatan,BRI,debit
TRF KE GUNAWAN WIBOWO PATUNGAN WISATA,transfer_sosial,Permata,transfer
FOOD KOPI KENANGAN JKT,makanan,BRI,debit
QRIS  PMT GRAMEDIA BOOKSTORE,pendidikan,Danamon,debit
QRIS PMT PARKIR SOL,transport,BNI,debit
PEMBAYARAN RAWAT APOTEK GUARDIAN,kesehatan,Mandiri,debit
E-BANKING DB GOPAY 3225610652,topup_ewallet,GoPay,ewallet
DB SHOPEEFOOD ORDER,makanan,BRI,debit
DB HALODOC,kesehatan,Permata,debit
TRANSFER KE GOPAY 3934238509,topup_ewallet,GoPay,ewallet
DEBIT EDC NOTARIS PPAT TNG,lainnya,CIMB,debit
db tiktok shop belanja,belanja,BRI,debit
IPY GRAMEDIA BOOKSTORE,pendidikan,Mandiri,debit
TRSF E-BANKING DB TAGIHAN KARTU KREDIT BCA,tagihan,Permata,debit
KIRIM KONDANGAN SA,transfer_sosial,Danamon,transfer
DEBIT EDC THE BODY SHOP MDN,belanja,BCA,debit
QRIS PMT LABORATORIUM PRAMITA MKS,kesehatan,BNI,debit
PRC ALFAMIDI MLG,belanja,Danamon,debit
DB EDC PARKIR KOTA,transport,Danamon,debit
TRF 419358 BSI,tidak_diketahui,BCA,transfer
IPY GRAB,transport,BCA,debit
TRF PATUNGAN HADI SUSANTO,transfer_sosial,BRI,transfer
IPY TRAVELOKA EATS,makanan,Mandiri,debit
DB EDC TRANS STUDIO BANDUNG,hiburan,BNI,debit
SWITCHING DB TAGIHAN GASPGN,tagihan,Danamon,debit
BYR TAGIHAN TAGIHAN BPJS KESEHATAN,tagihan,Danamon,debit
TIKTOK SHOP,belanja,BCA,debit
DB PLN TOKEN LISTRIK,tagihan,CIMB,debit
IPY SHOPEE,belanja,CIMB,debit
DEBIT EDC INDOMARET BDG,belanja,Permata,debit
DEBIT EDC HAPPY PUPPY KTV DPS,hiburan,BSI,debit
DEBIT EDC GOLD GYM SBY,hiburan,Permata,debit
DB TIKET.COM TIKET,transport,Danamon,debit
SA IB PRIMA Dr Trf GOPAY,topup_ewallet,GoPay,ewallet
QRIS PMT ALFAMIDI DPS,belanja,Mandiri,debit
TRANSFER KAS RT PUTRI MAHARANI,transfer_sosial,CIMB,transfer
TRANSFER ANTAR REK CIMB,transfer_internal,BNI,transfer
TRF ARISAN NANDA WIJAYA 690635,transfer_sosial,CIMB,transfer
PBK REK 7464337703 KE REK 2731233789,transfer_internal,BCA,transfer
IPY GOJEK,transport,BNI,debit
BIAYA BEROBAT RS SILOAM,kesehatan,BSI,debit
IPY GRABFOOD,makanan,BRI,debit
BELANJA SOCIOLLA DPS,belanja,BRI,debit
BIAYA HIDUP KELUARGA RATNA SARI,transfer_keluarga,BNI,transfer
TRSF E-BANKING DB BIAYA UJIAN NASIONAL,pendidikan,Mandiri,debit
TRANSFER KAS RT DINA FITRIANI,transfer_sosial,BNI,transfer
db edc nav karaoke,hiburan,Danamon,debit
TRANSFER  IURAN ARISAN CITRA DEWI,transfer_sosial,CIMB,transfer
QRIS PMT SPP SMA,pendidikan,BRI,debit
db edc uniqlo plb,belanja,BNI,debit
SWITCHING DB  TOL CRB,transport,Danamon,debit
DEBIT EDC BIOSKOP XXI LPG,hiburan,CIMB,debit
PEMBELIAN E-MONEY OVO,topup_ewallet,OVO,ewallet
TRSF E-BANKING DB TRAVELOKA,transport,BNI,debit
SA IB PRIMA Dr Trf 1392575549 YANTI PERMATA,transfer_keluarga,BCA,transfer
SERVICE AC 28962414,lainnya,BCA,debit
SA IB PRIMA Dr Trf  1512291604,tidak_diketahui,BCA,transfer
QRIS PMT HAPPY PUPPY KTV BGR,hiburan,BCA,debit
TRF ARISAN GUNAWAN WIBOWO 913942,transfer_sosial,Mandiri,transfer
switching db tol yk,transport,BSI,debit
DB KAI ACCESS RIDE,transport,Permata,debit
DB FLAZZ TOPUP,transport,Permata,debit
bayar klinik apotek 24 jam bgr,kesehatan,Danamon,debit
PEMBAYARAN TRAVELOKA EATS,makanan,Danamon,debit
APY BIZNET HOME 170527,tagihan,BCA,debit
NP SALON SBY,lainnya,BRI,debit
TRSF E-BANKING DB GARENA TOP UP,hiburan,Permata,debit
TRSF E-BANKING DB 9973041622,tidak_diketahui,BRI,transfer
INFAQ JUMAT 847620,transfer_sosial,Mandiri,transfer
DB EDC MINISO SOL,belanja,BNI,debit
EDC TOGA MAS SOL,pendidikan,BNI,debit
TRANSFER ANTAR REK Danamon,transfer_internal,DANA,ewallet
DEBIT EDC SPP SMP SMG,pendidikan,BCA,debit
TRSF E-BANKING DB TIKET.COM,transport,Mandiri,debit
IPY TRAVELOKA EATS,makanan,Permata,debit
SWITCHING DB BRI 4740715721 LESTARI NINGRUM,transfer_keluarga,BNI,transfer
QRIS PMT APOTEK  GUARDIAN PBR,kesehatan,Mandiri,debit
DB EDC MRT JAKARTA,transport,BRI,debit
BYR VIA M-BANKING FIRSTMEDIA 250,tagihan,Danamon,debit
APY TRANSJAKARTA,transport,BCA,debit
DB TIKET.COM TIKET,transport,Danamon,debit
TRSF E-BANKING DB GOJEK,transport,Danamon,debit
PYMNT GRABFOOD,makanan,Permata,debit
PYMNT TRAVELOKA,transport,Danamon,debit
APY MRT JAKARTA,transport,BCA,debit
db top up ewallet linkaja,topup_ewallet,LinkAja,ewallet
TRSF E-BANKING DB TOGA MAS,pendidikan,BNI,debit
VIS ADIDAS STORE 892,belanja,Mandiri,debit
KIRIM NAFKAH ENDAH PU,transfer_keluarga,BRI,transfer
PEMBAYARAN RAWAT RS SILOAM,kesehatan,BNI,debit
TRSF E-BANKING DB BPJSTK,tagihan,Permata,debit
PEMBAYARAN TRAVELOKA EATS,makanan,CIMB,debit
pymnt cicilan fif motor 458023135781,tagihan,BNI,debit
VIS CONVERSE STORE,belanja,Mandiri,debit
QRIS  PMT IBOX APPLE LPG,belanja,Danamon,debit
PMT BIMBEL ONLINE,pendidikan,CIMB,debit
TRSF E-BANKING DB REK SENDIRI 4607810735,transfer_internal,BSI,transfer
IPY BIAYA KULIAH SWASTA,pendidikan,CIMB,debit
BAYAR TAGIHAN TAGIHAN KARTU KREDIT MANDIRI,tagihan,BNI,debit
PATUNGAN ULANG TAHUN KURNIA SARI,transfer_sosial,Danamon,transfer
BAYAR KLINIK LABORATORIUM CITO PLB,kesehatan,Mandiri,debit
IPY MAXIM,transport,Danamon,debit
DEBIT EDC PARKIR BPN,lainnya,Danamon,debit
KIRIM KONDANGAN HENDRA GUNAWAN,transfer_sosial,Mandiri,transfer
DB EDC KLINIK PRATAMA,kesehatan,BRI,debit
IPY BIAYA WISUDA,pendidikan,Permata,debit
QRIS PMT KURSUS KOMPUTER,pendidikan,CIMB,debit
TRSF E-BANKING DB GOPAY 8757178686,topup_ewallet,GoPay,ewallet
PYMNT PDAM KOTA 2645235053,tagihan,BRI,debit
BIAYA HIDUP KELUARGA KURNIA SARI 966,transfer_keluarga,CIMB,transfer
IPY SPP UNIVERSITAS,pendidikan,Mandiri,debit
DEBIT EDC SPP UNIVERSITAS BDG,pendidikan,Danamon,debit
TRSF E-BANKING DB KAI ACCESS,transport,Permata,debit
QRIS PMT MRT JAKARTA YK,transport,Danamon,debit
TRSF E-BANKING DB GOFOOD,makanan,Permata,debit
DEBIT EDC AMAZONE PLB,hiburan,BCA,debit
TRSF E-BANKING DB UKT SEMESTER GANJIL,pendidikan,Mandiri,debit
PRC OPTIK SEIS DPS,belanja,CIMB,debit
TRSF E-BANKING DB TIKTOK SHOP,belanja,BRI,debit
BYR BIMBEL PRIMAGAMA 013600,pendidikan,Mandiri,debit
TOPUP SHOPEEPAY 5415274254,topup_ewallet,ShopeePay,ewallet
RETAIL ALFAMIDI SBY,belanja,BNI,debit
IPY SPP UNIVERSITAS,pendidikan,BSI,debit
DB EDC HAPPY PUPPY KTV,hiburan,BSI,debit
BIAYA HIDUP KELUARGA BUDI SANTOSO,transfer_keluarga,CIMB,transfer
IPY UKT SEMESTER GANJIL,pendidikan,Danamon,debit
VIS DOMINO'S PIZZA YK,makanan,Mandiri,debit
DB MAXIM TIKET,transport,Danamon,debit
DB ZALORABELANJA,belanja,BNI,debit
DEBIT EDC LAWSON SMG,belanja,Permata,debit
IURAN ARISAN BULANAN ZAHRA NURLAILA,transfer_sosial,BRI,transfer
KONDANGAN PERNIKAHAN EKO,transfer_sosial,BRI,transfer
QRIS PMT BIOSKOP XXI PBR,hiburan,CIMB,debit
TRSF E-BANKING DB BIMBEL GANESHA OPERATION,pendidikan,BCA,debit
VIS TRANSMART,belanja,Mandiri,debit
PRC ES TEH INDONESIA PBR,makanan,Permata,debit
NP  EXPRESS TAXI MLG,transport,BRI,debit
BYR TAGIHAN XL PRABAYAR,tagihan,BCA,debit
QRIS PMT PARKIR BKS,transport,Permata,debit
PYMNT UDEMY LEARNING,pendidikan,Danamon,debit
DB EDC WATERBOM,hiburan,BCA,debit
IPY 3 INDONESIA 050336302824,tagihan,BCA,debit
ipy pdam tirta bhagasasi 157425,tagihan,BCA,debit
SWITCHING DB BNI 8793793185 HADI SUSANTO,transfer_sosial,Mandiri,transfer
TRSF E-BANKING DB DONASI PMI,lainnya,BSI,debit
PEMBAYARAN RAWAT RS HERMINA,kesehatan,Danamon,debit
TRSF E-BANKING DB VIDIO PREMIER,hiburan,BCA,debit
PYMNT KAI ACCESS,transport,Mandiri,debit
KIRIMAN BULANAN SUAMI LINA MARLINA,transfer_keluarga,CIMB,transfer
BELANJA CONVERSE STORE DPK,belanja,Danamon,debit
PYMNT LINKEDIN LEARNING,pendidikan,Danamon,debit
OVERBOOKING Danamon INTERNAL,transfer_internal,DANA,ewallet
DB BURGER KING MDN,makanan,BSI,debit
TRSF E-BANKING DB IURAN BULANAN RT 524,tagihan,Permata,debit
VIS WATSONS,belanja,Mandiri,debit
TRSF E-BANKING DB UANG PANGKAL SEKOLAH,pendidikan,Danamon,debit
PATUNGAN ULANG TAHUN ENDAH PURWANTI,transfer_sosial,BCA,transfer
BELANJA ZARA MKS,belanja,BNI,debit
SWITCHING DB SPOTIFY PREMIUM,hiburan,CIMB,debit
QRIS PMT PARKIR JKT,transport,BNI,debit
TRSF E-BANKING DB ORAMI,belanja,BCA,debit
PYMNT BPJS KESEHATAN 5681218851,tagihan,BNI,debit
BYR PGN GAS RUMAH 249369,tagihan,BCA,debit
TRSF E-BANKING DB GOPAY 447860,topup_ewallet,GoPay,ewallet
DB EDC AMAZONE,hiburan,Permata,debit
BYR BIAYA UJIAN NASIONAL 20212056,pendidikan,BRI,debit
QRIS PMT BIMBEL GANESHA OPERATION,pendidikan,BCA,debit
QRIS PMT HAPPY PUPPY KTV MKS,hiburan,CIMB,debit
DEBIT EDC UKT SEMESTER GENAP PBR,pendidikan,BRI,debit
IPY LAZADA,belanja,Danamon,debit
DB RUANGGURU,pendidikan,CIMB,debit
SWITCHING DBTOL SOL,transport,Danamon,debit
DB LAUNDRY,lainnya,BRI,debit
NP DONASI PMI DPK 794,lainnya,BRI,debit
PYMNT GOOGLE PLAY GAMES,hiburan,Danamon,debit
TRANSFER 3213282830,tidak_diketahui,Danamon,transfer
IPY BUKALAPAK,belanja,Permata,debit
MAKAN WINGSTOP YK,makanan,BSI,debit
PEMBAYARAN RAWAT RS MEDISTRA,kesehatan,Mandiri,debit
QRIS PMT PARKIR TNG,lainnya,BCA,debit
PBK REK 8481329050 KE REK 1195360559,transfer_internal,CIMB,transfer
BYR SPP SEKOLAH DASAR 249377,pendidikan,Mandiri,debit
DEBIT EDC RS PONDOK INDAH SMG,kesehatan,Mandiri,debit
PYMNT GRABHEALTH,kesehatan,Mandiri,debit
BYR PLN PASCABAYAR 3913976788,tagihan,BCA,debit
DEBIT EDC MCDONALD'S PLB,makanan,BNI,debit
PRC SUPERINDO BGR,belanja,Permata,debit
QRIS PMT SHELL SPBU MDN,transport,BNI,debit
TRSF NAFKAH ARIF HIDAYATULLAH BULANAN,transfer_keluarga,BNI,transfer
BYR TAGIHAN TRI HUTCHISON,tagihan,BSI,debit
TRANSFER KE UTAMI DEWI NAFKAH BULANAN,transfer_keluarga,CIMB,transfer
PEMBAYARAN RAWAT OPTIK MELAWAI,kesehatan,BRI,debit
RETAIL URBAN REPUBLIC TNG,belanja,Mandiri,debit
DEBIT EDC BIOSKOP XXI JKT,hiburan,BSI,debit
EDC EXPRESS TAXI PLB,transport,BCA,debit
PRC ALFAMART MKS,belanja,Danamon,debit
PYMNT GOFOOD,makanan,Mandiri,debit
PRC WATSONS MLG,belanja,CIMB,debit
TRSF E-BANKING DB CODASHOP,hiburan,BSI,debit
DEBIT EDC  BIMBEL ONLINE SBY,pendidikan,BCA,debit
DEBIT EDC SALON DPK,lainnya,BSI,debit
PEMBAYARAN CBN FIBER 8220556212,tagihan,BRI,debit
QRIS PMT MRT JAKARTA YK,transport,BCA,debit
PEMBELIAN E-MONEY OVO,topup_ewallet,OVO,ewallet
BELANJA TRANSMART BKS,belanja,CIMB,debit
PEMBAYARAN RAWAT FISIOTERAPI KLINIK,kesehatan,BSI,debit
TRSF E-BANKING DB SHOPEE,belanja,CIMB,debit
db richeese factory sol,makanan,Permata,debit
IPY MAXIM,transport,BRI,debit
DEBIT EDC GEPREK BENSU DPK,makanan,BRI,debit
NP DUFAN MLG,hiburan,BRI,debit
QRIS PMT CELEBRITY FITNESS BPN,hiburan,BSI,debit
RAWAT APOTEK KIMIA FARMA,kesehatan,BCA,debit
QRIS PMT SEDEKAH SOL,lainnya,BSI,debit
PYMNT GOFOOD,makanan,BRI,debit
DEBIT EDC SAMSUNG STORE PBR,belanja,BCA,debit
NP BAKSO BOEDJANGAN CRB,makanan,BRI,debit
IPY GRABFOOD,makanan,Permata,debit
DB ORAMI PAYMENT,belanja,BRI,debit
DB COURSERA,pendidikan,CIMB,debit
PEMBAYARAN RAWAT LABORATORIUM PRODIA,kesehatan,BNI,debit
DEBIT EDC KLINIK ESTETIKA MDN,kesehatan,BNI,debit
BYR VIA M-BANKING AXIS,tagihan,CIMB,debit
BELANJA ADIDAS STORE BPN,belanja,BRI,debit
DB GRAB RIDE,transport,Mandiri,debit
DB GOFOOD ORDER,makanan,Mandiri,debit
TRSF E-BANKING DB BIMBEL NEUTRON,pendidikan,Danamon,debit
RESTO WARUNG KOPI MDN,makanan,BSI,debit
TRANSFER KAS RT OLIVIA SINAGA,transfer_sosial,BNI,transfer
QRIS PMT NEW ERA BTM,belanja,Permata,debit
TRSF DB KIRIMAN KELUARGA LESTARI NINGRUM,transfer_keluarga,BRI,transfer
RETAIL H&M SBY,belanja,BSI,debit
DB EDC BEBEK GORENG HARISSA BDG,makanan,BSI,debit
PBK REK 4348812788 KE  REK 0256896302,transfer_internal,BSI,transfer
QRIS PMT NEW ERA BPN,belanja,BSI,debit
KONSULTASI GOOD DOCTOR,kesehatan,CIMB,debit
TRF 2541788718 Mandiri,tidak_diketahui,Permata,transfer
TRF IURAN MUSHOLA RATNA SARI,transfer_sosial,CIMB,transfer
TRANSFER IURAN ARISAN KARTINI SARI,transfer_sosial,Danamon,transfer
QRIS PMT TOGA MAS,pendidikan,BSI,debit
SWITCHING DB Mandiri 1511665026 CITRA DEWI,transfer_sosial,CIMB,transfer
DB KLIKDOKTER,kesehatan,Permata,debit
DB DUOLINGO PLUS,pendidikan,Mandiri,debit
DB EDC RS SILOAM,kesehatan,BSI,debit
BAYAR TAGIHAN PGN GAS RUMAH,tagihan,Permata,debit
KIRIM KONDANGAN MULYADI,transfer_sosial,BRI,transfer
PYMNT TRAVELOKA EATS,makanan,CIMB,debit
PEMBAYARAN TIKTOK SHOP ORDER,belanja,BNI,debit
TRSF E-BANKING DB DONASI PMI,lainnya,BCA,debit
DEBIT EDC SALON PBR,lainnya,BCA,debit
QRIS PMT FOTOKOPI PRINT YK,lainnya,BSI,debit
DEBIT EDC ZAKAT INFAQ BDG,lainnya,BRI,debit
DB SERVICE AC,lainnya,BRI,debit
TRANSFER KE ZAHRA NURLAILA NAFKAH BULANAN,transfer_keluarga,BRI,transfer
TRF KE DANA 0339929324,topup_ewallet,DANA,ewallet
DEBIT EDC  SOLARIA PBR,makanan,Permata,debit
DB UDEMY LEARNING,pendidikan,BNI,debit
IPY ZENIUS EDUCATION,pendidikan,BCA,debit
PEMBAYARAN PLN PRABAYAR 934312208193,tagihan,BNI,debit
NP CINEPOLIS SOL,hiburan,BRI,debit
TRSF E-BANKING DB ZALORA,belanja,BNI,debit
KIRIM KE ADIK EKO PRASETYO 6085278967,transfer_keluarga,BNI,transfer
BAYAR TAGIHAN TELKOMSEL KARTU AS,tagihan,BNI,debit
qris pmt optik melawai plb,kesehatan,BRI,debit
BYR TAGIHAN XL PRABAYAR,tagihan,Permata,debit
DB EDC RAMAYANA BKS,belanja,BNI,debit
TRSF DB SUMBANGAN UTAMI DEWI,transfer_sosial,Danamon,transfer
DB APPLE MUSIC,hiburan,BRI,debit
TRSF E-BANKING DB GRABFOOD,makanan,BRI,debit
QRIS PMT DUFAN CRB,hiburan,BRI,debit
BELANJA IBOX APPLE SBY,belanja,Mandiri,debit
BIAYA BEROBAT KLINIK ESTETIKA,kesehatan,BNI,debit
DB BARBERSHOP,lainnya,Permata,debit
DB TIKTOK SHOP BELANJA,belanja,Permata,debit
FOOD FORE COFFEE PLB,makanan,BNI,debit
PYMNT TRAVELOKAEATS,makanan,Danamon,debit
DB GOFOOD ORDER,makanan,Danamon,debit
DONASI GUNAWAN WIBOWO 964617,transfer_sosial,Danamon,transfer
BYR TAGIHAN INDOSAT OOREDOO,tagihan,BSI,debit
KIRIM KE ADIK PANDU ADITYA 8276915997,transfer_keluarga,Permata,transfer
TRF ORANG TUA LINA MARLINA 9697936860,transfer_keluarga,BSI,transfer
VIS MATAHARI DEPT STORE,belanja,Mandiri,debit
PYMNT TIKTOK SHOP,belanja,BSI,debit
TOP UP LINKAJA 448885,topup_ewallet,LinkAja,ewallet
RESTO HOKBEN BKS,makanan,BSI,debit
KIRIM KE ADIKPUTRI MAHARANI 6301763816,transfer_keluarga,Mandiri,transfer
TRSF E-BANKING DB GRAMEDIA BOOKSTORE,pendidikan,BRI,debit
SWITCHING  DB APPLE STORE,hiburan,Mandiri,debit
DEBIT EDC BIOSKOP CGV PLB,hiburan,BNI,debit
DB KOPI KENANGAN SBY,makanan,CIMB,debit
BYR PET SHOP 4422,lainnya,CIMB,debit
VIS ALFAMART,belanja,Mandiri,debit
NP TIMEZONE BPN,hiburan,BRI,debit
IPY GOFOOD,makanan,Mandiri,debit
TRANSFER IURAN ARISAN MULYADI,transfer_sosial,BCA,transfer
OVERBOOKING BCA INTERNAL,transfer_internal,CIMB,transfer
IPY SHOPEEFOOD,makanan,BRI,debit
db shopeefood order,makanan,BCA,debit
PEMBAYARAN QRIS WARTEG BAHARI,makanan,Permata,debit
IPY ZALORA,belanja,BSI,debit
PATUNGAN KADO GUNAWAN WIBOWO,transfer_sosial,Mandiri,transfer
DB EDCBIOSKOP CGV,hiburan,Permata,debit
BYR VIA M-BANKING TAGIHAN KARTU KREDIT BCA,tagihan,Permata,debit
NP PARKIR DPK,lainnya,BRI,debit
KONDANGAN PERNIKAHAN AHMAD FAUZI,transfer_sosial,CIMB,transfer
BAYAR KLINIK RS MEDISTRA BDG,kesehatan,BSI,debit
TRSF E-BANKING DB GOJEK,transport,Mandiri,debit
SWITCHING DB Danamon 6586951550 PUTRI MAHARANI,transfer_sosial,DANA,ewallet
QRIS PMT COTTON INK SBY,belanja,BCA,debit
TRF 0863449854 BSI,tidak_diketahui,Mandiri,transfer
NP LAUNDRY SBY,lainnya,BRI,debit
KIRIMAN AYAH JOKO WIDODO,transfer_keluarga,CIMB,transfer
DB GRABFOOD FOOD,makanan,Mandiri,debit
BAYAR KLINIK FISIOTERAPI KLINIK SMG,kesehatan,Permata,debit
TRSF E-BANKING DB SPP SMA,pendidikan,Mandiri,debit
DB E-TOLL MLG,transport,BNI,debit
DB EDC PUSKESMAS,kesehatan,CIMB,debit
IPY BIMBEL ONLINE,pendidikan,BNI,debit
DB BUKALAPAK BELANJA,belanja,BRI,debit
TOP UP LINKAJA 90264409,topup_ewallet,LinkAja,ewallet
TRSF E-BANKING DB GOOD DOCTOR,kesehatan,Permata,debit
TRANSFER KAS RT ZAHRA NURLAILA,transfer_sosial,Danamon,transfer
DB BUKALAPAK BELANJA,belanja,BRI,debit
BYR UKT SEMESTER GANJIL 931991,pendidikan,Permata,debit
DB ORAMI BELANJA,belanja,BRI,debit
NP APOTEK GUARDIAN SOL,kesehatan,BRI,debit
MATAHARI DEPT STORE PBR,belanja,Mandiri,debit
PATUNGAN KADO VINA OKTAVIA,transfer_sosial,CIMB,transfer
VIS KOPI KENANGAN PLB,makanan,Mandiri,debit
FLAZZ TOPUP,transport,BRI,debit
PATUNGAN KADO TONO HARTONO,transfer_sosial,Danamon,transfer
DB SEHATQ,kesehatan,Mandiri,debit
TRANSFER 14525561,tidak_diketahui,BCA,transfer
PYMNT ORAMI,belanja,BSI,debit
TRF IURAN MUSHOLA FITRI HANDAYANI,transfer_sosial,BNI,transfer
DEBIT EDC TIMEZONE LPG,hiburan,BNI,debit
DB MAXIM TIKET,transport,CIMB,debit
PEMBAYARAN QRIS BAKSO BOEDJANGAN,makanan,CIMB,debit
DB AYAM GEPREK BENSU BTM,makanan,BNI,debit
TRSF E-BANKING DB DISNEY+ HOTSTAR,hiburan,CIMB,debit
AUTODEBET TAGIHAN LISTRIK PLN,tagihan,CIMB,debit
NP BUBUR AYAM SBY,makanan,BRI,debit
QRIS PMT BIAYA KULIAH SWASTA,pendidikan,CIMB,debit
BYR SPP SMA 769314234363,pendidikan,Mandiri,debit
QRIS PMT KFC BGR,makanan,Danamon,debit
SWITCHING DB Mandiri 7771281767 DEWI LESTARI,transfer_sosial,BCA,transfer
PEMBAYARAN SHOPEEFOOD,makanan,Permata,debit
TRF ARISAN QORI AMALI,transfer_sosial,BCA,transfer
DB TAGIHAN INTERNET INDIHOME,tagihan,BSI,debit
TRSF E-BANKING DB 8142052823 LESTARI NINGRUM RUTIN,transfer_keluarga,Mandiri,transfer
PYMNT HALODOC,kesehatan,BCA,debit
MAKAN GEPREK BENSU DPK,makanan,Mandiri,debit
TRSF E-BANKING DB 2786931703,tidak_diketahui,Danamon,transfer
DEBIT EDC RS PREMIER JATINEGARA BTM,kesehatan,BSI,debit
QRIS PMT APOTEK CENTURY MLG,kesehatan,Danamon,debit
PRC ZARA BTM,belanja,Mandiri,debit
PRC BAKSO MALANG DPK,makanan,CIMB,debit
NP KLINIK GIGI LPG,kesehatan,BRI,debit
DB CBN FIBER,tagihan,BRI,debit
DEBIT EDC EXPRESS TAXI MKS,transport,BCA,debit
APY BP SPBU,transport,BCA,debit
trf rutin bulanan kurnia sari 8476369325,transfer_keluarga,Mandiri,transfer
db laundry,lainnya,Mandiri,debit
IURAN ARISAN BULANAN FITRI HANDAYANI,transfer_sosial,Permata,transfer
BYR TAGIHAN XL AXIATA,tagihan,BRI,debit
DEBIT EDC ASURANSI JIWA CRB,lainnya,CIMB,debit
PEMBAYARAN XL AXIATA 237646965327,tagihan,BCA,debit
QRIS PMT PET SHOP YK,lainnya,Permata,debit
PEMBAYARAN TRI HUTCHISON 1409914308,tagihan,Permata,debit
NP YAMAHA SERVICE JKT,transport,BRI,debit
TRSF E-BANKING DB KURSUS BAHASA EF ENGLISH 379,pendidikan,BNI,debit
PEMBAYARAN XL AXIATA 22054093,tagihan,BCA,debit
DB SKILLACADEMY,pendidikan,CIMB,debit
FOOD MAXX COFFEE PBR,makanan,Mandiri,debit
TRSF E-BANKING DB PDAM TIRTA BHAGASASI,tagihan,Danamon,debit
PYMNT BLIBLI,belanja,BNI,debit
PEMBELIAN E-MONEY GOPAY,topup_ewallet,GoPay,ewallet
TRF PATUNGAN DEWI LESTARI,transfer_sosial,BRI,transfer
TRSF E-BANKING DB GOPAY 575012,topup_ewallet,GoPay,ewallet
TRSF E-BANKING DB TRAVELOKA EATS,makanan,Permata,debit
DEBIT EDC SPP SMP BDG,pendidikan,BNI,debit
DEBIT EDC APOTEK KIMIA FARMA CRB,kesehatan,BRI,debit
IPY GRABFOOD,makanan,BCA,debit
DB BUKALAPAK BELANJA,belanja,Danamon,debit
IPY KURSUS MUSIK YAMAHA,pendidikan,CIMB,debit
DB RUANGGURU,pendidikan,Permata,debit
ipy kursus komputer,pendidikan,BNI,debit
KIRIM NAFKAH OKI  PRATAMA,transfer_keluarga,Mandiri,transfer
KIRIM NAFKAH OKI PRATAMA,transfer_keluarga,Permata,transfer
PEMBAYARAN RAWAT RS PONDOK INDAH,kesehatan,BNI,debit
TRSF E-BANKING DB LAUNDRY,lainnya,BNI,debit
UDEMY LEARNING,pendidikan,BRI,debit
DB EDC MINISO MKS,belanja,Permata,debit
DB SHOPEEFOOD ORDER,makanan,CIMB,debit
DB MIE RAMENPBR,makanan,BCA,debit
DONASI SOSIAL VERA ANGGRAINI,transfer_sosial,Permata,transfer
TRANSFER 2357827756,tidak_diketahui,BCA,transfer
RANCH MARKET TNG,belanja,BSI,debit
TRSF E-BANKING DB SHOPEEFOOD,makanan,BSI,debit
SWITCHING DB IURAN BULANAN RT,tagihan,BRI,debit
SWITCHING DB TOPUP OVO,topup_ewallet,OVO,ewallet
TRSF E-BANKING DB COURSERA,pendidikan,BSI,debit
PRC MINISO DPK,belanja,BRI,debit
TRSF E-BANKING DB GRAMEDIA BOOKSTORE,pendidikan,BSI,debit
PEMBAYARAN RAWAT OPTIK SEIS,kesehatan,Permata,debit
NP SUPERINDO BTM,belanja,BRI,debit
DB TIKTOK COINS,hiburan,BCA,debit
DB SERVICE AC,lainnya,BSI,debit
NP ANYTIME FITNESS BPN,hiburan,BRI,debit
APY BPJS KETENAGAKERJAAN 005859,tagihan,BCA,debit
PRC J.CO DONUTS YK,makanan,CIMB,debit
KIRIM UANG ISTRI QORI AMALIA,transfer_keluarga,Mandiri,transfer
QRIS PMT OPTIK MELAWAI CRB,kesehatan,CIMB,debit
TOP UP LINKAJA 28168160,topup_ewallet,LinkAja,ewallet
PYMNT APPLE STORE,hiburan,Danamon,debit
TRF ORANG TUA FITRI HANDAYANI 2619949552,transfer_keluarga,BNI,transfer
NP DUFAN SMG,hiburan,BRI,debit
DB TRF 0572592926,tidak_diketahui,BNI,transfer
TRSF E-BANKING DB UANG PANGKAL SEKOLAH,pendidikan,BCA,debit
KIRIMAN IBU AHMAD FAUZI 6419091286,transfer_keluarga,Danamon,transfer
PEMBAYARAN GRABFOOD,makanan,BNI,debit
QRIS PMT ANYTIME FITNESS JKT,hiburan,CIMB,debit
ipy orami,belanja,Permata,debit
PEMBAYARAN TIKTOK SHOP ORDER,belanja,BRI,debit
TRSF E-BANKINGDB SHOPEEFOOD,makanan,BSI,debit
DEBIT EDC WATSONS SMG,belanja,Mandiri,debit
TRF 986687 Mandiri,tidak_diketahui,BNI,transfer
FOOD MIE AYAM JAKARTA MDN,makanan,BRI,debit
TRF BULANAN KE FAJAR SIDIQ,transfer_keluarga,Permata,transfer
PEMBAYARAN GOFOOD,makanan,CIMB,debit
IPY GRABFOOD,makanan,Danamon,debit
TRF ARISAN UMI KALSUM 722783,transfer_sosial,BRI,transfer
PRC SOLARIA PLB,makanan,Mandiri,debit
TRSF E-BANKING DB LAZADA,belanja,CIMB,debit
TOP UP OVO VIA CIMB,topup_ewallet,OVO,ewallet
QRIS PMT APOTEK K24 YK,kesehatan,Mandiri,debit
KONDANGAN PERNIKAHAN EKO PRASETYO,transfer_sosial,Danamon,transfer
NP SPORT STATION YK,belanja,BRI,debit
SA IB PRIMA Dr Trf REK SENDIRI,transfer_internal,BCA,transfer
PRC NIKE STORE DPK,belanja,Danamon,debit
DB EDC CONVERSE STORE BKS,belanja,CIMB,debit
PEMBAYARAN PLN TOKEN LISTRIK 6884431294,tagihan,BRI,debit
DB TIKTOK SHOP PAYMENT,belanja,Danamon,debit
APY EXPRESS TAXI,transport,BCA,debit
PYMNT SPOTIFY PREMIUM,hiburan,BCA,debit
BELANJA PLANET SPORT SMG,belanja,BRI,debit
DB KLIKDOKTER,kesehatan,BCA,debit
BIAYA BEROBAT APOTEK KIMIA  FARMA,kesehatan,Mandiri,debit
PEMBAYARAN CICILAN KPR BTN 6268195969,tagihan,BSI,debit
BIAYA HIDUP KELUARGA KURNIA SARI,transfer_keluarga,CIMB,transfer
TRSF E-BANKING DB GOODDOCTOR,kesehatan,BRI,debit
TRSF E-BANKING DB SHOPEEFOOD,makanan,BNI,debit
DB ZALORA PAYMENT,belanja,CIMB,debit
DB SHOPEE PAYMENT,belanja,BRI,debit
NP RS SILOAM TNG,kesehatan,BRI,debit
DB TOP UP EWALLET ShopeePay,topup_ewallet,ShopeePay,ewallet
TRANSFER IURAN ARISAN JOKO WIDODO,transfer_sosial,BCA,transfer
SWITCHING DB TOL MDN,transport,BCA,debit
ipy gofood,makanan,Mandiri,debit
BIAYA BEROBAT OPTIK MELA,kesehatan,CIMB,debit
SA IB PRIMA Dr Trf 8866188050 VINA OKT,transfer_keluarga,BCA,transfer
DB UNIPIN,hiburan,Permata,debit
NP DUFAN SBY,hiburan,BRI,debit
DB INDIHOME TELKOM,tagihan,BNI,debit
QRIS PMT BARBERSHOP JKT,lainnya,CIMB,debit
VIS SPORT STATION,belanja,Mandiri,debit
PEMBAYARAN QRIS PEPPER LUNCH,makanan,BSI,debit
IPY CODASHOP,hiburan,Mandiri,debit
TOPUP SHOPEEPAY 85102080,topup_ewallet,ShopeePay,ewallet
BIAYA HIDUP KELUARGA JULIANA PUTRI,transfer_keluarga,CIMB,transfer
PYMNT LINKEDIN LEARNING 497,pendidikan,Danamon,debit
BYR VIA M-BANKING SMARTFREN,tagihan,Danamon,debit
SWITCHING DB TOL PLB,transport,Permata,debit
DB CODASHOP,hiburan,CIMB,debit
DB KAI ACCESS TIKET,transport,CIMB,debit
NP MINISO MKS,belanja,BRI,debit
DEBIT EDC CINEPOLIS BDG,hiburan,Mandiri,debit
PEMBELIAN E-MONEY  LinkAja,topup_ewallet,LinkAja,ewallet
PEMBAYARAN GRABFOOD,makanan,BCA,debit
DB TIKET.COM TIKET,transport,Danamon,debit
BAYAR KLINIK LABORATORIUM PRODIA MKS,kesehatan,BCA,debit
DEBIT EDC AHASS HONDA PBR,transport,Danamon,debit
trsf e-banking db biaya ujian nasional,pendidikan,BSI,debit
BELANJA HYPERMART PBR,belanja,BRI,debit
DB GRABFOOD FOOD,makanan,BRI,debit
DB EDC ALFAMART DPS,belanja,BNI,debit
FOOD RICHEESE FACTORY MKS,makanan,BRI,debit
TRSF DB KIRIMAN KELUARGA FITRI HANDAYANI,transfer_keluarga,Mandiri,transfer
PRC HYPERMART BGR,belanja,CIMB,debit
IPY PLN PREPAID 8193187492,tagihan,BRI,debit
QRIS PMT SALON BTM,lainnya,BCA,debit
IPY MOBILE LEGENDS,hiburan,BNI,debit
QRIS PMT NOTARIS PPAT CRB,lainnya,BRI,debit
DB TIKTOK SHOP PAYMENT,belanja,Mandiri,debit
IPY TAGIHAN LISTRIK PLN 8233913456,tagihan,CIMB,debit
DB EDC OPTIK MELAWAI,kesehatan,CIMB,debit
PYMNT TIKET.COM,transport,BSI,debit
PEMBAYARAN GRABFOOD,makanan,Mandiri,debit
NP RS PREMIER JATINEGARA MKS,kesehatan,BRI,debit
NP LABORATORIUM CITO BDG,kesehatan,BRI,debit
SWITCHING DB BNI 7079558542 TONO HARTONO,transfer_keluarga,Mandiri,transfer
BYR PERIPLUS BOOKSTORE 9936159590,pendidikan,CIMB,debit
TRSF E-BANKING DB  TELKOMSEL HALO,tagihan,BCA,debit
DB BUKALAPAK PAYMENT 216,belanja,BCA,debit
TRSF E-BANKING DB GOJEK,transport,Permata,debit
BELANJA ERIGO SOL,belanja,BCA,debit
DB BLIBLI BELANJA,belanja,CIMB,debit
DEBIT EDC BARBERSHOP PBR,lainnya,Mandiri,debit
PEMBAYARAN QRIS ES TEH  INDONESIA,makanan,Danamon,debit
QRIS PMT PARKIR KOTA TNG,transport,Permata,debit
BIAYA HIDUP KELUARGA NURI RAHAYU,transfer_keluarga,BSI,transfer
EDC SALON BKS,lainnya,Danamon,debit
TRSF E-BANKING DBSUNATAN,lainnya,BSI,debit
IPY TAGIHAN BPJS KESEHATAN 6791047505,tagihan,BSI,debit
TRANSFER KAS RT CAHYA PRATAMA,transfer_sosial,CIMB,transfer
BYR SPP SEKOLAH DASAR 765220,pendidikan,BCA,debit
BYR XL AXIATA 541234921606,tagihan,BRI,debit
TRF KE OKI PRATAMA PATUNGAN WISATA,transfer_sosial,BSI,transfer
IPY SPP SMP,pendidikan,CIMB,debit
DONASI SARI INDAH 512817,transfer_sosial,Permata,transfer
DB PDAM TIRTA JAYA,tagihan,CIMB,debit
QRIS PMT TRANS STUDIO BANDUNG JKT,hiburan,BNI,debit
DB EDC RUMAH MAKAN PA,makanan,Danamon,debit
AUTODEBET PDAM KOTA,tagihan,Danamon,debit
QRIS PMTKURSUS KOMPUTER,pendidikan,Danamon,debit
PEMBAYARAN GOFOOD,makanan,Mandiri,debit
TRANSFER KE FITRI HANDAYANI NAFKAH BULANAN,transfer_keluarga,Permata,transfer
DB EDC PECEL LELE LAMONGAN SMG,makanan,Danamon,debit
IPY BIMBEL GANESHA OPERATION,pendidikan,Mandiri,debit
DB SHOPEEFOOD ORD,makanan,BNI,debit
EDC TRANS STUDIO BANDUNG DPK,hiburan,Mandiri,debit
DB SHOPEEFOOD ORDER,makanan,BCA,debit
kirim kondangan zahra nurlaila,transfer_sosial,CIMB,transfer
PYMNT CODASHOP,hiburan,BRI,debit
NP INUL VIZTA MDN,hiburan,BRI,debit
PEMBAYARAN  TOKOPEDIA ORDER,belanja,Permata,debit
BYR KURSUS KOMPUTER 019906768909,pendidikan,BCA,debit
DB WINGSTOP MDN,makanan,Danamon,debit
DEBIT EDC KURSUS KOMPUTER DPS,pendidikan,Mandiri,debit
DB YOUTUBE PREMIUM,hiburan,BRI,debit
PEMBAYARAN RAWAT PUSKESMAS,kesehatan,Permata,debit
PBK KE TABUNGAN BRI,transfer_internal,BCA,transfer
DB INDOSATIM3,tagihan,BSI,debit
PYMNT SPOTIFY PREMI,hiburan,Permata,debit
QRIS PMT AQIQAH PBR,lainnya,BSI,debit
DONASI SOSIAL FITRI HANDAYANI,transfer_sosial,BRI,transfer
SWITCHING DB BRI 0362687342,tidak_diketahui,Mandiri,transfer
DEBIT EDC ANYTIME FITNESS SBY,hiburan,CIMB,debit
DEBIT EDC SPP SEKOLAH  DASAR BTM,pendidikan,Permata,debit
BIAYA HIDUP KELUARGA FAJAR SIDIQ,transfer_keluarga,BCA,transfer
TRF UANG JAJAN ANAK YANTI PERMATA,transfer_keluarga,BRI,transfer
TRF 2804254710 BSI,tidak_diketahui,BSI,transfer
IPY GRABFOOD,makanan,CIMB,debit
SA OB TABUNGAN BISNIS,transfer_internal,Mandiri,transfer
TRF IURAN RT OLIVIA SINAGA 2666557309,transfer_sosial,Danamon,transfer
TRANSFER ANAK KOS ZAHRA NURLAILA,transfer_keluarga,CIMB,transfer
DB TRF 4141329761,tidak_diketahui,BRI,transfer
NP OPTIK SEIS SMG,belanja,BRI,debit
BYR BIAYA WISUDA 138098306860,pendidikan,BNI,debit
trf iuran mushola qori amalia,transfer_sosial,Danamon,transfer
VIA M-BANKING BPJS KETENAGAKERJAAN,tagihan,BSI,debit
SWITCHING DB BRI 6146997549,tidak_diketahui,Danamon,transfer
DB EDC DAISO DPS,belanja,BRI,debit
trsf e-banking db gofood,makanan,BSI,debit
NP TRANSMART LPG,belanja,BRI,debit
DB TAGIHAN INTERNET INDIHOME,tagihan,Permata,debit
SA IB PRIMA Dr Trf 5175821280,tidak_diketahui,BCA,transfer
qris pmt salon btm,lainnya,BSI,debit
QRIS PMT SPP UNIVERSITAS,pendidikan,CIMB,debit
VIS SUPERINDO,belanja,Mandiri,debit
KIRIMAN IBU FAJAR SIDIQ 2412940327,transfer_keluarga,BCA,transfer
BAYAR KLINIK RS SILOAM PLB,kesehatan,Permata,debit
IPY HALODOC,kesehatan,Mandiri,debit
IPY RUANGGURU,pendidikan,Danamon,debit
NP WATERBOM SOL,hiburan,BRI,debit
DB ZALORABELANJA,belanja,Permata,debit
KONSULTASI KLIKDOKTER,kesehatan,CIMB,debit
NP TRANSJAKARTA MLG,transport,BRI,debit
BAYAR TAGIHAN MYREPUBLIC,tagihan,BCA,debit
PYMNT PDAM TIRTA BHAGASASI 37647776,tagihan,Permata,debit
TRANSFER IURAN ARISAN YANTI PERMATA,transfer_sosial,CIMB,transfer
TRSF DB KIRIMAN KELUARGA GILANG RAMADHAN,transfer_keluarga,BRI,transfer
trsf e-banking db kursus musik yamaha,pendidikan,Mandiri,debit
top up shopeepay via mandiri,topup_ewallet,ShopeePay,ewallet
PYMNT FIRSTMEDIA 578428,tagihan,BRI,debit
SUMBANGAN MASJID LINA MARLINA,transfer_sosial,BCA,transfer
PBK REK 6845550546 KE REK 4341550370,transfer_internal,Mandiri,transfer
QRIS PMT DUFAN YK,hiburan,CIMB,debit
BYR VIA M-BANKING TELKOMSEL KARTU AS,tagihan,CIMB,debit
BYR BIMBEL NEUTRON 638946119052,pendidikan,BCA,debit
PYMNT TOKOPEDIA 645,belanja,BCA,debit
DEBIT EDC URBAN REPUBLIC BKS,belanja,BSI,debit
DONASI SARI INDAH 520048,transfer_sosial,Mandiri,transfer
KIRIMAN BULANAN SUAMI KURNIA SARI 252,transfer_keluarga,Mandiri,transfer
DB EDC PIZZA HUT BGR,makanan,Danamon,debit
PYMNT IURAN IPL APARTEMEN 360799,tagihan,BSI,debit
KIRIM KONDANGAN SURYA DARMA,transfer_sosial,CIMB,transfer
TRSF DB KIRIMAN KELUARGA IRA YUNITA,transfer_keluarga,BSI,transfer
TRSF E-BANKING DB TRAVELOKA EATS,makanan,BRI,debit
SWITCHING DB BSI 8624890406,tidak_diketahui,Permata,transfer
PYMNT TIKET.COM,transport,CIMB,debit
BAYAR TAGIHANBPJSTK,tagihan,Danamon,debit
DB E-TOLL DPK,transport,Danamon,debit
IPY GOJEK,transport,BRI,debit
DONASI SOSIAL YANTI PERMATA,transfer_sosial,BRI,transfer
TRF RUTIN BULANAN JULIANA PUTRI 7593273161,transfer_keluarga,BCA,transfer
PEMBAYARAN RAWAT APOTEK 24 JAM,kesehatan,BNI,debit
IPY ZENIUS EDUCATION,pendidikan,BSI,debit
NP BIOSKOP XXI BDG,hiburan,BRI,debit
TRSF E-BANKING DB SPP SMP,pendidikan,Mandiri,debit
PEMBAYARAN RAWAT RS PREMIER JATINEGARA,kesehatan,Danamon,debit
DB FLAZZ TOPUP,transport,Mandiri,debit
sa ob ca tabungan ke deposito,transfer_internal,Mandiri,transfer
QRIS PMT KOPI KENANGAN PBR,makanan,CIMB,debit
TRANSJAKARTA BPN,transport,BCA,debit
APY INDOSAT OOREDOO 21723908,tagihan,BCA,debit
debit edc uang pangkal sekolah dps,pendidikan,Permata,debit
DB TRAVELOKA EATS FOOD,makanan,BSI,debit
DB EDC HAPPY PUPPY KTV,hiburan,Permata,debit
TRSF E-BANKING DB ZAKAT INFAQ,lainnya,BCA,debit
DEBIT EDC NOTARIS PPAT BDG,lainnya,BRI,debit
BYR VIA M-BANKING INDOSAT OOREDOO,tagihan,Permata,debit
DB EDC RS SILOAM,kesehatan,Danamon,debit
NP SALON SBY,lainnya,BRI,debit
NP PECEL LELE LAMONGAN BDG,makanan,BRI,debit
SWITCHING DB TOL SMG,transport,BNI,debit
IPY SPP  SEKOLAH DASAR,pendidikan,CIMB,debit
QRIS PMT BAKMI GM BGR,makanan,BRI,debit
QRIS PMT NAV KARAOKE BTM,hiburan,BRI,debit
QRIS PMT TRANS STUDIO BANDUNG SOL,hiburan,Permata,debit
PEMBAYARAN MYREPUBLIC 6968410501,tagihan,CIMB,debit
SWITCHING DB CIMB 7289169337 MEGA PUSPITA,transfer_keluarga,Permata,transfer
TRSF E-BANKING DB BIZNET HOME,tagihan,BRI,debit
DB EDC APOTEK GUARDIAN,kesehatan,CIMB,debit
BYR UKT SEMESTER  GENAP 552268771694,pendidikan,BCA,debit
TRSF E-BANKING DB UANG PANGKAL SEKOLAH,pendidikan,BCA,debit
AUTODEBET TAGIHAN KARTU KREDIT BCA,tagihan,Mandiri,debit
TRSF E-BANKING DB GOJEK,transport,Permata,debit
BYR SMARTFREN 9455060016,tagihan,BCA,debit
DB EDC AMAZONE,hiburan,Danamon,debit
IPY TIKTOK SHOP,belanja,BCA,debit
TRSF E-BANKING DB 1449842373,tidak_diketahui,BCA,transfer
BYR TAGIHAN PLN PRABAYAR,tagihan,Mandiri,debit
TRSF E-BANKING DB KURSUS LIA LANGUAGE,pendidikan,Mandiri,debit
SUMBANGAN MASJID  ZAHRA NURLAILA,transfer_sosial,Permata,transfer
TRF 9041605360 BCA,tidak_diketahui,BRI,transfer
QRIS PMT BIMBEL ONLINE,pendidikan,BRI,debit
TRF RUTIN BULANAN ZAKI ABDILLAH 4752948124,transfer_keluarga,BCA,transfer
QRIS PMT CINEPOLIS MLG,hiburan,BRI,debit
QRIS PMT GOLD GYM BTM,hiburan,BRI,debit
TRSF E-BANKING DB MOBILE LEGENDS,hiburan,Mandiri,debit
DEBIT EDC BIAYA WISUDA BGR,pendidikan,BNI,debit
NP GOLD GYM SOL,hiburan,BRI,debit
DB EDC WARUNG NASI GORENG MLG,makanan,BSI,debit
QRIS PMT J.CO DONUTS ,makanan,Danamon,debit
PEMBAYARAN ORAMI ORDER,belanja,BSI,debit
QRIS PMT RS MEDISTRA SOL,kesehatan,BRI,debit
BAYAR TAGIHAN PDAM TIRTA BHAGASASI,tagihan,Mandiri,debit
DB GRAB RIDE,transport,BNI,debit
SA IB PRIMA Dr Trf REK SENDIRI,transfer_internal,BCA,transfer
NP LABORATORIUM PRODIA BTM,kesehatan,BRI,debit
vis planet sport,belanja,Mandiri,debit
PEMBAYARAN FIRSTM,tagihan,Permata,debit
BYR KURSUS MUSIK YAMAHA 86516650,pendidikan,Mandiri,debit
TOPUP SHOPEEPAY 0515065773,topup_ewallet,ShopeePay,ewallet
DB EDC INULVIZTA,hiburan,BRI,debit
BYR FOTOKOPI PRINT 942679042666,lainnya,BNI,debit
DEBIT EDC CINEPOLIS DPK,hiburan,Permata,debit
PATUNGAN ULANG TAHUN PANDU ADITYA,transfer_sosial,BRI,transfer
KIRIMAN IBU SURYA DARMA 8854654128,transfer_keluarga,BRI,transfer
DB SEHATQ,kesehatan,BSI,debit
PYMNT TRAVELOKA,makanan,BCA,debit
TRSF E-BANKING DB 9165650842 KIRIMAN JOKO WIDODO,transfer_keluarga,BNI,transfer
DEBIT EDC NASI UDUK BETAWI BPN,makanan,BCA,debit
TRANSFER 8614953591,tidak_diketahui,Permata,transfer
KIRIMAN AYAH NURI RAHAYU,transfer_keluarga,BCA,transfer
PRC GULUGULU PBR,makanan,BRI,debit
APY PDAM TIRTA JAYA3404710104,tagihan,BCA,debit
KONDANGAN PERNIKAHAN INDRA KUSUMA,transfer_sosial,BNI,transfer
IPY UKT SEMESTER GENAP,pendidikan,Permata,debit
FOOD BURGER KIN,makanan,Mandiri,debit
DEBIT EDC PIZZA HUT SOL,makanan,Mandiri,debit
SWITCHING DB TOL JKT,transport,BSI,debit
DB EDC THE BODY SHOP YK,belanja,BRI,debit
VIS URBAN REPUBLIC,belanja,Mandiri,debit
VIS NIKE STORE,belanja,Mandiri,debit
SWITCHING DB CIMB 9984009894 GILANG RAMADHAN,transfer_keluarga,Mandiri,transfer
PEMBAYARAN GOFOOD,makanan,Permata,debit
BYR TAGIHAN TAGIHAN GAS PGN,tagihan,BSI,debit
NP APOTEK CENTURY MKS,kesehatan,BRI,debit
DB BIZNET HOME,tagihan,Danamon,debit
IPY SEHATQ,kesehatan,BRI,debit
PEMBAYARAN SHOPEEFOOD,makanan,Danamon,debit
DB EDC AHASS HONDA,transport,BCA,debit
RETAIL INDOMARET SBY,belanja,Mandiri,debit
TRSF E-BANKING DB TOKOPEDIA,belanja,BSI,debit
APY AXIS 7471262429,tagihan,BCA,debit
PEMBAYARAN RAWAT RS PONDOK INDAH,kesehatan,Mandiri,debit
IPY KAI ACCESS,transport,Permata,debit
PYMNT GRABHEALTH,kesehatan,BNI,debit
DB SMARTFREN,tagihan,CIMB,debit
IPY KAI ACCESS,transport,BNI,debit
BYR TAGIHAN BPJS KESEHATAN 705680826698,tagihan,BRI,debit
CICILAN ADIRA FINANCE,tagihan,Danamon,debit
DEBIT EDC RS PONDOK INDAH SOL,kesehatan,CIMB,debit
TRSF E-BANKING DB DUOLINGO PLUS,pendidikan,BRI,debit
DB GOFOOD ORDER,makanan,BSI,debit
TRSF E-BANKING DB YOUTUBE PREMIUM,hiburan,Mandiri,debit
PYMNT CICILAN ADIRA FINANCE 62784097,tagihan,Permata,debit
DEBIT EDC KURSUS KOMPUTER SOL,pendidikan,BCA,debit
DB FLAZZ TOPUP,transport,Danamon,debit
TRANSFER ANAK KOS SARI INDAH,transfer_keluarga,Mandiri,transfer
PYMNT UDEMY LEARNING,pendidikan,Danamon,debit
transfer 3284044996,tidak_diketahui,BSI,transfer
KIRIM UANG ISTRI QORI AMALIA,transfer_keluarga,Mandiri,transfer
SWITCHING DB INDOSAT OOREDOO,tagihan,BNI,debit
DEBIT EDC BIOSKOP XXI TNG,hiburan,CIMB,debit
KIRIM KE ADIK TIKA RAHMADHANI 0987687904,transfer_keluarga,BNI,transfer
PYMNT GOJEK,transport,Danamon,debit
DEBIT EDC SHELL SPBU SMG,transport,Mandiri,debit
BIAYA BEROBAT APOTEK GUARDIAN,kesehatan,Danamon,debit
IURAN ARISAN BULANANOLIVIA SINAGA,transfer_sosial,BRI,transfer
DEBIT EDC AHASS HONDA DPK,transport,CIMB,debit
DB TRAVELOKA TIKET,transport,BNI,debit
QRIS PMTPARKIR BKS,lainnya,Permata,debit
DUOLINGO PLUS,pendidikan,Permata,debit
NP INUL VIZTA MKS,hiburan,BRI,debit
QRIS PMT BIOSKOP XXI ,hiburan,Mandiri,debit
BYR INDOSAT OOREDOO 613808696635,tagihan,BSI,debit
NP FOTOKOPI PRINT TNG,lainnya,BRI,debit
DB GRAB TIKET,transport,CIMB,debit
TRSF E-BANKING DB 0486743044 KIRIMAN RINA WATI,transfer_keluarga,Mandiri,transfer
BYR TAGIHAN TAGIHAN KARTU KREDIT MANDIRI,tagihan,BRI,debit
BYR SPP SMP 1268908817,pendidikan,CIMB,debit
SA IB PRIMA Dr Trf 5559431599 NANDA WIJAYA,transfer_keluarga,BCA,transfer
BYR VIA M-BANKING TELKOMSEL KARTU AS,tagihan,BRI,debit
KIRIMAN IBU VERA ANGGRAINI 9735721997,transfer_keluarga,Permata,transfer
TRSF E-BANKING DB GRABFOOD,makanan,CIMB,debit
SWITCHING DB TOPUP OVO,topup_ewallet,OVO,ewallet
IPY TAGIHAN KARTU KREDIT MANDIRI 086021198025,tagihan,Permata,debit
DB KLIKDOKTER,kesehatan,CIMB,debit
RETAIL NEW ERA TNG,belanja,Danamon,debit
DB FLAZZ TOPUP,transport,BSI,debit
TRF 0344222312 Mandiri,tidak_diketahui,CIMB,transfer
TRANSFER KAS RT CITRA DEWI,transfer_sosial,BCA,transfer
TRF ORANG TUA FAJAR SIDIQ 5774814841,transfer_keluarga,BRI,transfer
DB MAXIM RIDE,transport,Danamon,debit
TRSF E-BANKING DB 5452438836 HADI SUSANTO,transfer_sosial,BNI,transfer
TRF PATUNGAN UMI KALSUM,transfer_sosial,Danamon,transfer
TRF 2896524099CIMB,tidak_diketahui,Mandiri,transfer
DEBIT EDC GRAMEDIA BOOKSTORE PLB,pendidikan,Mandiri,debit
TRSF E-BANKING DB ALODOKTER,kesehatan,Danamon,debit
TRSF E-BANKING DB TOKOPEDIA,belanja,Mandiri,debit
DEBIT EDC KLINIK PRATAMA DPK,kesehatan,Permata,debit
PYMNT GOJEK,transport,Mandiri,debit
BYR SPP SMA 559231,pendidikan,BNI,debit
TRSF E-BANKING DB STEAM PURCHASE,hiburan,BRI,debit
DB EDC TRANS STUDIO BANDUNG,hiburan,Danamon,debit
DB TIKET.COM TIKET,transport,Permata,debit
FOOD RICHEESE FACTORY SMG,makanan,Mandiri,debit
TRSF E-BANKING DB TRAVELOKA,transport,CIMB,debit
DONASI RINA WATI 167125,transfer_sosial,BSI,transfer
IPY TRAVELOKA,transport,BNI,debit
BYR TAGIHAN PDAM TIRTA BHAGASASI,tagihan,Mandiri,debit
SA IB PRIMA Dr Trf 7865078623 LESTARI NINGRUM,transfer_keluarga,BCA,transfer
SWITCHING DB TOPUP OVO,topup_ewallet,OVO,ewallet
KIRIM KONDANGAN WATI SUSANTI,transfer_sosial,Permata,transfer
AUTODEBET  PLN PRABAYAR,tagihan,BRI,debit
QRIS PMT PARKIR KOTA DPS,transport,Permata,debit
DEBIT EDC RS ADVENT SMG,kesehatan,BCA,debit
TRF PATUNGAN JOKO ,transfer_sosial,Mandiri,transfer
DEBIT EDC BIMBEL GANESHA OPERATION MLG,pendidikan,Permata,debit
TRANSFER IURAN ARISAN UTAMI DEWI,transfer_sosial,CIMB,transfer
DB E-TOLL TNG,transport,BRI,debit
RETAIL RAMAYANA MDN,belanja,BNI,debit
PEMBAYARAN TAGIHAN BPJS KESEHATAN 50866810,tagihan,Permata,debit
IPY GOFOOD,makanan,BRI,debit
DB TRAVELOKA TIKET,transport,CIMB,debit
DB GOJEKRIDE,transport,BCA,debit
DB FLAZZ TOPUP,transport,BNI,debit
PEMBAYARAN RAWAT KLINIK GIGI,kesehatan,Mandiri,debit
PYMNT BLIBLI,belanja,Mandiri,debit
IPY COURSERA,pendidikan,Permata,debit
TRSF E-BANKING DB MAXIM,transport,Mandiri,debit
E-BANKING DB SEDEKAH,lainnya,Danamon,debit
QRIS PMT KFC SBY 583,makanan,BCA,debit
DB E-TOLL MDN,transport,BRI,debit
PYMNT GOJEK,transport,Permata,debit
NP KRL COMMUTERLINE MLG,transport,BRI,debit
DB TOKOPEDIA BEL,belanja,BCA,debit
TRANSFER BELANJA KELUARGA NURI RAHAYU,transfer_keluarga,BCA,transfer
QRIS PMT MATAHARI DEPT STORE PBR,belanja,BCA,debit
DEBIT EDC ASURANSI JIWA BGR,lainnya,BNI,debit
DB EDC PARKIR KOTA,transport,BRI,debit
FOOD MIE AYAM JAKARTA SOL,makanan,BSI,debit
DEBIT EDC DONASI PMI BGR,lainnya,BCA,debit
NP WATERBOM JKT,hiburan,BRI,debit
IPY GRAB,transport,BCA,debit
TRSF DBKIRIMAN KELUARGA FAJAR SIDIQ,transfer_keluarga,BCA,transfer
TRSF E-BANKING DB NETFLIX.COM,hiburan,BSI,debit
BIOSKOP XXI PLB,hiburan,Permata,debit
BIAYA BEROBAT OPTIK MELAWAI,kesehatan,Permata,debit
DB ORAMI BELANJA,belanja,Permata,debit
DEBIT EDC LAWSON BTM,belanja,BRI,debit
PBK REK 2541965390 KE REK 4793994051,transfer_internal,Permata,transfer
BYR PGN GAS RUMAH 08125835,tagihan,BNI,debit
DB PDAM TIRTA JAYA,tagihan,BRI,debit
TRSF E-BANKING DB MAXIM,transport,CIMB,debit
DB TRAVELOKA EATS ORDER,makanan,BCA,debit
VIS SPORT STATION,belanja,Mandiri,debit
DB TIKET.COM TIKET,transport,BCA,debit
KIRIM NAFKAH TIKA RAHMADHANI,transfer_keluarga,BSI,transfer
KIRIM KE ADIK WAHYU HIDAYAT 7843308918,transfer_keluarga,BRI,transfer
PEMBAYARAN TIKTOK SHOP ORDER,belanja,Permata,debit
PYMNT TELKOMSEL KARTU AS 8346568105,tagihan,Mandiri,debit
DB SHOPEEFOOD ORDER,makanan,BNI,debit
IPY GOFOOD,makanan,CIMB,debit
TRSF E-BANKING DB LAUNDRY,lainnya,BRI,debit
BYR TELKOMSEL HALO 460328592092,tagihan,BNI,debit
PEMBAYARAN RAWAT APOTEK GUARDIAN,kesehatan,BNI,debit
IURAN ARISAN YUSUF RAHMAN,transfer_sosial,CIMB,transfer
TRSF E-BANKING DB SPP UNIVERSITAS,pendidikan,CIMB,debit
IPY BIMBEL ONLINE,pendidikan,CIMB,debit
DB EDC GUARDIAN BDG 263,belanja,BCA,debit
TRSF E-BANKING DB COURSERA,pendidikan,Mandiri,debit
kirim ke adik hendra gunawan 2163296420,transfer_keluarga,Danamon,transfer
DB BLIBLI PAYMENT,belanja,CIMB,debit
TRSF E-BANKING DB GRABFOOD,makanan,BCA,debit
QRIS PMT ACE HARDWARE YK,belanja,Permata,debit
TRSF E-BANKING DB UKT SEMESTER GENAP,pendidikan,Mandiri,debit
TRF PATUNGAN BAYU NUGROHO,transfer_sosial,BRI,transfer
DB TAGIHAN INTERNET INDIHOME,tagihan,Danamon,debit
BIAYA BEROBAT KLINIK GIGI,kesehatan,BCA,debit
PEMBAYARAN  QRIS WARUNG NASI GORENG,makanan,CIMB,debit
E-BANKING DB SUNATAN,lainnya,BNI,debit
PEMBELIAN E-MONEY LinkAja,topup_ewallet,LinkAja,ewallet
DEBIT EDC HOKBEN BDG,makanan,Danamon,debit
PATUNGAN KADO PUTRI M,transfer_sosial,CIMB,transfer
DEBIT EDC DUFAN MKS,hiburan,BSI,debit
TRSF E-BANKING DB ORAMI,belanja,BCA,debit
PEMBAYARAN INDIHOME TELKOM 29484403,tagihan,Mandiri,debit
PYMNT ZENIUS EDUCATION,pendidikan,BRI,debit
PEMBAYARAN SHOPEE ORDER,belanja,BNI,debit
PEMBAYARAN GRABFOOD 277,makanan,CIMB,debit
BYR SALON 41651732,lainnya,Danamon,debit
PATUNGAN JOKO WIDODO,transfer_sosial,Danamon,transfer
PYMNT TIKET.COM,transport,CIMB,debit
TRSF E-BANKING DB GOPAY 493727,topup_ewallet,GoPay,ewallet
TRSF E-BANKING DB TIKTOK SHOP,belanja,BSI,debit
DEBIT EDC KLINIK KIMIA FARMA BTM,kesehatan,BSI,debit
PATUNGAN KADO AHMAD FAUZI,transfer_sosial,Danamon,transfer
TRSF DB KIRIMAN KELUARGA RATNA SARI,transfer_keluarga,BSI,transfer
BIAYA BEROBAT OPTIK SEIS,kesehatan,CIMB,debit
DB SHOPEEFOOD ORDER,makanan,BCA,debit
E-BANKING DB KLIKDOKTER,kesehatan,Mandiri,debit
EDC AHASS HONDA SBY,transport,Permata,debit
BYR LES PRIVAT 12047674,pendidikan,BCA,debit
db tiket.com tiket,transport,BSI,debit
BYR UANG PANGKAL SEKOLAH 368797,pendidikan,BNI,debit
DEBIT EDC LES PRIVAT CRB,pendidikan,CIMB,debit
TRSF E-BANKING DB SPOTIFY PREMIUM,hiburan,BNI,debit
PEMBAYARAN MYREPUBLIC 536211495864,tagihan,Mandiri,debit
PYMNT GARENA TOP  UP,hiburan,Permata,debit
QRIS PMT SEDEKAH SOL,lainnya,BNI,debit
TRANSFER KE GOPAY 63730487 382,topup_ewallet,GoPay,ewallet
DB EDC APOTEK GUARDIAN,kesehatan,BCA,debit
DB FLAZZ TOPUP,transport,BRI,debit
IPY CODASHOP,hiburan,BSI,debit
SWITCHING DB TOL MKS,transport,Permata,debit
DEBIT EDC FOTOKOPI PRINT TNG,lainnya,CIMB,debit
TRF BULANAN KE ,transfer_keluarga,BCA,transfer
KONDANGAN PERNIKAHAN YANTI PERMATA,transfer_sosial,Permata,transfer
FOOD STARBUCKS COFFEE DPS,makanan,Danamon,debit
QRIS PMT OPTIK SEIS BTM,belanja,BCA,debit
SWITCHING DB Danamon 384698,tidak_diketahui,DANA,ewallet
PRC ACE  HARDWARE YK,belanja,BNI,debit
DEBIT EDC YOSHINOYA BDG,makanan,CIMB,debit
QRIS PMT KLINIK GIGI SOL,kesehatan,Danamon,debit
DB MAXIM RIDE,transport,BSI,debit
QRIS PMT WARUNG KOPI BKS,makanan,BRI,debit
IPY LINKEDIN LEARNING,pendidikan,BCA,debit
PRC BUBUR AYAM BGR,makanan,Permata,debit
DB TAGIHAN KARTU KREDIT MANDIRI,tagihan,CIMB,debit
PBK REK 4766126062 KE REK 7919852651,transfer_internal,BNI,transfer
APY BPJS KESEHATAN 480330,tagihan,BCA,debit
PRC KOPI KENANGAN BDG,makanan,Danamon,debit
MAKAN NASI UDUK BETAWI BPN,makanan,BNI,debit
BELANJA HERO SUPERMARKET JKT,belanja,Mandiri,debit
PEMBAYARAN RAWAT OPTIK MELAWAI,kesehatan,BRI,debit
IPY GRABFOOD,makanan,CIMB,debit
PEMBAYARAN LAZADA ORDER,belanja,BRI,debit
np miniso jkt,belanja,BRI,debit
QRIS PMT APOTEK CENTURY BKS,kesehatan,BCA,debit
PEMBAYARAN RAWAT RS MITRA,kesehatan,CIMB,debit
DB EDC RAMAYANA BDG,belanja,Mandiri,debit
DEBIT EDC RS PREMIER JATINEGARA SOL,kesehatan,CIMB,debit
RESTO RUMAH MAKAN PAD,makanan,Permata,debit
QRIS PMT RS SILOAM LPG,kesehatan,Mandiri,debit
QRIS PMT BARBERSHOP SOL,lainnya,BRI,debit
DEBIT EDC KRL COMMUTERLINE JKT,transport,CIMB,debit
BYR SEDEKAH 788744,lainnya,Permata,debit
TRF IURAN MUSHOLA FAJAR SIDIQ,transfer_sosial,BRI,transfer
PEMBAYARAN RAWAT APOTEK 24 JAM,kesehatan,BSI,debit
DB TOKOPEDIA PAYMENT,belanja,Danamon,debit
QRIS PMT BIMBEL PRIMAGAMA,pendidikan,CIMB,debit
PEMBAYARAN GRABFOOD,makanan,BRI,debit
TRF PATUNGAN CAHYA PRATAMA,transfer_sosial,BNI,transfer
DB GOFOOD ORDER,makanan,BSI,debit
BYR SERVICE AC 317304826716,lainnya,BRI,debit
PBK REK 4296219039 KE REK 4075066797,transfer_internal,BNI,transfer
PBK REK 4209684566 KE REK 9585267632,transfer_internal,Mandiri,transfer
PATUNGAN ULANG TAHUN ZAKI ABDILLAH,transfer_sosial,Mandiri,transfer
FOOD DOMINO'S PIZZA MDN,makanan,Mandiri,debit
BEBEK GORENG HARISSA BPN,makanan,Permata,debit
PYMNT TIKTOK SHOP,belanja,Permata,debit
DEBIT EDC INDOMARET SBY,belanja,BSI,debit
PEMBAYARAN QRIS BOBA THAI TEA,makanan,BCA,debit
TRF IURAN MUSHOLA HENDRA GUNAWAN,transfer_sosial,BSI,transfer
NP MRT JAKARTA SMG,transport,BRI,debit
TRANSFER KE GILANG RAMADHAN NAFKAH BULANAN,transfer_keluarga,CIMB,transfer
NP WATERBOM PLB,hiburan,BRI,debit
DEBIT EDC SPP SMP MKS,pendidikan,Danamon,debit
DB GRABFOOD ORDER,makanan,BNI,debit
db grabfood order,makanan,BNI,debit
DB VIDIO PREMIER,hiburan,BRI,debit
DB TIKTOK SHOP BELANJA,belanja,BCA,debit
BAYAR TAGIHAN MYREPUBLIC,tagihan,Permata,debit
SA IB PRIMA Dr Trf GOPAY,topup_ewallet,GoPay,ewallet
ZALORA BELANJA,belanja,BCA,debit
DB GOFOOD ORDER,makanan,CIMB,debit
PYMNT GRABFOOD,makanan,CIMB,debit
PEMBELIAN E-MON,topup_ewallet,BSI,transfer
QRIS PMTJ.CO DONUTS PLB,makanan,BSI,debit
QRIS PMT ZAKAT INFAQ JKT,lainnya,BRI,debit
PEMBAYARAN QRIS BAKSO BOEDJANGAN,makanan,Mandiri,debit
BAYAR TAGIHAN TAGIHAN INTERNET INDIHOME,tagihan,BCA,debit
TRSF E-BANKING DB UDEMY LEARNING,pendidikan,Mandiri,debit
NP NEW ERA DPK,belanja,BRI,debit
DB DISNEY+ HOTSTAR,hiburan,BSI,debit
np warung kopi dps,makanan,BRI,debit
BELANJA RANCH MARKET PLB,belanja,Mandiri,debit
AUTODEBET XL PRABAYAR,tagihan,CIMB,debit
EDC ZAKAT INFAQ BPN,lainnya,CIMB,debit
DB EDC RANCH MARKET TNG,belanja,BSI,debit
IPY LES PRIVAT,pendidikan,BCA,debit
IPY IURAN IPL APARTEMEN 823039491184,tagihan,BCA,debit
FOOD BOBA THAI TEA LPG,makanan,CIMB,debit
QRIS PMT SPP SMP,pendidikan,BRI,debit
PYMNT GOJEK,transport,Mandiri,debit
TRF ARISAN DEWI LESTARI 786300,transfer_sosial,Danamon,transfer
IPY CICILAN KPR BTN 788203,tagihan,CIMB,debit
DB TRAVELOKA EATS FOOD,makanan,BRI,debit
DEBIT EDC CUCI MOBIL CRB,lainnya,CIMB,debit
IPY TELKOMSEL KARTU AS 743038294086,tagihan,BSI,debit
BELANJA METRO DEPT STORE BTM,belanja,BCA,debit
DEBIT EDC DUFAN SBY,hiburan,BSI,debit
KIRIMAN BULANAN SUAMI LINA MARLINA,transfer_keluarga,CIMB,transfer
DB EDC JANJI JIWA SOL,makanan,BSI,debit
DB GRABFOOD ORDER,makanan,BSI,debit
QRIS PMT APOTEK CENTURY PBR,kesehatan,Mandiri,debit
KIRIM NAFKAH RATNA SARI,transfer_keluarga,CIMB,transfer
IPY SHOPEE,belanja,BCA,debit
TRF IURAN RT ANISA RAHMA 2669583295,transfer_sosial,BCA,transfer
QRIS PMT TRANS STUDIO BANDUNG DPK,hiburan,BNI,debit
VIS BURGER KING TNG,makanan,Mandiri,debit
PYMNT HALODOC,kesehatan,BNI,debit
KIRIM NAFKAH ARIF HIDAYATULLAH,transfer_keluarga,BSI,transfer
TRF 1647059863 Mandiri,tidak_diketahui,BNI,transfer
DB EDC CONVERSE STORE MLG,belanja,BRI,debit
PEMBAYARAN GRABFOOD,makanan,BRI,debit
QRIS PMT APOTEK WATSONS YK,kesehatan,Mandiri,debit
TRSF E-BANKING DB UDEMY LEARNING,pendidikan,CIMB,debit
TRSF DB KIRIMAN KELUARGA HENDRA GUNAWAN,transfer_keluarga,BSI,transfer
KONSULTASI SEHATQ,kesehatan,Permata,debit
VIS A&W RESTAURANT CRB,makanan,Mandiri,debit
PYMNT GRABFOOD,makanan,Mandiri,debit
PBK GIRO KE TABUNGAN 6121852164,transfer_internal,BNI,transfer
DB TRF 1613531550,tidak_diketahui,BNI,transfer
SA IB PRIMA Dr Trf GOPAY,topup_ewallet,GoPay,ewallet
VIS WINGSTOP SMG,makanan,Mandiri,debit
PMT AMAZONE BGR,hiburan,Danamon,debit
QRIS PMT CELEBRITY FITNESS CRB,hiburan,Permata,debit
BYR BIAYA WISUDA 881538,pendidikan,BSI,debit
KONSULTASI ALODOKTER,kesehatan,BRI,debit
PRC ZARA BKS,belanja,Permata,debit
AUTODEBET PLN PREPAID,tagihan,CIMB,debit
DB EDC MARUGAME UDON MDN,makanan,BCA,debit
SWITCHING DB IURAN BULANAN RT,tagihan,BRI,debit
DEBIT EDC KURSUS LIA LANGUAGE BGR,pendidikan,BNI,debit
PYMNT KLIKDOKTER,kesehatan,BSI,debit
IPY GOFOOD,makanan,BNI,debit
SWITCHING DB BSI 9343122213,tidak_diketahui,Mandiri,transfer
DEBIT EDC KURSUS LIA LANGUAG,pendidikan,Permata,debit
DB KLIKDOKTER,kesehatan,BSI,debit
DB EDC VIVO SPBU,transport,BSI,debit
DB TRAVELOKA EATS FO,makanan,CIMB,debit
DB GOFOOD FOOD,makanan,BNI,debit
QRIS PMT FISIOTERAPI KLINIK DPS,kesehatan,BRI,debit
pymnt grabhealth,kesehatan,BCA,debit
TRF 497959 CIMB,tidak_diketahui,Danamon,transfer
DEBIT EDC GOLD GYM SBY,hiburan,BRI,debit
KONSULTASI DOKTERKU,kesehatan,BCA,debit
TRF KE DANA 799562717268,topup_ewallet,DANA,ewallet
DEBIT EDC BIOSKOP XXI MKS 057,hiburan,BNI,debit
NP KFC CRB,makanan,BRI,debit
PYMNT GOFOOD,makanan,BSI,debit
KIRIMAN AYAH VINA OKTAVIA,transfer_keluarga,BSI,transfer
DEBIT EDC WATER,hiburan,BNI,debit
belanja converse store tng,belanja,Danamon,debit
PYMNT TAGIHAN KARTUKREDIT MANDIRI 6400185590,tagihan,CIMB,debit
PUSKESMAS YK,kesehatan,BRI,debit
db edc yamaha service,transport,BNI,debit
DEBIT EDC SPP SEKOLAH DASAR DPK,pendidikan,Danamon,debit
SA IB PRIMA Dr Trf 0957604896,tidak_diketahui,BCA,transfer
DEBIT EDC BIMBEL ONLINE PBR,pendidikan,BRI,debit
BYR KURSUS BAHASA EF ENGLISH 94881388,pendidikan,BRI,debit
IPY BIAYA KULIAH SWASTA,pendidikan,BCA,debit
SWITCHING DB TOL  LPG,transport,BNI,debit
SWITCHING DB Mandiri 3878060896 NURI RAHAYU,transfer_keluarga,Mandiri,transfer
PEMBAYARAN RAWAT LABORATORIUM PRODIA,kesehatan,CIMB,debit
IURAN ARISAN BULANAN ZAKI ABDILLAH,transfer_sosial,BCA,transfer
DEBIT EDC KLINIK PRATAMA CRB,kesehatan,BRI,debit
TRSF DB KIRIMAN KELUARGA FITRI HANDAYANI,transfer_keluarga,CIMB,transfer
SWITCHING DB IURAN IPL APARTEMEN,tagihan,BNI,debit
APY MYREPUBLIC 852239672601,tagihan,BCA,debit
PYMNT INDOSAT IM3 582389,tagihan,BSI,debit
TRSF E-BANKING DB 4553636044 KIRIMAN OKI PRATAMA,transfer_keluarga,Permata,transfer
QRIS PMT PARKIR BPN,transport,BCA,debit
TRANSFER BELANJA KELUARGA ARIF HIDAYATULLAH 389,transfer_keluarga,BCA,transfer
AUTODEBET TELKOMSEL KARTU AS,tagihan,BCA,debit
DEBIT EDC YAMAHA SERVICE DPS,transport,Mandiri,debit
OVERBOOKING BRI INTERNAL,transfer_internal,Danamon,transfer
SWITCHING DB Mandiri 1189918065 JOKO WIDODO 957,transfer_keluarga,BSI,transfer
FOOD MCDONALD'S SMG,makanan,Permata,debit
TRF 2740422415 BCA,tidak_diketahui,BCA,transfer
NP TRANS STUDIO BANDUNG JKT,hiburan,BRI,debit
DB EDC FISIOTERAPI KLINIK,kesehatan,BSI,debit
BIAYA BEROBAT KLINIK PRAT,kesehatan,BNI,debit
DEBIT EDC SALON TNG,lainnya,Danamon,debit
QRIS PMT PLANET SPORT TNG,belanja,Permata,debit
DB PLN PREPAID,tagihan,Permata,debit
TRSF E-BANKING DB SPP  SMA,pendidikan,Danamon,debit
TRANSFER 6801615249,tidak_diketahui,Danamon,transfer
DB E-TOLL SBY,transport,Permata,debit
DB SHOPEEFOOD ORDER,makanan,Permata,debit
BELANJA NIKE STORE MKS,belanja,BNI,debit
DB EDC DAISO TNG,belanja,BCA,debit
TRSF E-BANKING DB GRABFOOD,makanan,Danamon,debit
NP RS SILOAM SBY,kesehatan,BRI,debit
DB WINGSTOP LPG,makanan,Danamon,debit
DB BUBUR AYAM DPK,makanan,BRI,debit
PYMNT SHOPEE,belanja,BSI,debit
TRF UANG JAJAN ANAK HADI SUSANTO,transfer_keluarga,Danamon,transfer
TRF ARISAN ARIF HIDAYATULLAH 112393 058,transfer_sosial,Mandiri,transfer
DB SHOPEEFOOD FOOD,makanan,BSI,debit
PYMNT BPJS KETENAGAKERJAAN 141692778619,tagihan,Permata,debit
DB FLAZZ TOPUP,transport,BCA,debit
ipy maxim,transport,Permata,debit
DB MAXIM RIDE,transport,Mandiri,debit
DB FLAZZ TOPUP,transport,BCA,debit
db pet shop,lainnya,BNI,debit
KONDANGAN PERNIKAHANUTAMI DEWI,transfer_sosial,BNI,transfer
PMT JANJI JIWA MLG,makanan,CIMB,debit
VIS RANCH MARKET,belanja,Mandiri,debit
PYMNT GOJEK,transport,CIMB,debit
PYMNT SHOPEE,belanja,Danamon,debit
EDC WARUNG NASI GORENG DPK,makanan,BNI,debit
DEBIT EDC BIOSKOP XXI MDN,hiburan,BNI,debit
DEBIT EDC UKT SEMESTER G,pendidikan,Permata,debit
DB E-TOLL PBR,transport,BNI,debit
BYR LAUNDRY 74787769,lainnya,Danamon,debit
NP RS HERMINA BGR,kesehatan,BRI,debit
PRC SPORT STATION SOL,belanja,Danamon,debit
IPY GOJEK,transport,Mandiri,debit
DB NOTARIS PPAT,lainnya,BSI,debit
TRF KE CAHYA PRATAMA PATUNGAN WISATA 573,transfer_sosial,Permata,transfer
BELANJA THE BODY SHOP SMG,belanja,BRI,debit
KIRIMAN BULANAN SUAMI OLIVIA SINAGA,transfer_keluarga,Mandiri,transfer
DB EDC WATERBOM,hiburan,CIMB,debit
TRSF E-BANKING DB 7493063094 CAHYA PRATAMA,transfer_sosial,BCA,transfer
DEBIT EDC LAWSON CRB,belanja,CIMB,debit
PEMBAYARAN GRABFOOD,makanan,BCA,debit
PYMNT DISNEY+ HOTSTAR,hiburan,CIMB,debit
VIS SUPERINDO 989,belanja,Mandiri,debit
IPY GRABFOOD,makanan,CIMB,debit
PEMBAYARAN RAWAT APOTEK KIMIA FARMA,kesehatan,BRI,debit
DEBIT EDC LOTTEMART SOL,belanja,BRI,debit
QRIS PMT CONVERSE STORE MLG,belanja,BRI,debit
IPY BIMBEL GANESHA OPERATION,pendidikan,BCA,debit
TRSF DEBIT 74928716,tidak_diketahui,Mandiri,transfer
QRIS PMT PUSKESMAS SBY,kesehatan,BNI,debit
BAYAR KLINIK RS HERMINA DPK,kesehatan,BRI,debit
IPY CICILAN FIF MOTOR 415601,tagihan,BNI,debit
DB ZAKAT INFAQ,lainnya,Permata,debit
SA OB TABUNGAN BISNIS,transfer_internal,Mandiri,transfer
INFAQ JUMAT 585505,transfer_sosial,BSI,transfer
PEMBAYARAN TRAVELOKA E,makanan,Mandiri,debit
DB LAZADA PAYMENT,belanja,BRI,debit
NP APOTEK K24 SMG,kesehatan,BRI,debit
TRSF E-BANKING DB SPP SMP,pendidikan,CIMB,debit
KIRIM UANG ISTRI UTAMI DEWI,transfer_keluarga,Mandiri,transfer
QRIS PMT NAV KARAOKE  SMG,hiburan,Permata,debit
IPY PLN TOKEN LISTRIK 826955894046,tagihan,BCA,debit
TRSF E-BANKING DB 3032827331 KIRIMAN KURNIA SARI,transfer_keluarga,BCA,transfer
QRIS PMT NAV KARAOKE DPS,hiburan,BNI,debit
RETAIL H&M SBY,belanja,BRI,debit
PEMBAYARAN TAGIHAN LISTRIK PLN 943605,tagihan,Mandiri,debit
PRC THE BODY SHOP SMG,belanja,BRI,debit
BYR LES PRIVAT 621445886462,pendidikan,BCA,debit
QRIS PMT PARKIR L,transport,BSI,debit
DONASI SOSIAL OLIVIA SINAGA,transfer_sosial,BNI,transfer
SUMBANGAN MASJID BUDI SANTOSO,transfer_sosial,Permata,transfer
DB SKILL ACADEMY,pendidikan,BCA,debit
DB SUNATAN,lainnya,CIMB,debit
DB EDC ANYTIME FITNESS,hiburan,Mandiri,debit
SA IB PRIMA Dr Trf GOPAY,topup_ewallet,GoPay,ewallet
PEMBAYARAN BLIBLI ORDER,belanja,BSI,debit
VIS STRADIVARIUS,belanja,Mandiri,debit
PYMNT TRAVELOKA EATS,makanan,BNI,debit
INFAQ JUMAT 809158,transfer_sosial,BSI,transfer
BAYAR TAGIHAN TAGIHAN KARTU KREDIT MANDIRI,tagihan,BNI,debit
SWITCHING DB CIMB 3588488782 NURI RAHAYU,transfer_keluarga,BRI,transfer
TRSF E-BANKING DB GRAMEDIA BOOKSTORE,pendidikan,BRI,debit
DB GOFOOD ORDER,makanan,BCA,debit
IPY AXIS 245433,tagihan,BCA,debit
DEBIT EDC TRANS STUDIO BANDUNG PBR 663,hiburan,Mandiri,debit
PEMBAYARAN RAWAT RS SILOAM 356,kesehatan,CIMB,debit
PYMNT GOFOOD,makanan,BRI,debit
QRIS PMT NOTARIS PPAT CRB,lainnya,Mandiri,debit
DEBIT EDC SHELL SPBU BGR 812,transport,BSI,debit
DEBIT EDC PERIPLUS BOOKSTORE DPS,pendidikan,BNI,debit
IPY SKILL ACADEMY,pendidikan,Mandiri,debit
DB EDC SHELL SPBU,transport,Mandiri,debit
debit edc blue bird taxi pbr,transport,BSI,debit
TRF UANG JAJAN ANAK ARIF HIDAYATULLAH,transfer_keluarga,Permata,transfer
DB EDC DUFAN,hiburan,CIMB,debit
DEBIT EDC BIOSKOP CGV YK,hiburan,BSI,debit
TRSF E-BANKING DB TOGA MAS,pendidikan,BRI,debit
KIRIMAN IBU ZAKI ABDILLAH 6008182868,transfer_keluarga,Permata,transfer
IPY ZENIUS  EDUCATION,pendidikan,Mandiri,debit
PYMNT MAXIM,transport,BRI,debit
TRF 2592319570 BNI,tidak_diketahui,BSI,transfer
QRIS PMT SHELL SPBU PLB,transport,BNI,debit
PEMBAYARAN TELKOMSEL SIMPATI 652642824572,tagihan,BRI,debit
PYMNT STEAM PURCHASE,hiburan,BCA,debit
QRIS PMT PARKIR BPN,transport,BNI,debit
KONSULTASI  DOKTERKU,kesehatan,Permata,debit
SWITCHING DB TOL SOL,transport,BRI,debit
DEBIT EDC ERAFONE BGR,belanja,Permata,debit
TRSF E-BANKING DB FOTOKOPI PRINT 136,lainnya,Danamon,debit
KIRIM KE ADIK WAHYU HIDAYAT 3677388094,transfer_keluarga,BNI,transfer
BYR TAGIHAN GAS PGN 298417248081,tagihan,BSI,debit
NP IBOX APPLE BPN,belanja,BRI,debit
QRIS PMT PARKIR PLB,transport,BCA,debit
BYR SPP UNIVERSITAS 1476309278,pendidikan,BCA,debit
IPY LES PRIVAT,pendidikan,BSI,debit
DB MIE AYAM JAKARTA YK,makanan,Danamon,debit
PEMBAYARAN TIKTOK SHOP ORDER,belanja,BCA,debit
TRSF E-BANKING DB KAI ACCESS,transport,BNI,debit
BAYAR TAGIHAN CBN FIBER,tagihan,Mandiri,debit
DB EDC ALFAMIDI DPK 880,belanja,Mandiri,debit
BELANJA HERO SUPERM,belanja,Mandiri,debit
DB EDC AMAZONE,hiburan,Permata,debit
BELANJA DAISOMLG,belanja,BCA,debit
TRSF DEBIT  32872133,tidak_diketahui,BSI,transfer
AUTODEBET TELKOMSEL SIMPATI 585,tagihan,Danamon,debit
MAKAN KANTIN KAMPUS SMG,makanan,BCA,debit
MAKAN KANTIN KAMPUS PBR,makanan,BRI,debit
QRIS PMT HAPPY PUPPY KTV LPG,hiburan,Danamon,debit
DB HALODOC,kesehatan,Mandiri,debit
VIS ALFAMART,belanja,Mandiri,debit
AUTODEBET TAGIHAN GAS PGN,tagihan,BRI,debit
TRSF E-BANKING DB KAI ACCESS,transport,Danamon,debit
TRSF E-BANKING DB 8936585455 KIRIMAN AHMAD FAUZI,transfer_keluarga,Permata,transfer
APY YAMAHA SERVICE 979,transport,BCA,debit
DB COURSERA,pendidikan,BNI,debit
QRIS PMT RS HERMINA SMG,kesehatan,CIMB,debit
IPY GOJEK,transport,CIMB,debit
BAYAR KLINIK APOTEK K24 BDG,kesehatan,Permata,debit
DB FLAZZ TOPUP,transport,BRI,debit
DB EDC WATERBOM,hiburan,CIMB,debit
MAKAN KANTIN KAMPUS SMG,makanan,CIMB,debit
PEMBAYARAN RAWAT KLINIK PRATAMA,kesehatan,BCA,debit
DB EDC INUL VIZTA,hiburan,Mandiri,debit
SWITCHING DB TOL MDN,transport,Mandiri,debit
TRSF E-BANKING DB 9344348138 JULIANA PUTRI RUTIN 305,transfer_keluarga,Mandiri,transfer
KIRIM KE ADIK KURNIA SARI 8836500117,transfer_keluarga,BCA,transfer
TRSF E-BANKING DB SPP SEKOLAH DASAR,pendidikan,BNI,debit
PYMNT ZALORA,belanja,BCA,debit
DONASI TONO HARTONO 934140,transfer_sosial,BCA,transfer
TRSF E-BANKING DB REK SENDIRI 0628592410,transfer_internal,BRI,transfer
DEBIT EDC HYPERMART MLG,belanja,CIMB,debit
TRSF E-BANKING DB TRAVELOKA,transport,Danamon,debit
TRSF E-BANKING DB LINKEDIN LEARNI,pendidikan,Permata,debit
PEMBAYARAN AXIS 049763912787,tagihan,CIMB,debit
IPY GRABFOOD,makanan,Permata,debit
PYMNT SHOPEEFOOD,makanan,BCA,debit
PYMNT SKILL ACADEMY,pendidikan,BCA,debit
VIS SUSHI TEI YK,makanan,Mandiri,debit
VIS OPTIK SEIS,belanja,Mandiri,debit
KIRIM KE ADIK KARTINI SARI 8273333559,transfer_keluarga,Mandiri,transfer
DEBIT EDC MRT JAKARTA BTM,transport,BCA,debit
NP APOTEK K24 SOL,kesehatan,BRI,debit
DB LAZADA PAYMENT,belanja,BNI,debit
TRSF E-BANKINGDB ALODOKTER,kesehatan,Mandiri,debit
DB TAGIHAN BPJS KESEHATAN,tagihan,BCA,debit
TRSF E-BANKING DB KURSUS BAHASA EF ENGLISH 946,pendidikan,BCA,debit
TRSF E-BANKING DB KURSUS MUSIK YAMAHA,pendidikan,BNI,debit
SA IB PRIMA Dr Trf 3498719237 FAJAR SIDIQ,transfer_keluarga,BCA,transfer
TRF KE DANA 6291863914,topup_ewallet,DANA,ewallet
BYR SPP UNIVERSITAS 165165,pendidikan,CIMB,debit
PRC RAMAYANA BTM,belanja,Mandiri,debit
DB FLAZZ TOPUP,transport,Danamon,debit
DB EDC HAPPY PUPPY KTV,hiburan,BNI,debit
BIAYA BEROBAT OPTIK MELAWAI,kesehatan,BRI,debit
PYMNT GRABFOOD,makanan,BCA,debit
DB SALON,lainnya,Permata,debit
PBK KE TABUNGAN Danamon,transfer_internal,DANA,ewallet
TRSF E-BANKING DB TRAVELOKA EATS,makanan,BSI,debit
TRSF E-BANKING DB GOPAY 2190051833,topup_ewallet,GoPay,ewallet
BYR SERVICE AC 035268,lainnya,CIMB,debit
NP TRANSMART JKT 629,belanja,BRI,debit
BIAYA HIDUP KELUARGAVINA OKTAVIA,transfer_keluarga,BRI,transfer
DB EDC AHASS HONDA,transport,CIMB,debit
QRIS PMT RS PREMIER JATINEGARA TNG 012,kesehatan,Permata,debit
TRF UANG JAJAN ANAK JULIANA PUTRI,transfer_keluarga,BCA,transfer
TRSF E-BANKING DB GARENA TOP UP,hiburan,BRI,debit
SWITCHING DB Permata 4153689764 MEGA PUSPITA,transfer_sosial,BRI,transfer
QRIS PMT LES PRIVAT,pendidikan,Danamon,debit
DEBIT EDC ZARA SMG,belanja,BCA,debit
PEMBAYARAN TRAVELOKA EATS,makanan,BSI,debit
PGN GAS RUMAH 976104624717,tagihan,BRI,debit
PYMNT SHOPEEFOOD,makanan,BRI,debit
MAKAN WINGSTOP LPG,makanan,BRI,debit
pembayaran rawat rumah sakit umum,kesehatan,Permata,debit
DB E-TOLLBTM,transport,BCA,debit
TRSF E-BANKING DB REK SENDIR,transfer_internal,BCA,transfer
TRSF E-BANKING DB KURSUS BAHASA EF ENGLISH,pendidikan,CIMB,debit
BYR TAGIHAN XL PRABAYAR,tagihan,BSI,debit
APY MRT JAKARTA,transport,BCA,debit
QRIS PMT LABORATORIUM PRAMITA SMG,kesehatan,CIMB,debit
qris pmt spp smp,pendidikan,CIMB,debit
PEMBAYARAN QRIS RUMAH MAKAN PADANG,makanan,Danamon,debit
BYR KURSUS MUSIK YAMAHA 23898031,pendidikan,BRI,debit
TRSF E-BANKING DB BIAYA KULIAH SWASTA,pendidikan,BSI,debit
BYR MYREPUBLIC 847915034261,tagihan,BNI,debit
PBK GIRO KE TABUNGAN 3635622167,transfer_internal,CIMB,transfer
DB BPJS KETENAGAKERJAAN,tagihan,BSI,debit
PEMBAYARAN BPJSTK 24898924,tagihan,BRI,debit
DEBIT EDC AHASS HONDA DPK,transport,BSI,debit
NP SABANA FRIED CHICKEN CRB,makanan,BRI,debit
TOP UP DANA VIA Danamon,topup_ewallet,DANA,ewallet
db netflix.com,hiburan,Permata,debit
TRSF E-BANKING DB BIMBEL PRIMAGAMA,pendidikan,Permata,debit
TRSF E-BANKING DB AXIS,tagihan,BNI,debit
APY BLUE BIRD TAXI,transport,BCA,debit
RETAIL ERIGO JKT,belanja,Danamon,debit
SWITCHING DB  BSI 8879772721 UTAMI DEWI,transfer_sosial,Mandiri,transfer
TRF ORANG TUA YUSUF RAHMAN 6338008057,transfer_keluarga,BRI,transfer
KIRIM UANG ISTRI PANDU ADIT,transfer_keluarga,CIMB,transfer
PYMNT GOJEK,transport,BSI,debit
SWITCHING DB GARENA TOP ,hiburan,BNI,debit
BYR TAGIHAN TRI HUTCHISON,tagihan,BNI,debit
QRIS PMT KURSUS MUSIK YAMAHA,pendidikan,BNI,debit
QRIS PMT NASI UDUK BETAWI MKS,makanan,BCA,debit
ipy spp sma,pendidikan,BRI,debit
DEBIT EDC APOTEK K24 PLB,kesehatan,BSI,debit
QRIS PMT BUBUR AYAM PLB,makanan,BRI,debit
PYMNT COURSERA,pendidikan,BRI,debit
TOP UP OVO VIA BCA,topup_ewallet,OVO,ewallet
PYMNT DUOLINGO PLUS 381,pendidikan,BNI,debit
DB SHOPEEFOOD ORDER,makanan,BRI,debit
KIRIM NAFKAH INDRA KUSUMA,transfer_keluarga,BNI,transfer
KIRIM UANG ISTRI DEWI LESTARI,transfer_keluarga,BSI,transfer
BIAYA BEROBAT APOTEK WATSONS,kesehatan,BSI,debit
RESTO BEBEK GORENG HARISSA JKT,makanan,Permata,debit
TOP UP LinkAja VIA CIMB,topup_ewallet,LinkAja,ewallet
TRANSFER ANTAR REK Mandiri,transfer_internal,BRI,transfer
DB EDC OPTIK SEIS,kesehatan,CIMB,debit
NP APOTEK K24 SOL,kesehatan,BRI,debit
DB TOP UP EWALLET LinkAja,topup_ewallet,LinkAja,ewallet
DB SHOPEE PAYMENT,belanja,Danamon,debit
DEBIT EDC HAPPY PUPPY KTV MKS,hiburan,BCA,debit
TRANSFER KE GOPAY 476559,topup_ewallet,GoPay,ewallet
TRANSFER ANAK KOS KURNIA SARI,transfer_keluarga,BSI,transfer
QRIS PMT SPP UNIVERSITAS,pendidikan,BCA,debit
PYMNT SHOPEEFOOD,makanan,BSI,debit
VIS KFC PLB,makanan,Mandiri,debit
DB DOKTERKU,kesehatan,BNI,debit
DB EDC TRANSJAKARTA,transport,Danamon,debit
TRSF DB SUMBANGAN HADI SUSANTO,transfer_sosial,BCA,transfer
IPY SEHATQ,kesehatan,Danamon,debit
DB EDC APOTEK K24,kesehatan,Permata,debit
NP BEBEK GORENG HARISSA MDN,makanan,BRI,debit
BAYAR TAGIHAN AXIS,tagihan,BNI,debit
DB TOP UP EWALLET ShopeePay,topup_ewallet,ShopeePay,ewallet
DB AXIS,tagihan,BSI,debit
PEMBELIAN E-MONEY OVO,topup_ewallet,OVO,ewallet
QRIS PMT ZARA JKT 281,belanja,BRI,debit
DEBIT EDC BIMBEL ONLINE PBR,pendidikan,Mandiri,debit
IPY ALODOKTER,kesehatan,CIMB,debit
PYMNT SPOTIFY PREMIUM,hiburan,Mandiri,debit
DEBIT EDC MAXX COFFEE SMG,makanan,CIMB,debit
DEBIT EDC GRAMEDIA BOOKSTORE BPN,pendidikan,BCA,debit
TRSF DB KIRIMAN KELUARGA WAHYU HIDAYAT 541,transfer_keluarga,Mandiri,transfer
TRSF E-BANKING DB GOOD DOCTOR,kesehatan,BSI,debit
IPY UDEMY LEARNING,pendidikan,BRI,debit
SA IB PRIMA Dr Trf GOPAY,topup_ewallet,GoPay,ewallet
KIRIMAN BULANAN SUAMI AHMAD FAUZI,transfer_keluarga,Danamon,transfer
DB GRAB TIKET,transport,BRI,debit
PRC MARUGAME UDON DPS,makanan,CIMB,debit
DB GOJEK RIDE,transport,Danamon,debit
SWITCHING DB Mandiri 0840809724 TONO H,transfer_keluarga,Permata,transfer
PRC SPORT STATION LPG,belanja,BNI,debit
QRIS PMT CELEBRITY FITNESS JKT,hiburan,Mandiri,debit
DB MIXUE YK,makanan,Mandiri,debit
DB TRAVELOKA EATS ORDER,makanan,BNI,debit
PMT KURSUS KOMPUTER,pendidikan,Danamon,debit
DEBIT EDC PERIPLUS BOOKSTORE MDN,pendidikan,CIMB,debit
DB APPLE STORE,hiburan,Danamon,debit
TRSF E-BANKING DB GOFOOD,makanan,Mandiri,debit
SWITCHING DB DISNEY+ HOTSTAR,hiburan,CIMB,debit
DB DONASI PMI,lainnya,BNI,debit
TRF BULANAN KE PUTRI MAHARANI,transfer_keluarga,Danamon,transfer
SWITCHING DB IURAN BULANAN RT,tagihan,Danamon,debit
SA IB PRIMA Dr Trf 3026257762 ENDAH PURWANTI,transfer_keluarga,BCA,transfer
TRSF  E-BANKING DB UDEMY LEARNING,pendidikan,CIMB,debit
IPY MAXIM,transport,Mandiri,debit
TRF KE MEGA PUSPITA PATUNGAN WISATA,transfer_sosial,Mandiri,transfer
BYR TAGIHAN BPJS KESEHATAN,tagihan,BRI,debit
NP JANJI JIWA BGR,makanan,BRI,debit
DB EDC YAMAHA SERVI,transport,BNI,debit
QRIS PMT SOCIOLLA YK,belanja,Danamon,debit
KIRIMAN IBU JOKO WIDODO 7712423165,transfer_keluarga,BCA,transfer
PYMNT SHOPEEFOOD,makanan,BSI,debit
QRIS PMT SPP UNIVERSITAS,pendidikan,Mandiri,debit
KIRIM UANG ISTRI UTAMI DEWI,transfer_keluarga,Mandiri,transfer
QRIS PMT OPTIK SEIS DPS,kesehatan,Mandiri,debit
CUCI MOBIL 5639555138,lainnya,BRI,debit
BAYAR TAGIHAN PLN TOKEN LISTRIK,tagihan,BSI,debit
DEBIT EDC APOTEK 24 JAM DPK,kesehatan,CIMB,debit
NP PARKIR KOTA SOL,transport,BRI,debit
TRF 584451 Permata,tidak_diketahui,BCA,transfer
KIRIMAN BULANAN SUAMI LESTARI NINGRUM,transfer_keluarga,Mandiri,transfer
PEMBAYARAN RAWAT KLINIK ESTETIKA,kesehatan,BRI,debit
TRF IURAN MUSHOLA BUDI SANTOSO,transfer_sosial,CIMB,transfer
BYR FOTOKOPI PRINT 876675,lainnya,Danamon,debit
BYR TAGIHAN 3 INDONESIA,tagihan,Permata,debit
TRSF E-BANKING DB TRI HUTCHISON,tagihan,BSI,debit
donasi sosial tika rahmadhani,transfer_sosial,Mandiri,transfer
QRIS PMT TIMEZONE JKT,hiburan,BCA,debit
BYR TAGIHAN TAGIHAN LISTRIK PLN,tagihan,BNI,debit
VIS HOKA HOKA BENTO MDN,makanan,Mandiri,debit
PEMBAYARAN TRAVELOKA EATS,makanan,Mandiri,debit
TRSF E-BANKING DB UKT SEMESTER GENAP,pendidikan,Permata,debit
KIRIM NAFKAH RINA WATI,transfer_keluarga,BCA,transfer
TRSF DB SUMBANGAN NANDA,transfer_sosial,Danamon,transfer
PEMBAYARAN LAZADA ORDER,belanja,Permata,debit
IPY PERIPLUS BOOKSTORE,pendidikan,BCA,debit
TRF RUTIN BULANAN MEGA PUSPITA 1512416681,transfer_keluarga,BSI,transfer
TRSF E-BANKING ,hiburan,Permata,debit
NP BARBERSHOP LPG,lainnya,BRI,debit
TRANSFER KAS RT LINA MARLINA,transfer_sosial,Permata,transfer
DB KAFE KITA BPN,makanan,CIMB,debit
DB EDC METRO DEPT STORE TNG,belanja,BNI,debit
QRIS PMT UKT SEMESTER GENAP,pendidikan,Danamon,debit
DB  EDC ERIGO BGR,belanja,BRI,debit
DB SOLARIA BTM,makanan,CIMB,debit
KIRIMAN IBU ENDAH PURWANTI 2504479975,transfer_keluarga,CIMB,transfer
PBK KE TABUNGAN BSI,transfer_internal,BNI,transfer
PYMNT CICILAN KPR BRI 15951626,tagihan,Danamon,debit
PEMBAYARAN IURAN IPL  APARTEMEN 115027526598,tagihan,CIMB,debit
TRSF E-BANKING DB TOKOPEDIA,belanja,Mandiri,debit
DB MAXX COFFEE BTM,makanan,Danamon,debit
PRC COTTON INK DPK,belanja,Mandiri,debit
BELANJA NIKE STORE YK,belanja,CIMB,debit
QRIS PMT PARKIR SOL,transport,CIMB,debit
PEMBAYARAN RAWATKLINIK GIGI,kesehatan,BRI,debit
PYMNT TRAVELOKA,transport,Danamon,debit
DB EDC KAFE KITA SOL,makanan,BRI,debit
TRF UANG JAJAN ANAK YUSUF RAHMAN,transfer_keluarga,Mandiri,transfer
DB EDCSAMSUNG STORE CRB,belanja,Mandiri,debit
QRIS PMT CUCI MOBIL SBY,lainnya,Mandiri,debit
INDOMARET YK,belanja,BNI,debit
BYR TAGIHAN CICILAN ADIRA FINANCE,tagihan,BNI,debit
BYR IURAN BULANAN RT 7985556228,tagihan,Mandiri,debit
IPY SPP SEKOLAH DASAR,pendidikan,BCA,debit
BYR TAGIHAN MYREPUBLIC,tagihan,CIMB,debit
KIRIMAN IBU CITRA DEWI 8408060338,transfer_keluarga,Danamon,transfer
PYMNT UDEMY LEARNING,pendidikan,BNI,debit
RETAIL STRADIVARIUS LPG,belanja,BSI,debit
PYMNT CICILAN KENDARAAN 79082253,tagihan,CIMB,debit
E-BANKING DB CICILAN KPR BTN,tagihan,BNI,debit
BYR LAUNDRY 836053530173,lainnya,BSI,debit
DB MAXIM RIDE,transport,BNI,debit
TRSF E-BANKING DB9504727220,tidak_diketahui,Mandiri,transfer
INFAQ JUMAT932101,transfer_sosial,Danamon,transfer
TRF ORANG TUA PUTRI MAHARANI 4584515665,transfer_keluarga,Permata,transfer
DB MAXIM TIKET,transport,BNI,debit
TOP UP OVO VIA Permata,topup_ewallet,OVO,ewallet
TOP UP LINKAJA 20532670,topup_ewallet,LinkAja,ewallet
NP DUFAN MLG,hiburan,BRI,debit
TRF KE OLIVIA SINAGA PATUNGAN WISATA,transfer_sosial,Mandiri,transfer
AUTODEBET CICILAN KENDARAAN,tagihan,BNI,debit
DB NOTARIS PPAT,lainnya,CIMB,debit
TRF BULANAN  KE VERA ANGGRAINI,transfer_keluarga,Danamon,transfer
DB TRF 0239808726,tidak_diketahui,CIMB,transfer
TRSF DB KIRIMAN KELUARGA UTAMI DEWI,transfer_keluarga,BCA,transfer
PYMNT KLIKDOKTER,kesehatan,BCA,debit
BELANJA THE BODY SHOP SMG,belanja,Permata,debit
DB WARTEG BAHARI LPG,makanan,Permata,debit
DEBIT EDC BIMBEL ONLINE PLB,pendidikan,BCA,debit
TRSF E-BANKING DB KAI ACCESS,transport,BCA,debit
TRSF E-BANKING DB KAI ACCESS,transport,Danamon,debit
QRIS PMT LABORATORIUM PRAMITA MLG,kesehatan,BNI,debit
DB EDC RS SILOAM,kesehatan,BCA,debit
DEBIT EDC KURSUS MUSIK YAMAHA SOL,pendidikan,Danamon,debit
BYR BPJS KESEHATAN 659,tagihan,CIMB,debit
QRIS PMT ERIGO BGR,belanja,BCA,debit
TRSF E-BANKING DB TRAVELOKA EATS,makanan,BNI,debit
DEBIT EDC LES PRIVAT BKS,pendidikan,CIMB,debit
TRSF E-BANKING DB GOJEK,transport,BRI,debit
SWITCHING DB TOL BPN,transport,BRI,debit
TRANSFER KE HADI SUSANTO NAFKAH BULANAN,transfer_keluarga,Permata,transfer
E-BANKING DB SKILL ACADEMY,pendidikan,Mandiri,debit
TRSF E-BANKING  DB GRABFOOD,makanan,BSI,debit
DEBIT EDC DONASIPMI SMG,lainnya,BNI,debit
SKILL ACADEMY,pendidikan,BSI,debit
RETAIL ALFAMIDI YK,belanja,Permata,debit
switching db topup ovo,topup_ewallet,OVO,ewallet
NP PERTAMINA SPBU LPG,transport,BRI,debit
switching db bri 4463159679 rina wati,transfer_sosial,BCA,transfer
TOP UP LINKAJA 288212,topup_ewallet,LinkAja,ewallet
TRANSFER 2245351746,tidak_diketahui,Permata,transfer
DB EDC RS MITRA KELUARGA,kesehatan,BNI,debit
BIAYA BEROBAT KLINIK GIGI,kesehatan,BRI,debit
FOOD SABANAFRIED CHICKEN BPN,makanan,Danamon,debit
TRSF E-BANKING DB SHOPEE,belanja,BRI,debit
SA IB PRIMA Dr Trf 1904205603,tidak_diketahui,BCA,transfer
TRSF E-BANKING DB BIMBEL PRIMAGAMA,pendidikan,Mandiri,debit
SWITCHING DB TOL BTM,transport,Danamon,debit
PYMNT CICILAN ADIRA FINANCE 186279124303,tagihan,CIMB,debit
IPY KLIKDOKTER,kesehatan,BCA,debit
TRF IURAN RT VERAANGGRAINI 2633808071,transfer_sosial,BSI,transfer
IPY SHOPEEFOOD,makanan,CIMB,debit
BYR KURSUS KOMPUTER 09244675,pendidikan,Danamon,debit
BEROBAT RS ADVENT,kesehatan,BCA,debit
DB TIKTOK SHOP BELANJA,belanja,Danamon,debit
NP INUL VIZTA BPN,hiburan,BRI,debit
TRF BULANAN KE INDRA KUSUMA,transfer_keluarga,BSI,transfer
SA IB PRIMA Dr Trf 6788776587 DINA FITRIANI,transfer_keluarga,BCA,transfer
PYMNT UDEMY LEARNING,pendidikan,Danamon,debit
KONSULTASI GRABHEALTH,kesehatan,BSI,debit
TRANSFER BELANJA KELUARGA YUSUF RAHMAN,transfer_keluarga,Mandiri,transfer
DB  EDC TRANSJAKARTA,transport,Mandiri,debit
SWITCHING DB INDOSAT IM3,tagihan,Mandiri,debit
DB BUKALAPAK PAYMENT,belanja,Mandiri,debit
TRANSFER KE KURNIA SARI NAFKAH BULANAN,transfer_keluarga,Danamon,transfer
PATUNGAN ULANG TAHUN LINA MARLINA,transfer_sosial,BSI,transfer
BAYAR TAGIHAN CICILAN KENDARAAN,tagihan,BNI,debit
PEMBAYARAN SHOPEEFOOD,makanan,BCA,debit
TRSF DEBIT 82222456,tidak_diketahui,Danamon,transfer
NP RS ADVENT YK,kesehatan,BRI,debit
DB SHOPEEFOOD FOOD,makanan,BCA,debit
PBK GIRO KE TABUNGAN 3690414927,transfer_internal,Permata,transfer
NP PET SHOP BDG,lainnya,BRI,debit
TRANSFER KAS RT ANISA RAHMA,transfer_sosial,BNI,transfer
NP URBAN REPUBLIC MLG,belanja,BRI,debit
BYR VIA M-BANKING AXIS,tagihan,BCA,debit
IPY TIKTOK SHOP,belanja,Permata,debit
BAYAR KLINIK APOTEK GUARDIAN MDN,kesehatan,Mandiri,debit
pembayaran traveloka eats,makanan,BCA,debit
SWITCHING DB TOL LPG,transport,Mandiri,debit
TRSF E-BANKING DB 6434786671 IRA YUNITA,transfer_sosial,CIMB,transfer
IPY BLIBLI,belanja,BCA,debit
DB GOJEK TIKET,transport,BRI,debit
BAYAR TAGIHAN BPJSTK,tagihan,BRI,debit
NP INUL VIZTA BGR,hiburan,BRI,debit
TRSF E-BANKING DB 3910772289 FITRI HANDAY,transfer_keluarga,BRI,transfer
IPY SKILL ACADEMY,pendidikan,CIMB,debit
DB GOOGLE PLAY GAMES,hiburan,BRI,debit
PYMNT SHOPEEFOOD,makanan,BRI,debit
QRIS PMT LABORATORIUM PRODIA LPG,kesehatan,Mandiri,debit
QRIS PMT BIAYA UJIAN NASIONAL,pendidikan,Mandiri,debit
FOOD BUBUR AYAM MLG,makanan,Danamon,debit
PEMBAYARAN RAWAT LABORATORIUM CITO,kesehatan,Permata,debit
TRANSFER BELANJA KELUARGA SURYA DARMA,transfer_keluarga,BNI,transfer
DB FLAZZ TOPUP,transport,BSI,debit
SWITCHING DB Permata 8997706861,tidak_diketahui,BSI,transfer
DEBIT EDC CONVERSE STORE PLB,belanja,BNI,debit
BYR TAGIHAN BPJSTK,tagihan,Mandiri,debit
TRSF E-BANKING DB LAUNDRY,lainnya,BRI,debit
TRSF E-BANKING DB 6533252113 EKO PRASETYO RUTIN,transfer_keluarga,BRI,transfer
ULANG TAHUN RINA WATI,transfer_sosial,Danamon,transfer
TRSF DB SUMBANGAN UMI KALSUM,transfer_sosial,BSI,transfer
DB EDC KLINIK PRATAMA,kesehatan,BRI,debit
TRSF NAFKAH HENDRA GUNAWAN BULANAN,transfer_keluarga,Permata,transfer
QRIS PMT ERAFONE BKS,belanja,BSI,debit
TRSF E-BANKING DB SPP SEKOLAH DASAR,pendidikan,BSI,debit
DEBIT EDC FOTOKOPI PRINT CRB,lainnya,Mandiri,debit
KIRIM KE ADIK VINA OKTAVIA 1929429925,transfer_keluarga,BSI,transfer
PATUNGAN KADO NURI RAHAYU,transfer_sosial,Mandiri,transfer
KIRIMAN IBU ARIF HIDAYATULLAH 5565491971,transfer_keluarga,Danamon,transfer
DB TRF 3141605059,tidak_diketahui,Danamon,transfer
KIRIMAN IBU GUNAWANWIBOWO 1479252912,transfer_keluarga,Permata,transfer
BAYAR KLINIK RS PONDOK IND,kesehatan,BRI,debit
KONDANGAN PERNIKAHAN VINA OKTAVIA,transfer_sosial,BNI,transfer
OVERBOOKING Danamon INTERNAL,transfer_internal,DANA,ewallet
trf bulanan ke ratna sari,transfer_keluarga,BRI,transfer
TRSF E-BANKING DB GOFOOD,makanan,BRI,debit
TRF IURAN MUSHOLA KURNIA SARI,transfer_sosial,Permata,transfer
SUMBANGAN MASJID HADI SUSANTO,transfer_sosial,Permata,transfer
TRSF E-BANKING D,makanan,Mandiri,debit
TRF 7657843542 BCA 762,tidak_diketahui,Mandiri,transfer
TRANSFER KE NURI RAHAYU NAFKAH BULANAN,transfer_keluarga,BSI,transfer
QRIS PMT BIAYA UJ,pendidikan,BSI,debit
PEMBAYARAN RAWAT KLINIK PRATAMA,kesehatan,BNI,debit
DB A&W RESTAURANT YK,makanan,BNI,debit
NP PERTAMINA SPBU YK,transport,BRI,debit
QRIS PMT APOTEK 24 JAM MDN,kesehatan,BCA,debit
PYMNT TAGIHAN KARTU KREDIT MANDIRI 295146,tagihan,Mandiri,debit
SA IB PRIMA Dr Trf 3698820062 MEGA PUSPITA,transfer_keluarga,BCA,transfer
QRIS PMT CUCI MOBIL JKT,lainnya,BSI,debit
DB COURSERA,pendidikan,BRI,debit
SWITCHING DB GARENA TOP UP,hiburan,BNI,debit
PEMBELIAN E-MONEY DANA,topup_ewallet,DANA,ewallet
DB INDIHOME TELKOM,tagihan,Mandiri,debit
PEMBAYARAN PDAM KOTA 6332910543,tagihan,BSI,debit
PYMNT GRAB,transport,BNI,debit
QRIS PMT WATERBOM DPS,hiburan,BRI,debit
KLINIK GIGI YK,kesehatan,Mandiri,debit
KONSULTASI GRABHEALTH,kesehatan,Mandiri,debit
TRSF E-BANKING DB PLN PASCABAYAR,tagihan,BCA,debit
TRSF E-BANKING DB SPOTIFY PREMIUM,hiburan,Danamon,debit
DB HALODOC,kesehatan,Danamon,debit
DEBIT EDC RS MITRA KELUARGA BDG,kesehatan,BCA,debit
BIAYA BEROBAT LABORATORIUM CITO,kesehatan,BCA,debit
NP LABORATORIUM CITO PLB,kesehatan,BRI,debit
DONASI SOSIAL CITRA DEWI,transfer_sosial,Permata,transfer
TRANSFER BELANJA KELUARGA KURNIA SARI,transfer_keluarga,BSI,transfer
PYMNT DOKTERKU,kesehatan,BCA,debit
IPY GRABFOOD,makanan,BCA,debit
BYR VIA M-BANKING TAGIHAN BPJS KESEHATAN 146,tagihan,BSI,debit
SUMBANGAN MASJID NURI RAHAYU,transfer_sosial,BCA,transfer
QRIS PMT WARUNG NASI GORENG MDN,makanan,Permata,debit
PEMBAYARAN RAWAT RS PREMIER JATINEGARA,kesehatan,CIMB,debit
IPY XL PRABAYAR 865883,tagihan,BSI,debit
IPY BIMBELNEUTRON,pendidikan,BCA,debit
BAYAR KLINIK APOTEK GUARDIAN LPG,kesehatan,CIMB,debit
TRSF E-BANKING DB AXIS,tagihan,Mandiri,debit
DB EDC PARKIR KOTA,transport,BCA,debit
DB NETFLIX.COM,hiburan,Permata,debit
IPY TRAVELOKA,transport,Mandiri,debit
BYR TAGIHAN PLN TOKEN LISTRIK,tagihan,BCA,debit
SA OB TABUNGAN BISNIS,transfer_internal,Mandiri,transfer
VIS WATSONS,belanja,Mandiri,debit
KIRIM KONDANGAN VINA OKTAVIA,transfer_sosial,BCA,transfer
DB SHOPEE PAYMENT,belanja,Mandiri,debit
PRC MARUGAME UDON BTM 804,makanan,BRI,debit
DB TOKOPEDIA BELANJA,belanja,BSI,debit
DB TRAVELOKA EATS ORDER,makanan,Mandiri,debit
DEBIT EDC SHELL SPBU YK,transport,Danamon,debit
TRSF E-BANKING DB 5695819644  MEGA PUSPITA RUTIN,transfer_keluarga,CIMB,transfer
BYR TAGIHAN TELKOMSEL SIMPATI,tagihan,Danamon,debit
TRANSFER KE LESTARI  NINGRUM NAFKAH BULANAN,transfer_keluarga,BCA,transfer
TRF KE DANA 43927,topup_ewallet,DANA,ewallet
BAYAR KLINIK LABORATORIUM PRAMITA BGR,kesehatan,Mandiri,debit
DEBIT EDC SPP UNIVERSITAS JKT,pendidikan,BCA,debit
NP ADIDAS STORE SOL,belanja,BRI,debit
NP BIOSKOP XXI SMG,hiburan,BRI,debit
IPY GRABFOOD,makanan,BNI,debit
SA OB TABUNGAN BISNIS,transfer_internal,Mandiri,transfer
BAYAR TAGIHAN BPJSTK,tagihan,BRI,debit
PRC WARUNG PADANG SEDERHANA SMG,makanan,BRI,debit
TRSF E-BANKING DB SKILL ACADEMY,pendidikan,BSI,debit
DEBIT EDC APOTEK KIMIA FARMA TNG,kesehatan,BRI,debit
BAYAR TAGIHAN TRI,tagihan,BRI,debit
TRSF E-BANKING DBLAZADA,belanja,BNI,debit
TRANSFER BELANJA KELUARGA RATNA SARI,transfer_keluarga,Mandiri,transfer
PATUNGAN ULANG TAHUN IRA YUNITA,transfer_sosial,BCA,transfer
BAYAR TAGIHAN SMARTFREN,tagihan,BNI,debit
TRF ARISAN TIKA RAHMADHANI 02,transfer_sosial,BNI,transfer
AUTODEBET BIZNET HOME,tagihan,BNI,debit
AUTODEBET PGN GAS RUMAH,tagihan,BRI,debit
DB EDC AMAZONE,hiburan,Mandiri,debit
TRSF E-BANKING DB SUNATAN,lainnya,Permata,debit
DB EDC DUFAN,hiburan,CIMB,debit
PYMNT TAGIHAN INTERNET INDIHOME 5429312759,tagihan,Danamon,debit
BELANJA MINISO BKS,belanja,BSI,debit
DEBIT EDC COTTON INK BPN,belanja,Danamon,debit
NP MRT JAKARTA PBR,transport,BRI,debit
AUTODEBET BPJS KESEHATAN,tagihan,BSI,debit
QRIS PMT PARKIR TNG,transport,BNI,debit
NP CONVERSE STORE SBY,belanja,BRI,debit
DEBIT EDC LOTTEMARTMDN,belanja,Permata,debit
PEMBAYARAN GOFOOD,makanan,CIMB,debit
DB EDC TRANSJAKARTA,transport,Permata,debit
QRIS PMT PARKIR BGR,transport,Danamon,debit
DB TRAVELOKA EATS FOOD,makanan,BNI,debit
DEBIT EDC MATAHARI DEPT STORE SMG,belanja,BNI,debit
TRSF E-BANKING DB KAI ACCESS,transport,BNI,debit
BYR IURAN BULANAN RT 48884135,tagihan,CIMB,debit
TRANSFER KE GOPAY 296911,topup_ewallet,GoPay,ewallet
VIS THE BODY SHOP,belanja,Mandiri,debit
PEMBAYARAN PLN PREPAID 0719095031,tagihan,BSI,debit
DEBIT EDC KURSUS KOMPUTER JKT,pendidikan,Danamon,debit
DB ZALORA PAYMENT,belanja,Permata,debit
PEMBAYARAN RAWAT RS PREMIER JATINEGARA,kesehatan,CIMB,debit
TRSF E-BANKING DB 9127298729 PANDU ADITYA RUTIN,transfer_keluarga,BRI,transfer
QRIS PMT NEW ERA PLB,belanja,BRI,debit
QRIS PMT BIMBEL GANESHA OPERATION,pendidikan,BNI,debit
TOP UP DANA VIA BSI,topup_ewallet,DANA,ewallet
DB TAGIHAN INTERNET INDIHOME,tagihan,BCA,debit
DB FLAZZ TOPUP,transport,BNI,debit
BELANJA ADIDAS STORE SBY,belanja,Mandiri,debit
PYMNT BPJS KETENAGAKERJAAN 7893274429,tagihan,CIMB,debit
APY PERTAMINA SPBU,transport,BCA,debit
DB EDC NEW ERABDG,belanja,BCA,debit
TRSF E-BANKING DB SERVICE AC,lainnya,Permata,debit
TRSF E-BANKING DB 4621791510 OLIVIA SINAGA RUTIN,transfer_keluarga,BSI,transfer
DEBIT EDC APOTEK KIMIA FARMA SBY,kesehatan,Mandiri,debit
BIAYA BEROBAT APOTEK VIVA GENERIK,kesehatan,Permata,debit
BYR SEDEKAH 104233,lainnya,BRI,debit
DB EDC AHASS HONDA,transport,BRI,debit
NP TIMEZONE SMG,hiburan,BRI,debit
DEBIT EDC H&M BPN,belanja,BNI,debit
TRSF E-BANKING DB TIKTOK SHOP,belanja,BCA,debit
BELANJA RAMAYANA BGR,belanja,Mandiri,debit
DB MAXIM RIDE,transport,BCA,debit
SA OB CA TABUNGAN KE DEPOSITO,transfer_internal,Mandiri,transfer
IPY KURSUS BAHASA EF ENGLISH,pendidikan,Mandiri,debit
AUTODEBET TELKOMSEL SIMPATI,tagihan,BSI,debit
PEMBAYARAN TRAVELOKA EATS,makanan,Permata,debit
AUTODEBET CICILAN FIF MOTOR,tagihan,BRI,debit
KIRIMAN BULANAN SUAMI UMI KALSUM,transfer_keluarga,BRI,transfer
PYMNT TRAVELOKA,transport,Permata,debit
TRSF E-BANKING DB2799082950 DINA FITRIANI,transfer_sosial,BRI,transfer
SWITCHING DB TOL BKS,transport,Danamon,debit
DB GRABHEALTH 767,kesehatan,Danamon,debit
TRSF E-BANKING DB GOPAY 280882517828,topup_ewallet,GoPay,ewallet
E-BANKING DB TELKOMSEL KARTU AS,tagihan,Permata,debit
QRIS PMT KLINIK GIGI BDG,kesehatan,BSI,debit
TRSF E-BANKING DB LAZADA,belanja,BCA,debit
TOP UP OVO VIA Permata,topup_ewallet,OVO,ewallet
MYREPUBLIC 362384,tagihan,Mandiri,debit
KIRIMAN BULANAN SUAMI INDRA KUSUMA,transfer_keluarga,Mandiri,transfer
TRSF E-BANKING DB KLIKDOKTER,kesehatan,Danamon,debit
NP PEPPER LUNCH DPK,makanan,BRI,debit
DEBIT EDC THE BODY SHOP LPG,belanja,BCA,debit
QRIS PMT BIMBEL NEUTRON,pendidikan,Danamon,debit
SA IB PRIMA Dr Trf 0011594080,tidak_diketahui,BCA,transfer
SWITCHING DB CIMB 6317834983 NURI RAHAYU,transfer_sosial,Mandiri,transfer
DB DUOLINGO PLUS,pendidikan,Danamon,debit
DEBIT EDC BIOSKOP CGV YK,hiburan,BNI,debit
IPY TRAVELOKA,transport,CIMB,debit
BIAYA BEROBAT RS PREMIER JATINEGARA,kesehatan,CIMB,debit
KONSULTASI GOODDOCTOR,kesehatan,Permata,debit
switching db topup ovo,topup_ewallet,OVO,ewallet
BAYAR TAGIHAN CICILAN KPR BTN,tagihan,Danamon,debit
TRSF E-BANKING DB BLIBLI,belanja,Danamon,debit
SA OB CA TABUNGAN KE DEPOSITO,transfer_internal,Mandiri,transfer
TRANSFER KAS RT NURI RAHAYU,transfer_sosial,CIMB,transfer
NP LAWSON MKS,belanja,BRI,debit
qris pmt bengkel suzuki bgr,transport,BNI,debit
TRSF E-BANKING DB GRABFOOD,makanan,BRI,debit
EDC BIOSKOP XXI JKT,hiburan,CIMB,debit
PEMBAYARAN RAWAT APOTEK KIMIA FARMA,kesehatan,Mandiri,debit
INFAQ JUMAT 946546,transfer_sosial,BRI,transfer
DEBIT EDC URBAN REPUBLIC SOL,belanja,Permata,debit
VIS SAMSUNG STORE,belanja,Mandiri,debit
DB EDC AMAZONE,hiburan,Mandiri,debit
PEMBAYARAN GOFOOD 957,makanan,CIMB,debit
SWITCHING DB BCA 0221574920 SARI INDAH,transfer_sosial,Danamon,transfer
BELANJA DAISO TNG,belanja,BNI,debit
DEBIT EDC SEDEKAH BPN,lainnya,BRI,debit
QRIS PMT PARKIR DPK,transport,BCA,debit
DB EDC PUSKESMAS,kesehatan,BNI,debit
TRSF E-BANKING DB ORAMI,belanja,Permata,debit
TRSF E-BANKING DB SPP UNIVERSITAS,pendidikan,Permata,debit
PYMNT ZALORA,belanja,Permata,debit
QRIS PMT INUL VIZTA PBR,hiburan,BSI,debit
QRIS PMT  HAPPY PUPPY KTV BGR,hiburan,Mandiri,debit
IPY  KURSUS MUSIK YAMAHA,pendidikan,BNI,debit
BYR SUNATAN 449452442977,lainnya,Mandiri,debit
TRANSFER KAS RT YANTI PERMATA,transfer_sosial,BSI,transfer
NP DONASI PMI LPG,lainnya,BRI,debit
BYR GRAMEDIA BOOKSTORE 4051562638,pendidikan,CIMB,debit
DB DONASI PMI 862,lainnya,Danamon,debit
MAKAN WARUNG NASI GORENG BKS,makanan,BSI,debit
DB EDC SABANA FRIED CHICKEN TNG,makanan,Permata,debit
IURAN ARISAN BULANAN DEWI ,transfer_sosial,Permata,transfer
DB FLAZZ TOPUP,transport,BNI,debit
BYR TAGIHAN IURAN BULANAN RT,tagihan,Permata,debit
DB FLAZZ TOPUP,transport,Permata,debit
IPY RUANGGURU,pendidikan,Mandiri,debit
KIRIM KE ADIK LESTARI NINGRUM 9607514255,transfer_keluarga,BSI,transfer
IPY TOKOPEDIA,belanja,BNI,debit
IPY PGN GAS RUMAH 51757587,tagihan,BRI,debit
RESTO RICHEESE FACTORY BKS,makanan,Mandiri,debit
IPY SHOPEEFOOD,makanan,Permata,debit
VIS JANJI JIWA DPK,makanan,Mandiri,debit
QRIS PMT KURSUS MUSIK YAMAHA,pendidikan,BNI,debit
FOOD AYAM GEPREK BENSU YK,makanan,Danamon,debit
DB GOFOOD ORDER,makanan,Permata,debit
TRSF E-BANKING DB TIKET.COM,transport,CIMB,debit
PRC RAMAYANA DPK,belanja,BSI,debit
IPY UDEMY LEARNING,pendidikan,BRI,debit
SWITCHING DB TOL PBR,transport,Permata,debit
IPY TOKOPEDIA,belanja,BSI,debit
IPY GRABFOOD,makanan,Permata,debit
JUMAT 573658,transfer_sosial,BNI,transfer
TRSF E-BANKING DB GRAB,transport,BSI,debit
BAYAR TAGIHAN CICILAN FIF MOTOR,tagihan,BSI,debit
BAYAR KLINIK LABORATORIUM CITO JKT,kesehatan,BSI,debit
NP DAISO TNG,belanja,BRI,debit
BIAYA BEROBATPUSKESMAS,kesehatan,CIMB,debit
NP RS HERMINA BGR,kesehatan,BRI,debit
NP MATAHARI DEPT STORE SOL,belanja,BRI,debit
DB EDC BIOSKOP XXI,hiburan,Mandiri,debit
TOP UP LINKAJA 748836031420,topup_ewallet,LinkAja,ewallet
DEBIT EDC SAMSUNG STORE SOL,belanja,BNI,debit
BYR VIA M-BANKING PLN PRABAYAR,tagihan,BNI,debit
DONASI TIKA RAHMADHANI 255196 324,transfer_sosial,Permata,transfer
DB TRAVELOKA RIDE,transport,BRI,debit
PYMNT KLIKDOKTER,kesehatan,BSI,debit
NP APOTEK WATSONS BGR,kesehatan,BRI,debit
TRSF DEBIT 34020634,tidak_diketahui,Danamon,transfer
BELANJA DAISO DPS,belanja,Danamon,debit
DB LAZADA PAYMENT,belanja,Mandiri,debit
DEBIT EDC RS MEDISTRA SOL,kesehatan,Mandiri,debit
NP TIMEZONE MKS,hiburan,BRI,debit
DB TELKOMSEL SIMPATI,tagihan,CIMB,debit
TRSF E-BANKING DB 7704622224,tidak_diketahui,BCA,transfer
PRC URBAN REPUBLIC BKS,belanja,Mandiri,debit
QRIS PMT BIMBEL NEUTRON,pendidikan,BCA,debit
BYR DONASI PMI 8645989494,lainnya,Permata,debit
DB EDC GOLD GYM,hiburan,CIMB,debit
IPY COURSERA,pendidikan,Mandiri,debit
pembayaran shopee order,belanja,BSI,debit
NP MRTJAKARTA JKT,transport,BRI,debit
TRF KE DANA 17402244,topup_ewallet,DANA,ewallet
PYMNT GOFOOD,makanan,Permata,debit
FOOD GEPREK BENSU MKS,makanan,Permata,debit
EDC CINEPOLIS BKS,hiburan,BSI,debit
DB CICILAN KPR BRI,tagihan,BNI,debit
PYMNT GRABHEALTH,kesehatan,Danamon,debit
QRIS PMT NOTARIS PPAT BGR,lainnya,CIMB,debit
PYMNT GOFOOD,makanan,BSI,debit
INFAQ JUMAT 860960,transfer_sosial,BNI,transfer
QRIS PMT TRANSJAKARTA BPN,transport,BCA,debit
PYMNT BUKALAPAK,belanja,BRI,debit
DONASI ARIF HIDAYATULLAH 214146,transfer_sosial,CIMB,transfer
TRF IURAN MUSHOLA SURYA DARMA,transfer_sosial,CIMB,transfer
PRC HYPERMARTBPN,belanja,Permata,debit
NP NOTARIS PPAT TNG,lainnya,BRI,debit
TRF 887430 BNI,tidak_diketahui,CIMB,transfer
PEMBAYARAN CICILAN FIF MOTOR 439966,tagihan,BCA,debit
KONDANGAN PERNIKAHAN CAHYA PRATAMA,transfer_sosial,BNI,transfer
DEBIT EDC APOTEK CENTURY DPS,kesehatan,Danamon,debit
TRSF DB SUMBANGAN CAHYA PRATAMA,transfer_sosial,Mandiri,transfer
BYR TRI HUTCHISON 302841010455,tagihan,Mandiri,debit
DB MAXIM TIKET,transport,Mandiri,debit
NP INUL VIZTA LPG,hiburan,BRI,debit
TRANSFER KE ZAKI ABDILLAH NAFKAH BULANAN,transfer_keluarga,Mandiri,transfer
KIRIM NAFKAH UTAMI DEWI,transfer_keluarga,Mandiri,transfer
SA IB PRIMA Dr Trf 6976378212 KURNIASARI,transfer_keluarga,BCA,transfer
BYR NOTARIS PPAT 4286541708,lainnya,BSI,debit
DB SHOPEEFOOD FOOD,makanan,BSI,debit
IPY PLN PREPAID 214405,tagihan,Danamon,debit
DB EDC H&M BTM,belanja,BCA,debit
QRIS PMT BIMBEL ONLINE 399,pendidikan,BRI,debit
QRIS PMT LAUNDRY SMG 267,lainnya,CIMB,debit
MAKAN GEPREK BENSU MLG,makanan,BSI,debit
TRF UANG JAJAN ANAK EKO PRASETYO,transfer_keluarga,Danamon,transfer
MAKAN MIXUE SBY,makanan,BNI,debit
FOOD WARTEG BAHARI BKS,makanan,Permata,debit
TRSF E-BANKING DB GRABFOOD,makanan,BNI,debit
AUTODEBET INDIHOME TELKOM,tagihan,Mandiri,debit
DB KAI ACCESS RIDE,transport,Mandiri,debit
BYR SERVICE AC 057272335632,lainnya,Mandiri,debit
DEBIT EDC SPORT STATION MKS,belanja,Danamon,debit
trsf e-banking db 4413257774 tono hartono,transfer_sosial,BRI,transfer
KIRIMAN BULANAN SUAMI LESTARI NINGRUM,transfer_keluarga,Danamon,transfer
IPY TOGA MAS,pendidikan,Danamon,debit
DEBIT EDC LABORATORIUM CITO SMG,kesehatan,BNI,debit
DEBIT EDC KURSUS BAHASA EF ENGLISH DPK,pendidikan,BCA,debit
SWITCHING DB IURAN BPJS,tagihan,BCA,debit
TRSF E-BANKING DB BIMBEL ONLINE,pendidikan,Permata,debit
KIRIM UANG ISTRI PUTRI MAHAR,transfer_keluarga,BNI,transfer
PYMNT BUKALAPAK,belanja,Permata,debit
TRSF E-BANKING DB BLIBLI,belanja,BNI,debit
TRANSFER BELANJA KELUARGA EKO PRASETYO,transfer_keluarga,Danamon,transfer
COTTON INK BTM,belanja,Danamon,debit
DEBIT EDC DUFAN DPS,hiburan,BNI,debit
SWITCHING DB CIMB 5179838060 HADI SUSANTO,transfer_keluarga,Permata,transfer
QRIS PMT OPTIK SEIS DPK,belanja,CIMB,debit
TRF KE NANDA WIJAYA PATUNGAN WISATA,transfer_sosial,CIMB,transfer
ipy pln pascabayar 2014103324,tagihan,BRI,debit
RETAIL RANCH MARKET BDG,belanja,CIMB,debit
PRC MAXX COFFEE BPN,makanan,CIMB,debit
QRIS PMT UKT SEMESTER GANJIL,pendidikan,BNI,debit
TRF 0908329453 BRI,tidak_diketahui,CIMB,transfer
QRIS PMT SALON MLG,lainnya,BRI,debit
DONASI SOSIAL ENDAH PURWANTI,transfer_sosial,BCA,transfer
APY INDOSAT OOREDOO 669457,tagihan,BCA,debit
DEBIT EDC LES PRIVAT JKT,pendidikan,BNI,debit
BELANJA GIANT HYPERMARKET DPS,belanja,BCA,debit
PYMNT GOFOOD,makanan,Permata,debit
TRSF E-BANKING DB KURSUS LIA LANGUAGE,pendidikan,Danamon,debit
DB GOFOOD ORDER,makanan,CIMB,debit
PATUNGAN UTAMI DEWI,transfer_sosial,Permata,transfer
DB EDC CINEPOLIS,hiburan,Permata,debit
BAYAR TAGIHAN SMARTFREN,tagihan,BCA,debit
PYMNT SHOPEEFOOD,makanan,CIMB,debit
DB EDC DUFAN 874,hiburan,CIMB,debit
SWITCHING DB TELKOMSEL KARTU ,tagihan,CIMB,debit
DB ZENIUS EDUCAT,pendidikan,BNI,debit
QRIS PMT PARKIR BKS,transport,Mandiri,debit
TRF KE DANA 2545515,topup_ewallet,DANA,ewallet
TRSF E-BANKING DB GRABFOOD,makanan,Permata,debit
VIS INDOMARET,belanja,Mandiri,debit
DEBIT EDC UKT SEMESTER GANJIL MDN,pendidikan,BNI,debit
PYMNT DOKTERKU,kesehatan,Permata,debit
debit edc biaya wisuda sby,pendidikan,Danamon,debit
NP LABORATORIUM PRODIA BPN,kesehatan,BRI,debit
IPY LES PRIVAT,pendidikan,Danamon,debit
QRIS PMT RANCH MARKET PLB,belanja,BCA,debit
DEBIT EDC BIAYA WISUDA SBY,pendidikan,BCA,debit
AUTODEBET IURAN BULANAN RT,tagihan,CIMB,debit
BAYAR KLINIK RS HERMINA PLB,kesehatan,Permata,debit
DB BPJS KETENAGAKERJAAN,tagihan,BSI,debit
TRF PATUNGAN AHMAD FAUZI,transfer_sosial,Mandiri,transfer
E-BANKING DB KLIKDOKTER,kesehatan,BSI,debit
DB GOFOOD ORDER,makanan,Permata,debit
TRF RUTIN BULANAN RINA WATI 2767550258,transfer_keluarga,Mandiri,transfer
RETAIL RANCH MARKET ,belanja,Mandiri,debit
QRIS PMT ERAFONE LPG,belanja,Mandiri,debit
AUTODEBET TAGIHAN BPJS KESEHATAN,tagihan,BCA,debit
TRF BULANAN KE OLIVIA SINAGA,transfer_keluarga,Danamon,transfer
DB DONASI PMI,lainnya,BNI,debit
TRSF DB KIRIMAN KELUARGA WAHYU HIDAYAT,transfer_keluarga,BRI,transfer
TRANSFER  KAS RT ZAKI ABDILLAH,transfer_sosial,BCA,transfer
BYR LES PRIVAT 985427684187,pendidikan,Permata,debit
IPY UKT SEMESTER GANJIL,pendidikan,BCA,debit
PYMNT GRAB,transport,CIMB,debit
BELANJA HERO SUPERMARKET SMG,belanja,Danamon,debit
TRSF E-BANKING DB SEDEKAH,lainnya,CIMB,debit
IPY SHOPEE 742,belanja,Mandiri,debit
TRSF E-BANKING DB TRAVELOKA,transport,BRI,debit
DB TRAVELOKA RIDE,transport,Danamon,debit
SA OB TABUNGAN BISNIS,transfer_internal,Mandiri,transfer
PRC METRO DEPT STORE SMG,belanja,Danamon,debit
NP AQIQAH SOL,lainnya,BRI,debit
BELANJA URBAN REPUBLIC BDG,belanja,BSI,debit
NP DONASI PMI MDN,lainnya,BRI,debit
TRSF E-BANKING DB DUOLINGO PLUS,pendidikan,BCA,debit
PYMNT GOJEK,transport,BRI,debit
CBN FIBER 195226719270,tagihan,BNI,debit
biaya berobat apotek 24 jam,kesehatan,BSI,debit
BYR TAGIHAN CICILAN KENDARAAN,tagihan,Permata,debit
QRIS PMT ZAKAT INFAQ PLB,lainnya,BRI,debit
DEBIT EDC CINEPOLIS SBY,hiburan,CIMB,debit
TRANSFER ANAK KOS LINA MARLINA,transfer_keluarga,BNI,transfer
BYR TAGIHAN KARTU KREDIT BCA 70822276,tagihan,BSI,debit
DB SHOPEEFOOD ORDER,makanan,Danamon,debit
MAKAN ES TEH INDONESIA DPK,makanan,BRI,debit
PYMNT GRAB,transport,BRI,debit
IPY BUKALAPAK,belanja,BRI,debit
IPY UKT SEMESTER GANJIL,pendidikan,BRI,debit
DEBIT EDC BIMBEL PRIMAGAMA BPN,pendidikan,BCA,debit
IPY TRAVELOKA EATS,makanan,Permata,debit
RETAIL OPTIK SEIS PLB,belanja,BNI,debit
DB SERVICE AC,lainnya,BRI,debit
RESTO TOMORO COFFEE LPG,makanan,Mandiri,debit
PRC DOMINO'S PIZZA SBY,makanan,Mandiri,debit
DB DISNEY+ HOTSTAR,hiburan,Danamon,debit
PYMNT HALODOC,kesehatan,BSI,debit
VIS ACE HARDWARE,belanja,Mandiri,debit
DEBIT EDC NAV KARAOKE BDG,hiburan,BRI,debit
TRF 9239674848 Mandiri,tidak_diketahui,CIMB,transfer
PEMBELIAN E-MONEY LinkAja,topup_ewallet,LinkAja,ewallet
NP PARKIR TNG,lainnya,BRI,debit
db edc mixue jkt,makanan,Danamon,debit
SA OB TABUNGAN BISNIS,transfer_internal,Mandiri,transfer
TRF 0979316632 BRI,tidak_diketahui,CIMB,transfer
QRIS PMT ALFAMIDI SOL,belanja,CIMB,debit
SA IB PRIMA Dr Trf 3592771148 UMI KALSUM,transfer_keluarga,BCA,transfer
IPY SPP UNIVERSITAS,pendidikan,Permata,debit
KIRIMAN IBU PANDU ADITYA 7811823233,transfer_keluarga,CIMB,transfer
BYR TAGIHAN IURAN IPL APARTEMEN,tagihan,Danamon,debit
KONDANGAN PERNIKAHAN RINA WATI,transfer_sosial,Permata,transfer
STEAM PURCHASE,hiburan,CIMB,debit
DB EDC BIOSKOP XXI,hiburan,Mandiri,debit
pymnt pln prabayar 960473,tagihan,BRI,debit
BUKALAPAK BELANJA,belanja,BNI,debit
BYR SALON 31725593,lainnya,Permata,debit
QRIS PMT ASURANSI JIWA SMG,lainnya,BSI,debit
PEMBAYARAN QRIS YOSHINOYA,makanan,Danamon,debit
FOOD  KFC SOL,makanan,Permata,debit
TRF ARISAN LINA MARLINA 994029,transfer_sosial,CIMB,transfer
TRSF E-BANKING DB TOKOPEDIA,belanja,BRI,debit
DB EDC TIMEZONE,hiburan,BCA,debit
trf ke hendra gunawan patungan wisata,transfer_sosial,BNI,transfer
NP CUCI MOBIL BKS,lainnya,BRI,debit
BYR PERIPLUS BOOKSTORE 273572124078,pendidikan,BRI,debit
PATUNGAN KADO MEGA PUSPITA,transfer_sosial,BRI,transfer
IPY SPP SEKOLAH DASAR,pendidikan,BNI,debit
BIAYA HIDUP KELUARGA HENDRA GUNAWAN,transfer_keluarga,BSI,transfer
TRF PATUNGAN CAHYA PRATAMA,transfer_sosial,CIMB,transfer
DB MAXX COFFEE MKS,makanan,Danamon,debit
PYMNT BLIBLI,belanja,Permata,debit
PEMBAYARAN FIRSTMEDIA 96101185,tagihan,Permata,debit
BYR BIMBEL PRIMAGAM,pendidikan,CIMB,debit
NP TIMEZONE PLB,hiburan,BRI,debit
TRANSFER KAS RT EKO PRASETYO 741,transfer_sosial,CIMB,transfer
TRSF NAFKAH OKI PRATAMA BULANAN,transfer_keluarga,Mandiri,transfer
TRSF NAFKAH YUSUF RAHMAN BULANAN,transfer_keluarga,Danamon,transfer
PYMNT GRABFOOD,makanan,BNI,debit
SWITCHING DB PGN GAS RUMAH,tagihan,CIMB,debit
DB GRABFOOD ORDER,makanan,Mandiri,debit
VIS  URBAN REPUBLIC,belanja,Mandiri,debit
IPY STEAM PURCHASE,hiburan,Mandiri,debit
TRANSFER BELANJA KELUARGA ZAKI ABDILLAH,transfer_keluarga,Permata,transfer
PRC RUMAH MAKAN PADANG TNG,makanan,Permata,debit
QRIS PMT TOGA MAS,pendidikan,BRI,debit
TRF PATUNGAN DINA FITRIANI,transfer_sosial,Permata,transfer
TRSF E-BANKING DB APPLE STORE,hiburan,Permata,debit
BYR VIA M-BANKING MYREPUBLIC,tagihan,Permata,debit
DB GRAB TIKET,transport,Permata,debit
TRANSFER KAS RT CAHYA PRATAMA,transfer_sosial,BSI,transfer
VIS ERIGO,belanja,Mandiri,debit
SA IB PRIMA Dr Trf 0293996615 GUNAWAN WIB,transfer_keluarga,BCA,transfer
trf ke umi kalsum patungan wisata,transfer_sosial,BSI,transfer
PYMNT DOKTERKU,kesehatan,BRI,debit
TRSF NAFKAH BAYU NUGROHO BULANAN,transfer_keluarga,Permata,transfer
PYMNT DUOLINGO PLUS,pendidikan,Permata,debit
SA IB PRIMA Dr Trf 5839378421 HENDRA GUNAWAN,transfer_keluarga,BCA,transfer
byr via m-banking firstmedia,tagihan,CIMB,debit
PEMBAYARAN GRABFOOD,makanan,CIMB,debit
IPY PLN TOKEN LISTRIK 667048,tagihan,BRI,debit
SWITCHING DB BSI 2691746720 ANISA RAHMA,transfer_sosial,BNI,transfer
PATUNGAN ULANG TAHUN FITRI HANDAYANI,transfer_sosial,BNI,transfer
DONASI SOSIAL ANISA RAHMA,transfer_sosial,Permata,transfer
IPY GRAB,transport,BSI,debit
TRSF E-BANKING DB 0537375851 BAYU NUGROHO RUTIN,transfer_keluarga,Mandiri,transfer
BYR BIAYA UJIAN NASIONAL 264941,pendidikan,BCA,debit
QRIS PMT DOMINO'S PIZZA LPG,makanan,Danamon,debit
AUTODEBET MYREPUBLIC,tagihan,Permata,debit
FOOD ES TEH INDONESIA BPN,makanan,BCA,debit
KIRIM KE ADIK GUNAWAN WIBOWO 2456257611,transfer_keluarga,CIMB,transfer
PYMNT TAGIHAN KARTU KREDIT BCA 655855698427,tagihan,Danamon,debit
BAYAR TAGIHAN XL AXIATA,tagihan,BSI,debit
E-TOLL DPS,transport,BCA,debit
KIRIMAN IBU WAHYU HIDAYAT 3858474846,transfer_keluarga,Danamon,transfer
DB GOFOOD FOOD,makanan,BSI,debit
BYR INDOSAT IM3 53794647,tagihan,BRI,debit
BAYAR KLINIK RS HERMINA DPS,kesehatan,CIMB,debit
DEBIT EDC RS PONDOK INDAH BTM,kesehatan,Danamon,debit
apy pertamina spbu,transport,BCA,debit
DB EDC OPTIK MELAW,kesehatan,BSI,debit
KIRIM KONDANGAN PUTRI MAHARANI,transfer_sosial,BSI,transfer
TRANSFER ANAK KOS FITRI HANDAYANI,transfer_keluarga,Danamon,transfer
DEBIT EDC RS ADVENT BDG,kesehatan,BCA,debit
DB EDC SHELL SPBU,transport,Danamon,debit
DB EDC RS ADVENT,kesehatan,Mandiri,debit
DB EDC ASTRA OTOPARTS,transport,BCA,debit
PATUNGAN KADO YUSUF RAHMAN,transfer_sosial,Mandiri,transfer
PEMBELIAN E-MONEY OVO,topup_ewallet,OVO,ewallet
IPY BIAYA WISUDA,pendidikan,Permata,debit
BYR VIA M-BANKING CICILAN ADIRA FINANCE,tagihan,Permata,debit
trsf e-banking db tri hutchison,tagihan,BCA,debit
IPY PERIPLUS BOOKSTORE,pendidikan,Danamon,debit
TRSF E-BANKING DB 7381500221 KIRIMAN EKO PRASETYO,transfer_keluarga,Danamon,transfer
KIRIM KE ADIK LINA MARLINA 0479001111,transfer_keluarga,CIMB,transfer
DB TIKTOK COINS,hiburan,CIMB,debit
TRANSFER 3167363828,tidak_diketahui,BRI,transfer
DB TOP UP EWALLET LinkAja,topup_ewallet,LinkAja,ewallet
PYMNT TIKTOK SHOP,belanja,Mandiri,debit
PEMBAYARAN QRIS JANJI JIWA,makanan,BRI,debit
TRF RUTIN BULANAN JULIANA PUTRI 2651945412,transfer_keluarga,CIMB,transfer
SWITCHING DB Mandiri 9762367146 EKO PRASETYO,transfer_keluarga,BCA,transfer
PYMNT TRAVELOKA,transport,Mandiri,debit
QRIS PMT YAMAHA SERVICE MLG,transport,BCA,debit
SWITCHING DB Mandiri 3935735624 VERA ANGGRAINI,transfer_sosial,CIMB,transfer
DEBIT EDC BIOSKOP CGV BDG,hiburan,BNI,debit
DB TRAVELOKA TIKET,transport,BSI,debit
PEMBAYARAN GRABFOOD,makanan,Mandiri,debit
PYMNT UDEMY LEARNI,pendidikan,Danamon,debit
IPY SHOPEE,belanja,Danamon,debit
PYMNT TELKOMSEL KARTU AS 16458823,tagihan,Permata,debit
PEMBAYARAN LAZADA ORDER,belanja,BSI,debit
DB GRAB TIKET,transport,Danamon,debit
QRIS PMT PARKIR ,transport,BRI,debit
SWITCHING DB BCA 0449715809 TONO HARTONO,transfer_keluarga,Danamon,transfer
TRSF E-BANKING DB GOFOOD,makanan,Permata,debit
TRSF E-BANKING DB 1970182356,tidak_diketahui,BSI,transfer
BIAYA BEROBAT APOTEK  24 JAM,kesehatan,Permata,debit
TRF 588886 Danamon,tidak_diketahui,DANA,ewallet
TRSF NAFKAH ZAHRA NURLAILA BULANAN,transfer_keluarga,Danamon,transfer
DEBIT EDCZAKAT INFAQ SOL,lainnya,BNI,debit
TRSF E-BANKING DB UANG PANGKAL SEKOLAH,pendidikan,BCA,debit
KONSULTASI GRABHEALTH,kesehatan,Danamon,debit
QRIS PMT KURSUS LIA LANGUAGE,pendidikan,Permata,debit
IPY ALODOKTER,kesehatan,BCA,debit
PEMBAYARAN QRIS BAKSO MALANG,makanan,CIMB,debit
TRSF E-BANKING DB ZENIUS EDUCATION,pendidikan,BNI,debit
DEBIT EDC THE BODY SHOP BGR,belanja,CIMB,debit
KIRIM KONDANGAN DINA FITRIANI,transfer_sosial,BNI,transfer
PYMNT TELKOMSEL KARTU AS 350288,tagihan,BCA,debit
DB EDC WATERBOM,hiburan,BCA,debit
DB EDC RS MITRA KELUARGA,kesehatan,Danamon,debit
AUTODEBET AXIS,tagihan,CIMB,debit
DEBIT EDC BIOSKOP XXI BPN,hiburan,BRI,debit
PYMNT GRAB,transport,BRI,debit
QRIS PMT SHELL SPBU YK,transport,CIMB,debit
QRIS PMT KURSUS KOMPUTER,pendidikan,Permata,debit
PEMBAYARAN GRABFOOD,makanan,Permata,debit
DB EDC TIMEZONE,hiburan,Danamon,debit
DB GRABFOOD FOOD,makanan,BCA,debit
IURAN MUSHOLA HENDRA GUNAWAN,transfer_sosial,BCA,transfer
TRSF E-BANKING DB TIKTOK COINS,hiburan,Danamon,debit
DEBIT EDC LRT JABODEBEK YK,transport,BRI,debit
TRSF DB SUMBANGAN MULYADI,transfer_sosial,Permata,transfer
QRIS PMT OPTIK MELAWAI BGR,kesehatan,BRI,debit
PYMNT SHOPEE,belanja,BNI,debit
TRF IURAN MUSHOLA OLIVIA SINAGA,transfer_sosial,BSI,transfer
BYR TAGIHAN TAGIHAN KARTU KREDIT BCA,tagihan,Danamon,debit
db edc anytime fitness,hiburan,Danamon,debit
IPY GOJEK,transport,CIMB,debit
BYR VIA M-BANKING PLN PRABAYAR,tagihan,BSI,debit
SWITCHING DB BPJS KESEHATAN,tagihan,CIMB,debit
INFAQ JUMAT 849532,transfer_sosial,CIMB,transfer
EDC BLUE BIRD TAXI BDG,transport,CIMB,debit
KIRIMAN BULANAN SUAMI BAYU NUGROHO,transfer_keluarga,BSI,transfer
PYMNT TIKTOK COINS,hiburan,BCA,debit
BIAYA BEROBAT KLINIK KIMIA FARMA,kesehatan,Mandiri,debit
BIAYA BEROBAT RS PONDOK INDAH,kesehatan,BRI,debit
QRIS PMT ERIGO BPN,belanja,Danamon,debit
NP TRANSJAKARTA SMG,transport,BRI,debit
TRANSFER ANAK KOS GUNAWAN WIBOWO,transfer_keluarga,Danamon,transfer
BYR BIMBEL GANESHA OPERATION 7758527632,pendidikan,Mandiri,debit
IPY GOFOOD,makanan,BRI,debit
PBK GIRO KE TABUNGAN 5257516744,transfer_internal,Danamon,transfer
DB KAI ACCESS RIDE,transport,BCA,debit
TRSF E-BANKING DB 1564113507,tidak_diketahui,CIMB,transfer
BAYAR TAGIHAN CBN FIBER 143,tagihan,BSI,debit
IPY CICILAN FIF MOTOR 53417032,tagihan,BRI,debit
TRSF E-BANKING DB 2027900971 GILANG RAMADHAN,transfer_sosial,Danamon,transfer
TRF UANG JAJAN ANAK ZAHRA NURLAILA,transfer_keluarga,Danamon,transfer
belanja indomaret bgr,belanja,BNI,debit
DB MAXIMRIDE,transport,CIMB,debit
DB IURAN BPJS,tagihan,Permata,debit
DB E-TOLLMDN,transport,BNI,debit
IPY IURAN IPL APARTEMEN 46477867,tagihan,BSI,debit
DEBIT EDC RS MITRA KELUARGA YK,kesehatan,BRI,debit
KIRIM KONDANGAN GUNAWAN WIBOWO,transfer_sosial,Mandiri,transfer
APY IURAN IPL APARTEMEN 790203,tagihan,BCA,debit
TRSF E-BANKING DB KURSUS MUSIK YAMAHA,pendidikan,BSI,debit
PYMNT TELKOMSEL HALO 7194164425,tagihan,BNI,debit
TRANSFER KE NANDA WIJAYA NAFKAH BULANAN,transfer_keluarga,CIMB,transfer
DB NASI UDUK BETAWI MDN,makanan,Danamon,debit
TRANSFER ANTAR REK BCA,transfer_internal,Permata,transfer
BIAYA BEROBAT FISIOTERAPI KLINIK,kesehatan,Mandiri,debit
SWITCHING DB BNI 1813771470 VERA ANGGRAINI,transfer_keluarga,BSI,transfer
BYR 3 INDONESIA 693493175390,tagihan,BNI,debit
GRABFOOD FOOD,makanan,Permata,debit
DB EDC CINEPOLIS,hiburan,Mandiri,debit
BELANJA UNIQLO SOL,belanja,BNI,debit
QRIS  PMT KURSUS KOMPUTER,pendidikan,BCA,debit
IPY TOGA MAS,pendidikan,Mandiri,debit
TRSF E-BANKING DB GOFOOD,makanan,BCA,debit
SA IB PRIMA Dr Trf GOPAY,topup_ewallet,GoPay,ewallet
IPY LINKEDIN LEARNING,pendidikan,Mandiri,debit
APY LRT JABODEBEK,transport,BCA,debit
DONASI SOSIAL JOKO WIDODO,transfer_sosial,BNI,transfer
TRSF E-BANKING DB SHOPEEFOOD,makanan,BSI,debit
DEBIT EDC UANG PANGKAL SEKOLAH DPK,pendidikan,CIMB,debit
DONASI SOSIAL YANTI PERMATA,transfer_sosial,Danamon,transfer
KIRIMAN BULANAN SUAMI OKI PRATAMA,transfer_keluarga,BRI,transfer
bayar tagihan xl axiata,tagihan,BCA,debit
RETAIL ERIGO PLB,belanja,BCA,debit
INFAQ JUMAT 420328,transfer_sosial,Danamon,transfer
PYMNT ALODOKTER,kesehatan,Danamon,debit
BIAYA BEROBAT APOTEK WATSONS,kesehatan,Permata,debit
DEBIT EDC RS MEDISTRA MKS,kesehatan,BCA,debit
DEBIT EDC KURSUS BAHASA EF ENGLISH YK,pendidikan,BNI,debit
TRF IURAN RT DINA FITRIANI 4476493457,transfer_sosial,Permata,transfer
VIS HERO SUPERMARKET,belanja,Mandiri,debit
SA IB PRIMA Dr Trf 3343690619,tidak_diketahui,BCA,transfer
TRANSFER KE ZAHRA NURLAILA NAFKAH B,transfer_keluarga,BRI,transfer
DB EDC BIOSKOP CGV,hiburan,BSI,debit
DEBIT EDC LES PRIVAT BPN,pendidikan,BCA,debit
DB GOJEK RIDE,transport,Danamon,debit
BAYAR TAGIHAN PDAM TIRTA JAYA,tagihan,BRI,debit
AUTODEBET IURAN IPL APARTEMEN,tagihan,Danamon,debit
pymnt tiktok shop,belanja,Danamon,debit
PEMBAYARAN RAWAT APOTEK VIVA GENERIK,kesehatan,CIMB,debit
PYMNT GRABFOOD,makanan,BNI,debit
TRSF E-BANKING DB FIRSTMEDIA,tagihan,BSI,debit
PEMBAYARAN RAWAT RS MITRA KELUARGA,kesehatan,Permata,debit
PYMNT TRAVELOKA EATS,makanan,BSI,debit
FOOD RUMAH MAKAN PADANG CRB,makanan,CIMB,debit
BYR TAGIHAN CICILAN FIF MOTOR,tagihan,CIMB,debit
debit edc amazone mks,hiburan,Permata,debit
IPY GOJEK,transport,BCA,debit
BAYAR TAGIHAN TELKOMSEL HALO,tagihan,BNI,debit
IPY LES PRIVAT,pendidikan,BCA,debit
IPY TRAVELOKA EATS,makanan,BCA,debit
PYMNT GRABFOOD,makanan,BNI,debit
DB GOFOOD FOOD,makanan,Mandiri,debit
TRSF E-BANKING DB CICILAN FIF MOTOR,tagihan,BRI,debit
SWITCHING DB YOUTUBE PREMIUM,hiburan,BRI,debit
PBK KE TABUNGAN BCA,transfer_internal,BNI,transfer
BYR UANG PANGKAL SEKOLAH 422808,pendidikan,BNI,debit
BYR INDIHOME  TELKOM 085477032871,tagihan,CIMB,debit
TRF 4113976633 BSI,tidak_diketahui,BCA,transfer
VIS RANCH MARKET,belanja,Mandiri,debit
E-BANKING DB GOFOOD,makanan,Permata,debit
DB EDC HYPERMART MLG,belanja,Danamon,debit
TRSF E-BANKING DB UKT SEMESTER GANJIL,pendidikan,BCA,debit
BIAYA BEROBAT RUMAH SAKIT UMUM,kesehatan,CIMB,debit
TRSF E-BANKING DB 7934475334 JOKO WIDODO,transfer_sosial,Mandiri,transfer
TRSF E-BANKING DB TOGA MAS,pendidikan,BNI,debit
PRC SAMSUNG STORE JKT,belanja,BSI,debit
PYMNT ZENIUS EDUCATION,pendidikan,BNI,debit
APY AHASS HONDA,transport,BCA,debit
IPY GRAMEDIA BOOKSTORE,pendidikan,BRI,debit
KIRIM KE ADIK VERA ANGGRAINI 6593222541,transfer_keluarga,Mandiri,transfer
TRSF E-BANKING DB 9225725475 PUTRI MAHARANI,transfer_sosial,Permata,transfer
PATUNGAN  ULANG TAHUN NANDA WIJAYA,transfer_sosial,Danamon,transfer
IURAN ARISAN BULANAN KURNIA SARI,transfer_sosial,BRI,transfer
BAYAR KLINIK RS PONDOK INDAH LPG,kesehatan,BNI,debit
DB FIRSTMEDIA,tagihan,BRI,debit
TRSF E-BANKING DB 0661237620 GILANG RAMADHAN RUTIN,transfer_keluarga,BNI,transfer
QRIS PMT BIMBEL PRIMAGAMA,pendidikan,Mandiri,debit
DEBIT EDC WATERBOM BKS,hiburan,CIMB,debit
TRSF E-BANKING DB ZALORA,belanja,Danamon,debit
QRIS PMT RS SILOAM DPS,kesehatan,BCA,debit
TRSF DEBIT 24014463 826,tidak_diketahui,BRI,transfer
NP AMAZONE BKS,hiburan,BRI,debit
trsf e-banking db tiket.com,transport,Permata,debit
PYMNT GRABHEALTH,kesehatan,CIMB,debit
DB E-TOLL BKS,transport,BRI,debit
DB ASURANSI JIWA,lainnya,Mandiri,debit
DB SHOPEEFOOD ORDER,makanan,BSI,debit
BYR TAGIHAN KARTU KREDIT MANDIRI 085693632436,tagihan,Permata,debit
DB PLN TOKEN LISTRIK,tagihan,BRI,debit
NP SALON BTM,lainnya,BRI,debit
IPY KAI ACCESS,transport,Danamon,debit
PYMNT MAXIM,transport,BCA,debit
TRSF E-BANKING DB PDAM TIRTA ,tagihan,CIMB,debit
QRIS PMT ANYTIME FITNESS DPK 751,hiburan,Permata,debit
PRC SUPERINDO DPS,belanja,BNI,debit
TRSF E-BANKING DB HALODOC,kesehatan,Permata,debit
APY  TAGIHAN BPJS KESEHATAN 728595,tagihan,BCA,debit
TRANSFER 5726286924,tidak_diketahui,Danamon,transfer
qris pmt the body shop mks,belanja,BCA,debit
IPY BIAYA WISUDA,pendidikan,BNI,debit
TOPUP SHOPEEPAY 562719,topup_ewallet,ShopeePay,ewallet
TRF KE QORI AMALIA PATUNGAN WISATA,transfer_sosial,BRI,transfer
DEBIT EDC INUL VIZTA YK,hiburan,BNI,debit
DB ZAKAT INFAQ,lainnya,BSI,debit
DB ORAMI PAYMENT,belanja,Danamon,debit
PEMBAYARAN BLIBLI ORDER,belanja,BRI,debit
PEMBAYARAN TAGIHAN KARTU KREDIT BCA 943387,tagihan,BRI,debit
PATUNGAN ULANG TAHUN MEGA PUSPITA,transfer_sosial,Danamon,transfer
TRF 8007993474 Permata,tidak_diketahui,BCA,transfer
PEMBAYARAN PLN PREPAID 1406490037,tagihan,Mandiri,debit
TRF RUTIN BULANAN LESTARI NINGRUM 1809782656,transfer_keluarga,Permata,transfer
RETAIL MATAHARI DEPT STORE BGR,belanja,BCA,debit
KIRIM UANG ISTRI TIKA RAHMADHANI,transfer_keluarga,BNI,transfer
SWITCHING DB FIRSTMEDIA,tagihan,BSI,debit
TRF UANG JAJAN ANAK JULIANA PUTRI,transfer_keluarga,Permata,transfer
SWITCHING DB BRI 2434419804,tidak_diketahui,Mandiri,transfer
DEBIT EDC UKT SEMESTER GANJIL BKS,pendidikan,BNI,debit
QRIS PMT LABORATORIUM PRODIA SBY,kesehatan,BNI,debit
PYMNT CICILAN ADIRA FINANCE 329286,tagihan,BCA,debit
BIAYA HIDUP KELUARGA JULIANA PUTRI,transfer_keluarga,CIMB,transfer
PYMNT GRABHEALTH,kesehatan,CIMB,debit
DEBIT EDC CINEPOLIS MLG,hiburan,Danamon,debit
IPY GRAMEDIA BOOKSTORE,pendidikan,Danamon,debit
TRSF E-BANKING DB TELKOMSEL SIMPATI,tagihan,Mandiri,debit
DB TIKTOK SHOP BELANJA,belanja,Permata,debit
DB GOFOOD ORDER,makanan,BCA,debit
NP BIOSKOP XXI DPS 048,hiburan,BRI,debit
DEBIT EDC DONASI PMI MKS,lainnya,BNI,debit
DEBIT EDC KURSUS MUSIK YAMAHA SOL,pendidikan,BRI,debit
SWITCHING DB CIMB 2673563601 YANTI PERMATA,transfer_sosial,BNI,transfer
DB EDC APOTEK 24 JAM,kesehatan,BCA,debit
KIRIMAN BULANAN SUAMI MULYADI,transfer_keluarga,Danamon,transfer
QRIS PMT LAUNDRY MLG,lainnya,BRI,debit
DB EDC KLINIK PRATAMA,kesehatan,Danamon,debit
DB EDC BAKSO BOEDJANGAN BKS,makanan,BNI,debit
TRSF E-BANKING DB 8195897360 ZAHRA NURLAILA RUTIN,transfer_keluarga,Danamon,transfer
KIRIMAN BULANAN SUAMI OKI PRATAMA,transfer_keluarga,BNI,transfer
SWITCHING DB INDOSAT IM3,tagihan,BRI,debit
PEMBAYARAN GRABFOOD,makanan,Mandiri,debit
TRSF E-BANKING  DB BARBERSHOP,lainnya,BSI,debit
DB FLAZZ TOPUP,transport,Danamon,debit
SWITCHING DB GARENA TOP UP,hiburan,BNI,debit
QRIS PMT PARKIR BTM,transport,Danamon,debit
PRC HYPERMART JKT,belanja,CIMB,debit
DB EDC YAMAHA SERVICE 668,transport,BNI,debit
DB TAGIHAN GAS PGN,tagihan,BRI,debit
PEMBAYARAN GRAB,makanan,BSI,debit
RESTO PECEL LELE LAMONGAN BDG,makanan,Mandiri,debit
TOP UP OVO VIA Permata,topup_ewallet,OVO,ewallet
BIAYA HIDUP KELUARGA EKO PRASETYO,transfer_keluarga,BNI,transfer
BIAYA BEROBAT KLINIK KIMIA FARMA,kesehatan,BRI,debit
PYMNT GRAB,transport,CIMB,debit
PEMBAYARAN GRABFOOD,makanan,BSI,debit
NP ASURANSI JIWA TNG,lainnya,BRI,debit
PEMBELIAN E-MONEY LinkAja,topup_ewallet,LinkAja,ewallet
TRANSFER 1825318690 252,tidak_diketahui,BRI,transfer
OVERBOOKING BRI INTERNAL,transfer_internal,BRI,transfer
DEBIT EDC RUMAH MAKAN PADANG LPG,makanan,BCA,debit
QRIS PMT KURSUS LIA LANGUAGE,pendidikan,Mandiri,debit
TRSF E-BANKING DB SPP SEKOLAH DASAR,pendidikan,Danamon,debit
TRSF E-BANKING DB BIMBEL PRIMAGAMA,pendidikan,Danamon,debit
DEBIT EDC TRANSJAKARTA BDG,transport,BRI,debit
DB FLAZZ TOPUP,transport,BSI,debit
SWITCHING DB BCA 8169056236 M,transfer_keluarga,BCA,transfer
SWITCHING DB BRI 5963987989 VERA ANGGRAINI,transfer_sosial,Danamon,transfer
KIRIMAN BULANAN SUAMI GUNAWAN WIBOWO,transfer_keluarga,Permata,transfer
FOOD WARTEG BAHARI BDG,makanan,Danamon,debit
APY CBN FIBER 9504141835,tagihan,BCA,debit
INFAQ JUMAT 851006,transfer_sosial,BNI,transfer
PEMBAYARAN IURAN IPL APARTEMEN 065693804236,tagihan,Permata,debit
PYMNT TAGIHAN BPJS KESEHATAN 851425,tagihan,BNI,debit
IPY BUKALAPAK,belanja,Mandiri,debit
TRF UANG JAJAN ANAK  YUSUF RAHMAN,transfer_keluarga,Mandiri,transfer
QRIS PMT KLINIK PRATAMA MLG,kesehatan,BRI,debit
TRSF NAFKAH TIKA RAHMADHANI BULANAN,transfer_keluarga,BNI,transfer
NP SALON LPG,lainnya,BRI,debit
DB EDC DUFAN,hiburan,BCA,debit
SWITCHING DB TOL DPK,transport,BRI,debit
TRSF E-BANKING DB IURAN BPJS,tagihan,CIMB,debit
food mie ayam jakarta mlg,makanan,CIMB,debit
QRIS PMT RS ADVENT MDN,kesehatan,Mandiri,debit
BIAYA BEROBAT RS MEDISTRA,kesehatan,BNI,debit
QRIS PMT UKT SEMESTER GENAP,pendidikan,Mandiri,debit
PYMNT GRAB,transport,BRI,debit
TRSF E-BANKING DB TOKOPEDIA,belanja,BCA,debit
SWITCHING DB TAGIHAN BPJS KESEHATAN,tagihan,BSI,debit
TRSF DB KIRIMAN KELUARGA CITRA DEWI,transfer_keluarga,Danamon,transfer
TRF RUTIN BULANAN IRA YUNITA 7450033124,transfer_keluarga,BRI,transfer
SWITCHING DB TOL DPK,transport,BSI,debit
DEBIT EDCEXPRESS TAXI PLB,transport,Danamon,debit
BYR 3 INDONESIA 873986,tagihan,Danamon,debit
TRSF E-BANKING DB SPP SMP,pendidikan,BCA,debit
PEMBAYARAN RAWAT APOTEK VIVA GENERIK,kesehatan,Mandiri,debit
PRC GIANT HYPERMARKET DPK,belanja,BCA,debit
IPY BIMBELNEUTRON,pendidikan,Permata,debit
EDC LAUNDRY PBR,lainnya,Mandiri,debit
IPY ZENIUS EDUCATION,pendidikan,BRI,debit
BAYAR TAGIHAN TAGIHAN LISTRIK PLN,tagihan,BNI,debit
TRSF DB SUMBANGAN PANDU ADITYA,transfer_sosial,Mandiri,transfer
TRSF E-BANKING DB GRABFOOD,makanan,Mandiri,debit
IPY ORAMI,belanja,BSI,debit
TRF UANG JAJAN ANAK VERA ANGGRAINI,transfer_keluarga,Danamon,transfer
PYMNT DISNEY+ HOTSTAR,hiburan,CIMB,debit
VIS GULU GULU MLG,makanan,Mandiri,debit
SWITCHING DB TELKOMSEL HALO,tagihan,Mandiri,debit
TRANSFER 4863954085,tidak_diketahui,BNI,transfer
SUMBANGAN MASJID MULYADI,transfer_sosial,BNI,transfer
QRIS PMT LES PRIVAT,pendidikan,BRI,debit
PEMBAYARAN TELKOMSEL KARTU AS 1033638424,tagihan,BNI,debit
DB EDC  KOPITIAM MKS,makanan,BRI,debit
TRSF E-BANKING DB COURSERA,pendidikan,BSI,debit
DEBIT EDC CINEPOLIS DPK 128,hiburan,CIMB,debit
QRIS PMT ZARA MKS,belanja,BSI,debit
DB EDC PEPPER LUNCH MDN,makanan,BRI,debit
TRSF E-BANKING DB XL AXIATA,tagihan,Mandiri,debit
DEBIT EDC CINEPOLIS DPK,hiburan,BSI,debit
DB IURAN IPL APARTEMEN,tagihan,BSI,debit
PBK KE TABUNGAN Danamon,transfer_internal,DANA,ewallet
QRIS PMT DONASI PMI SOL,lainnya,BCA,debit
DEBIT EDC OPTIK SEIS BGR,kesehatan,Permata,debit
APY BIZNET HOME 08519020,tagihan,BCA,debit
NP CELEBRITY FITNESS BDG,hiburan,BRI,debit
TRSF E-BANKING DB 8162765408 ENDAH PURWANTI,transfer_sosial,Permata,transfer
NP BAKSO BOEDJANGAN MLG,makanan,BRI,debit
TRSF E-BANKING DB 1953649325,tidak_diketahui,BSI,transfer
DB DISNEY+  HOTSTAR,hiburan,BCA,debit
RETAIL METRO DEPT STORE TNG,belanja,Mandiri,debit
FOOD BAKSO  MALANG BDG,makanan,CIMB,debit
NP OPTIK MELAWAI BKS,kesehatan,BRI,debit
PEMBAYARAN RAWAT RS MEDISTRA,kesehatan,BNI,debit
PBK REK 6046030145 KE REK 0952770320,transfer_internal,BCA,transfer
BYR CICILAN FIF MOTOR 526950,tagihan,Mandiri,debit
TRSF E-BANKING DB TRAVELOKA,transport,Mandiri,debit
NP RANCH MARKET MLG,belanja,BRI,debit
PYMNT TRAVELOKA EATS,makanan,BRI,debit
APY VIVO SPBU,transport,BCA,debit
TRSF NAFKAH MEGA PUSPITA BULANAN,transfer_keluarga,CIMB,transfer
FOOD PHD SMG,makanan,BRI,debit
SWITCHING DB TOPUP OVO,topup_ewallet,OVO,ewallet
DB AYAM GEPREK BENSU SOL,makanan,Mandiri,debit
QRIS PMT SPP UNIVERSITAS,pendidikan,Permata,debit
NP TOMORO COFFEE SBY,makanan,BRI,debit
DB EDC RS HERMINA,kesehatan,Permata,debit
TRSF E-BANKING DB GOPAY 840521,topup_ewallet,GoPay,ewallet
TRSF E-BANKINGDB GOJEK,transport,BRI,debit
SA IB PRIMA Dr Trf GOPAY,topup_ewallet,GoPay,ewallet
IPY BLIBLI,belanja,CIMB,debit
SA IB PRIMA Dr Trf REK SENDIRI,transfer_internal,BCA,transfer
IPY TIKET.COM,transport,BRI,debit
DB BUKALAPAK PAYMENT 627,belanja,BNI,debit
PEMBAYARAN ORAMI ORDER,belanja,CIMB,debit
DB TRAVELOKA RIDE,transport,Mandiri,debit
PEMBAYARAN SHOPEEFOOD,makanan,BNI,debit
PYMNT PLN TOKEN LISTRIK 761331,tagihan,BNI,debit
OVERBOOKING BCAINTERNAL,transfer_internal,Mandiri,transfer
BYR SEDEKAH 711902,lainnya,BCA,debit
DEBIT EDC AQIQAH PBR,lainnya,Mandiri,debit
APY ASTRA OTOPARTS,transport,BCA,debit
APY PDAM TIRTA BHAGASASI 1653250724,tagihan,BCA,debit
SWITCHING DB TOPUP OVO,topup_ewallet,OVO,ewallet
KONDANGAN PERNIKAHAN CITRA DEWI,transfer_sosial,CIMB,transfer
TRSF E-BANKING DB MAXIM,transport,BSI,debit
TRF ORANG TUA GUNAWAN WIBOW,transfer_keluarga,BRI,transfer
DB GRABFOOD FOOD,makanan,Permata,debit
NP RS PREMIER JATINEGARA PBR,kesehatan,BRI,debit
TRSF E-BANKING DB 98209,tidak_diketahui,Mandiri,transfer
DB EDC NIKE STORE PLB,belanja,Danamon,debit
MAKAN ES TEH INDONESIA MDN,makanan,BSI,debit
DB EDC RS HERMINA,kesehatan,BSI,debit
SWITCHING DB APPLE MUSIC,hiburan,Permata,debit
DEBIT EDC KRL COMMUTERLINE MKS,transport,BCA,debit
QRIS PMT OPTIK MELAWAI DPS,kesehatan,Permata,debit
DEBIT EDC FOTOKOPI PRINT DPS,lainnya,BCA,debit
TRSF E-BANKING  DB GRAB,transport,BRI,debit
SA IBPRIMA Dr Trf REK SENDIRI,transfer_internal,Permata,transfer
BYR TAGIHAN 3 INDONESIA,tagihan,Mandiri,debit
PEMBELIAN E-MONEY LinkAja,topup_ewallet,LinkAja,ewallet
DEBIT EDC SALON BTM,lainnya,BSI,debit
SA IB PRIMA Dr Trf GOPAY,topup_ewallet,GoPay,ewallet
DB E-TOLL BGR,transport,CIMB,debit
TRSF E-BANKING DB 0825949597 KIRIMAN KURNIA SARI,transfer_keluarga,Mandiri,transfer
DONASI SOSIAL SARI INDAH,transfer_sosial,Danamon,transfer
SWITCHING DB NETFLIX.COM,hiburan,Mandiri,debit
IPY BIAYA UJIAN NASIONAL,pendidikan,CIMB,debit
TRSF E-BANKING DB REK SENDIRI 7747882363,transfer_internal,BNI,transfer
DB TIKET.COM TIKET,transport,Danamon,debit
TRF KE DANA 831480,topup_ewallet,DANA,ewallet
KONDANGAN PERNIKAHAN OKI PRATAMA,transfer_sosial,BCA,transfer
IPY GOFOOD,makanan,BSI,debit
TRSF E-BANKING DB KURSUS MUSIK YAMAHA,pendidikan,BNI,debit
TRANSFER 7760140185,tidak_diketahui,CIMB,transfer
DB E-TOLL SOL,transport,Permata,debit
BIAYA BEROBAT RS MITRA KELUARGA,kesehatan,BRI,debit
IPY CICILAN KPR BTN 8460,tagihan,Danamon,debit
DB IURAN BULANAN RT,tagihan,Danamon,debit
QRIS PMT RS HERMINA BPN,kesehatan,Permata,debit
QRIS PMT BIAYA WISUDA,pendidikan,BNI,debit
KIRIMAN AYAH RATNA SARI,transfer_keluarga,BNI,transfer
BAYAR TAGIHAN PDAM TIRTA JAYA,tagihan,Mandiri,debit
TRF 694291 BNI,tidak_diketahui,Danamon,transfer
BELANJA IBOX APPLE PBR,belanja,Mandiri,debit
DB GRABFOOD ORDER,makanan,BSI,debit
SWITCHING DB TOPUP OVO,topup_ewallet,OVO,ewallet
BELANJA URBAN REPUBLIC JKT,belanja,Permata,debit
BAYAR TAGIHAN BPJS KETENAGAKERJAAN,tagihan,CIMB,debit
DB SHOPEEFOOD FOOD,makanan,CIMB,debit
IPY UDEMY LEARNING,pendidikan,BSI,debit
IPY SPP SEKOLAH DASAR,pendidikan,Mandiri,debit
NP BIOSKOP XXI BKS,hiburan,BRI,debit
TRANSFER KAS RT UTAMI DEWI,transfer_sosial,Permata,transfer
QRIS PMT CELEBRITY FITNESS BDG,hiburan,Permata,debit
NP LAUNDRY DPK,lainnya,BRI,debit
BYR SEDEKAH 4183020750,lainnya,Danamon,debit
TRSF E-BANKING DB GRAMEDIA BOOKSTORE,pendidikan,Danamon,debit
DB NETFLIX.COM,hiburan,Danamon,debit
SWITCHING DB INDOSAT IM3,tagihan,BCA,debit
BYR BIAYA UJIAN NASIONAL 675503067089,pendidikan,Permata,debit
IPY GRAB,transport,CIMB,debit
DB SHOPEE PAYMENT,belanja,BCA,debit
db netflix.com,hiburan,Mandiri,debit
BYR TAGIHAN BIZNET HOME,tagihan,BRI,debit
TOKOPEDIA BELANJA,belanja,BCA,debit
PYMNT COURSERA,pendidikan,BCA,debit
SWITCHING DB TOPUP OVO,topup_ewallet,OVO,ewallet
PYMNT PDAM TIRTA JAYA 393727778200,tagihan,BCA,debit
QRIS PMT ASURANSI JIWA PBR,lainnya,BCA,debit
BAYAR KLINIK APOTEK WATSONS BKS,kesehatan,Mandiri,debit
TRSF E-BANKING DB 4617196091 RATNA SARI,transfer_sosial,BCA,transfer
DB ZALORA PAYMENT,belanja,BCA,debit
KIRIM NAFKAH ANISA RAHMA,transfer_keluarga,BCA,transfer
IPY HALODOC,kesehatan,CIMB,debit
TRANSFER ANTAR REK BRI,transfer_internal,Permata,transfer
VIS BEBEK GORENG HARISSA YK,makanan,Mandiri,debit
DB TRF 0866947768,tidak_diketahui,BNI,transfer
PYMNT SHOPEEFOOD,makanan,Mandiri,debit
IURAN ARISAN BULANAN UMI KALSUM,transfer_sosial,Permata,transfer
BAYAR KLINIK KLINIK ESTETIKA CRB,kesehatan,BNI,debit
QRIS PMT GRAMEDIA BOOKSTORE,pendidikan,CIMB,debit
IURAN ARISAN BULANAN INDRA KUSUMA,transfer_sosial,BNI,transfer
NP ANYTIME FITNESS BTM,hiburan,BRI,debit
BYR CUCI MOBIL 612916497698,lainnya,Mandiri,debit
SA IB PRIMA Dr Trf REK SENDIRI,transfer_internal,BCA,transfer
IPY SHOPEE,belanja,Danamon,debit
DONASI OKI PRATAMA 101809,transfer_sosial,BRI,transfer
NP LAWSON BPN,belanja,BRI,debit
IPY CICILAN ADIRA FINANCE 79558320,tagihan,BNI,debit
IPY GOFOOD,makanan,BSI,debit
QRIS PMT TRANS STUDIO BANDUNG MLG,hiburan,Permata,debit
GARENA TOP UP,hiburan,BRI,debit
PEMBAYARAN CICILAN KENDARAAN 385229,tagihan,BCA,debit
DB TAGIHAN KARTU KREDIT BCA,tagihan,BCA,debit
PYMNT GOFOOD,makanan,Mandiri,debit
DONASI NURI RAHA,transfer_sosial,BRI,transfer
VIS SUPERINDO,belanja,Mandiri,debit
SWITCHING DB TOL YK,transport,CIMB,debit
BYR TAGIHAN IURAN IPL,tagihan,Mandiri,debit
DB EDC PECEL LELE LAMONGAN SMG,makanan,Mandiri,debit
DB GOOGLE PLAY GAMES,hiburan,BRI,debit
BELANJA DAISO PBR,belanja,Permata,debit
TRSF E-BANKING DB GRABHEALTH,kesehatan,BRI,debit
BYR  UKT SEMESTER GENAP 4669583334,pendidikan,CIMB,debit
APY TRANSJAKARTA,transport,BCA,debit
AUTODEBET XL PRABAYAR,tagihan,CIMB,debit
DEBIT EDC YOSHINOYA BGR,makanan,BSI,debit
QRIS PMT OPTIK MELAWAI YK,kesehatan,BSI,debit
TRSF E-BANKING DB BLIBLI,belanja,Permata,debit
DB SHOPEEFOOD ORDER,makanan,BCA,debit
PEMBAYARAN CICILAN FIF MOTOR 3038176015,tagihan,BCA,debit
NP ADIDAS STORE ,belanja,BRI,debit
DB DUOLINGO PLUS,pendidikan,CIMB,debit
RESTO CHATIME LPG,makanan,Mandiri,debit
BYR KURSUS BAHASA EF ENGLISH 700776012627,pendidikan,Danamon,debit
IPY KURSUS BAHASA EF ENGLISH,pendidikan,BRI,debit
PYMNT TELKOMSEL SIMPATI 99825570,tagihan,Danamon,debit
DB TRAVELOKA EATS ORDER,makanan,BSI,debit
DEBIT EDC APOTEK GUARDIAN PBR,kesehatan,BCA,debit
TRANSFER ANAK KOS ANISA RAHMA,transfer_keluarga,BCA,transfer
TRF ARISAN YANTI PERMATA 995752,transfer_sosial,CIMB,transfer
NP TRANS STUDIO BANDUNG TNG,hiburan,BRI,debit
SUMBANGAN MASJID ARIF HIDAYATULLAH,transfer_sosial,BCA,transfer
BAYAR TAGIHAN CICILAN KPR BRI,tagihan,BCA,debit
PYMNT DISNEY+ HOTSTAR,hiburan,CIMB,debit
TRSF E-BANKING DB 3615365291 KIRIMAN DEWI LESTARI,transfer_keluarga,Danamon,transfer
KIRIM NAFKAH PANDU ADITYA,transfer_keluarga,BRI,transfer
PATUNGAN KADO QORI AMALIA,transfer_sosial,BSI,transfer
PYMNT DOKTERKU,kesehatan,Mandiri,debit
DB TRF 6426885604,tidak_diketahui,BNI,transfer
NP BP SPBU SOL,transport,BRI,debit
SWITCHING DB Permata 2997726488 HADI SUSANTO 493,transfer_sosial,BNI,transfer
BYR ZAKAT INFAQ 8732964962,lainnya,Mandiri,debit
BYR LES PRIVAT 59944014,pendidikan,Danamon,debit
DEBIT EDC HYPERMART BPN,belanja,BSI,debit
PEMBAYARAN GOFOOD,makanan,Danamon,debit
TRANSFER ANTAR REK BNI,transfer_internal,BSI,transfer
DB TELKOMSEL HALO,tagihan,BCA,debit
PEMBAYARAN RAWAT APOTEK 24 JAM,kesehatan,Danamon,debit
DB NETFLIX.COM,hiburan,CIMB,debit
DB EDC RS MITRA KELUARGA,kesehatan,BCA,debit
PEMBAYARAN RAWAT APOTEK 24 JAM,kesehatan,BRI,debit
NP SHELL SPBU JKT,transport,BRI,debit
DB PARKIR,lainnya,BCA,debit
TRSF DB SUMBANGAN CAHYA PRATAMA,transfer_sosial,Danamon,transfer
db vidio premier,hiburan,Permata,debit
KIRIMAN AYAH LINA MARLINA,transfer_keluarga,Danamon,transfer
BIAYA BEROBAT RS PREMIER JATINEGARA,kesehatan,Mandiri,debit
PEMBAYARAN RAWAT,kesehatan,BCA,debit
TRSF E-BANKING DB GOPAY 061112 537,topup_ewallet,GoPay,ewallet
DONASI YANTI PERMATA 988835,transfer_sosial,BNI,transfer
BIAYA BEROBAT KLIN,kesehatan,BRI,debit
DB DOKTERKU,kesehatan,Mandiri,debit
RETAIL HYPERMART SMG,belanja,Danamon,debit
TRSF E-BANKING DB GRABFOOD,makanan,Danamon,debit
DEBIT EDC SEDEKAH DPK,lainnya,Danamon,debit
TRSF E-BANKING DB 5823926687 YANTI PERMATA,transfer_sosial,CIMB,transfer
DEBIT EDC LABORATORIUM PRAMIT,kesehatan,BCA,debit
PYMNT COURSERA,pendidikan,BSI,debit
QRIS PMT PARKIR ,lainnya,Danamon,debit
TRF ARISAN RATNA SARI 038816,transfer_sosial,Mandiri,transfer
KIRIM KONDANGAN MEGA PUSPITA,transfer_sosial,Mandiri,transfer
MAKAN DOMINO'S PIZZA LPG,makanan,BNI,debit
PYMNT GRAB,transport,Mandiri,debit
trsf e-banking db 4327200163,tidak_diketahui,BNI,transfer
TRF BULANAN KE ANISA RAHMA,transfer_keluarga,BSI,transfer
3 INDONESIA 0555668462,tagihan,Mandiri,debit
QRIS PMT BIMBEL NEUTRON,pendidikan,Mandiri,debit
db flazz topup,transport,BCA,debit
PATUNGAN KADO KARTINISARI,transfer_sosial,Danamon,transfer
TRANSFER KAS RT GUNAWAN WIBOWO,transfer_sosial,BRI,transfer
DB LAZADA PAYMENT,belanja,BNI,debit
BIAYA BEROBAT KLINIK ESTETIKA,kesehatan,BNI,debit
IURAN ARISAN BULANAN BUDI SANTOSO,transfer_sosial,BRI,transfer
DB SHOPEE BELANJA,belanja,BSI,debit
IPY NETFLIX.COM,hiburan,BCA,debit
DEBIT EDC BIOSKOP XXI JKT,hiburan,CIMB,debit
TRANSFER IURAN ARISAN ANISA RAHMA,transfer_sosial,CIMB,transfer
SA IB PRIMA Dr Trf REK SENDIRI,transfer_internal,BCA,transfer
OVERBOOKING Permata INTERNAL,transfer_internal,Danamon,transfer
DEBIT EDC APOTEK CENTURY SMG,kesehatan,CIMB,debit
PATUNGAN ULANG TAHUN KARTINI SARI,transfer_sosial,BNI,transfer
TRSF E-BANKING DB 8847955550 WAHYU HIDAYAT RUTIN,transfer_keluarga,BCA,transfer
KIRIMAN IBU TIKA RAHMADHANI 6022681938,transfer_keluarga,Danamon,transfer
BYR TAGIHAN FIRSTMEDIA,tagihan,BSI,debit
APY TAGIHAN LISTRIK PLN 513761905971,tagihan,BCA,debit
DB EDC AMAZONE,hiburan,BSI,debit
byr tagihan iuran bulanan rt,tagihan,Mandiri,debit
BYR VIA M-BANKING  INDIHOME TELKOM,tagihan,Permata,debit
TRF 021397 CIMB,tidak_diketahui,BNI,transfer
DB CBN FIBER,tagihan,Mandiri,debit
BIAYA BEROBAT RS ADVENT,kesehatan,Mandiri,debit
IPY SPOTIFY PREMIUM,hiburan,Permata,debit
TRANSFER ANAK KOS GUNAWAN WIBOWO,transfer_keluarga,Permata,transfer
DB KAI ACCESS TIKET,transport,Danamon,debit
BYR SEDEKAH 31997577,lainnya,CIMB,debit
DB CICILAN FIF MOTOR,tagihan,BNI,debit
DB EDC HAPPY PUPPY KTV,hiburan,BRI,debit
NP GOLD GYM BTM,hiburan,BRI,debit
TRANSFER KE GOPAY 218042947431,topup_ewallet,GoPay,ewallet
DB DUOLINGO PLUS,pendidikan,BRI,debit
TRANSFER BELANJA KELUARGA TONO HARTONO,transfer_keluarga,BNI,transfer
TRSF E-BANKING DB SHOPEEFOOD,makanan,Permata,debit
PYMNT PLN PASCABAYAR 3113850974,tagihan,BSI,debit
PYMNT TRAVELOKA,transport,Mandiri,debit
DEBIT EDC CELEBRITY FITNESS TNG,hiburan,Permata,debit
TRSF DEBIT 46634824,tidak_diketahui,BNI,transfer
TRSF E-BANKING DB 6695596135 JULIANA PUTRI RUTIN,transfer_keluarga,BSI,transfer
DB SHOPEEFOOD FOOD,makanan,BCA,debit
IPY BIMBEL GANESHA OPERATION,pendidikan,BSI,debit
QRIS PMT PARKIR BDG,transport,Mandiri,debit
QRIS PMT BIMBEL NEUTRON,pendidikan,BRI,debit
IPY  SHOPEEFOOD,makanan,BNI,debit
DB MAXIM RIDE,transport,Permata,debit
BIAYA BEROBAT APOTEK CENTURY,kesehatan,Mandiri,debit
BAYAR TAGIHAN TAGIHAN KARTU KREDIT MANDIRI,tagihan,BCA,debit
TRF KE TIKA RAHMADHANI PATUNGAN WISATA,transfer_sosial,Permata,transfer
KIRIM UANG ISTRI PUTRI MAHARANI,transfer_keluarga,BCA,transfer
DEBIT EDC BIOSKOP CGV  PBR,hiburan,CIMB,debit
DB IURAN BPJS,tagihan,Permata,debit
SA IB PRIMA Dr Trf 543500,tidak_diketahui,BCA,transfer
AUTODEBET PDAM TIRTA JAYA,tagihan,BRI,debit
DB EDC TRANSJAKARTA,transport,BRI,debit
SA IB PRIMA Dr Trf 7205511243,tidak_diketahui,BCA,transfer
DEBIT EDC APOTEK K24 PBR,kesehatan,Mandiri,debit
DB BLIBLI BELANJA,belanja,BNI,debit
BYR DONASI PMI 910214,lainnya,BRI,debit
BYR PLN PREPAID 5491240246,tagihan,Mandiri,debit
TRF ORANG TUA CAHYA PRATAMA  6627157649,transfer_keluarga,BSI,transfer
SA IB PRIMA Dr Trf 4496975631,tidak_diketahui,BCA,transfer
QRIS PMT KOPITIAM PBR,makanan,BSI,debit
PYMNT TAGIHAN KARTU KREDIT MANDIRI 860772,tagihan,Mandiri,debit
NP SOCIOLLA DPS,belanja,BRI,debit
QRIS PMT FISIOTERAPI KLINIK SOL,kesehatan,BNI,debit
SWITCHING DB CIMB 7467184140,tidak_diketahui,CIMB,transfer
QRIS PMT KURSUS LIA LANGUAGE,pendidikan,Permata,debit
TRSF E-BANKING DB PARKIR,lainnya,Permata,debit
DONASI ENDAH PURWANTI 688413,transfer_sosial,BCA,transfer
IPY GRABFOOD,makanan,BSI,debit
TRF PATUNGAN MEGA PUSPITA,transfer_sosial,BRI,transfer
TRF UANG JAJAN ANAK QORI AMALIA,transfer_keluarga,Danamon,transfer
PYMNT NETFLIX.COM 365,hiburan,BNI,debit
TRSF E-BANKING DB XL PRABAYAR,tagihan,Danamon,debit
RETAIL THE BODY SHOP BPN,belanja,BCA,debit
TRF RUTIN BULANAN ARIF HIDAYATULLAH 3639364329,transfer_keluarga,BNI,transfer
SWITCHING DB CIMB 0759736979 NURI RAHAYU,transfer_sosial,Permata,transfer
TRSF E-BANKING DB LAZADA,belanja,BRI,debit
DEBIT EDC KAFE KITA YK,makanan,BCA,debit
IPY GRABHEALTH,kesehatan,Danamon,debit
PRC MATAHARI DEPT STORE PBR,belanja,BNI,debit
KIRIMAN BULANAN SUAMI ZAHRA NURLAILA,transfer_keluarga,BSI,transfer
PEMBAYARAN GOFOOD,makanan,CIMB,debit
DB GRABFOOD FOOD,makanan,Danamon,debit
TRF BULANAN KE DINA FITRIANI,transfer_keluarga,Mandiri,transfer
TRSF E-BANKING DB BIAYA UJIAN NASIONAL,pendidikan,Mandiri,debit
TRSF E-BANKING DB 6036308653 KURNIA SARI RUTIN,transfer_keluarga,Permata,transfer
DEBIT EDC  BP SPBU CRB,transport,BCA,debit
PYMNT TRAVELOKA,transport,BCA,debit
DB MARUGAME UDON PLB,makanan,BSI,debit
DB EDC LRT JABODEBEK,transport,Mandiri,debit
DB E-TOLL YK,transport,Danamon,debit
BAYAR KLINIK OPTIK SEIS MKS,kesehatan,Mandiri,debit
BYR SEDEKAH 5865411230,lainnya,Danamon,debit
NP RS MEDISTRA MDN,kesehatan,BRI,debit
SWITCHING DB Permata 7393972879 QORI AMALIA,transfer_keluarga,Mandiri,transfer
SWITCHING DB TOL PLB,transport,CIMB,debit
RETAIL INDOMARET MKS,belanja,Permata,debit
TRSF E-BANKING DB BIAYA UJIAN NASIONAL,pendidikan,CIMB,debit
VIS RICHEESE FACTORY SMG,makanan,Mandiri,debit
donasi sosial mulyadi,transfer_sosial,BRI,transfer
QRIS PMT BARBERSHOP YK,lainnya,Mandiri,debit
DEBIT EDC WATERBOM SMG,hiburan,Mandiri,debit
DEBIT EDC APOTEK WATSONS BKS,kesehatan,CIMB,debit
TRF UANG JAJAN ANAK PANDU ADITYA,transfer_keluarga,Permata,transfer
PEMBAYARAN TAGIHAN GAS PGN 18356653,tagihan,BCA,debit
DEBIT EDC LABORATORIUM PRODIA MLG,kesehatan,Permata,debit
DB KAI ACCESS TIKET,transport,BCA,debit
DB SMARTFREN,tagihan,BCA,debit
QRIS PMT SPP UNIVERSITAS,pendidikan,CIMB,debit
QRIS PMTCINEPOLIS BPN,hiburan,BCA,debit
PEMBAYARAN  ORAMI ORDER,belanja,CIMB,debit
PYMNT PLN TOKEN LISTRIK 02925703,tagihan,BSI,debit
TRSF E-BANKING DB SHOPEEFOOD,makanan,Mandiri,debit
IPY BIAYA UJIAN NASIONAL,pendidikan,Mandiri,debit
DB GOFOOD ORDER,makanan,Danamon,debit
DEBIT EDC GUARDIAN BKS,belanja,BRI,debit
DEBIT EDC WATERBOM BTM,hiburan,BRI,debit
DONASI SOSIAL FITRI HANDAYANI,transfer_sosial,Danamon,transfer
SA OB CA TABUNGAN KE DEPOSITO,transfer_internal,Mandiri,transfer
DB GOJEK TIKET,transport,Danamon,debit
SWITCHING DB CICILAN FIF MOTOR,tagihan,BCA,debit
AUTODEBET IURAN BPJS,tagihan,BCA,debit
QRIS PMT NIKE S,belanja,BCA,debit
RESTO NASI UDUK BETAWI BKS,makanan,CIMB,debit
DB EDC ACE HARDWARE BDG,belanja,Danamon,debit
QRIS PMT GUARDIAN PBR,belanja,Permata,debit
PEMBAYARAN SHOPEEFOOD,makanan,BSI,debit
VIS ACE HARDWARE,belanja,Mandiri,debit
TRANSFER KAS RT WATI SUSANTI,transfer_sosial,Danamon,transfer
DB INDIHOME TELKOM,tagihan,CIMB,debit
TRSF E-BANKING DB GOPAY 19005187,topup_ewallet,GoPay,ewallet
RESTO CHATIME MLG,makanan,Danamon,debit
IPY DOKTERKU,kesehatan,Danamon,debit
BIAYA BEROBAT APOTEK KIMIA FARMA,kesehatan,CIMB,debit
PEMBAYARAN CICILAN KPR BRI 639025,tagihan,BNI,debit
DEBIT EDC GOLD GYM DPS,hiburan,BCA,debit
QRIS PMTKRL COMMUTERLINE SMG,transport,Mandiri,debit
TRSF E-BANKING DB STEAM PURCHASE,hiburan,Danamon,debit
DB SUNATAN,lainnya,BRI,debit
BAYAR TAGIHAN INDOSAT OOREDOO,tagihan,BRI,debit
BYR VIA M-BANKING PGN GAS RUMAH,tagihan,BNI,debit
PYMNT GOFOOD,makanan,Permata,debit
TRSF E-BANKING DB YOUTUBE PREMIUM,hiburan,BRI,debit
DB TRAVELOKA TIKET,transport,Danamon,debit
PYMNT TELKOMSEL KARTU AS 457197,tagihan,BRI,debit
DB ORAMI BELANJA,belanja,Permata,debit
retail alfamart sby,belanja,BRI,debit
pymnt maxim,transport,Danamon,debit
DB EDC PHD PLB,makanan,BCA,debit
BYR TELKOMSEL KARTU AS 534633813741,tagihan,Permata,debit
TRANSFER KE PANDU ADITYA NAFKAH BULANAN,transfer_keluarga,BNI,transfer
BYR BIAYA UJIAN NASIONAL 180851,pendidikan,BNI,debit
DEBIT EDC LABORATORIUM PRODIA TNG,kesehatan,Danamon,debit
TRSF E-BANKING DB LAUNDRY,lainnya,BCA,debit
TRSF E-BANKING DB TIKET.COM,transport,CIMB,debit
TRSF E-BANKING DB 0628954645 KIRIMAN HADI SUSANTO,transfer_keluarga,Permata,transfer
TRSF E-BANKING DB 6263081795 SARI INDAH,transfer_sosial,Permata,transfer
DEBIT EDCRAMAYANA MLG,belanja,Mandiri,debit
PATUNGAN ULANG TAHUN OKI PRATAMA,transfer_sosial,BSI,transfer
DB EDC UNIQLO SMG,belanja,Permata,debit
RESTO PHD TNG,makanan,Mandiri,debit
DEBIT EDC NAV KARAOKE TNG,hiburan,BSI,debit
QRIS PMT WARUNG NASI GORENG LPG,makanan,BRI,debit
PLN TOKEN LISTRIK,tagihan,Permata,debit
BYR VIA M-BANKING PDAM TIRTA JAYA,tagihan,BSI,debit
DEBIT EDC RS HERMINA SOL,kesehatan,CIMB,debit
PBK GIRO KE TABUNGAN 6876019939 649,transfer_internal,Mandiri,transfer
INFAQ JUMAT 828758,transfer_sosial,BRI,transfer
ipy periplus bookstore,pendidikan,Permata,debit
TRF IURAN MUSHOLA KURNIA SARI,transfer_sosial,CIMB,transfer
PEMBAYARAN GRABFOOD,makanan,CIMB,debit
SA IB PRIMA Dr Trf REK SENDIRI,transfer_internal,BCA,transfer
TRSF E-BANKING DB 2863275496 ZAHRA NURLAILA,transfer_sosial,CIMB,transfer
TRSF E-BANKING DB INDOSAT OOREDOO,tagihan,BNI,debit
DB EDC APOTEK KIMIA FARMA,kesehatan,CIMB,debit
TRANSFER ANAK KOS RATNA SARI,transfer_keluarga,BNI,transfer
TRSF NAFKAH SARI I,transfer_keluarga,Danamon,transfer
TRF IURAN MUSHOLA TONO HARTONO,transfer_sosial,CIMB,transfer
IPY GOJEK,transport,Mandiri,debit
